     0,0.000012,0.007683,0.0
     2,0.000034,0.012161,0.0
     4,0.000063,0.014733,0.0
     6,0.000095,0.016171,0.0
     8,0.000128,0.016948,0.0
    10,0.000163,0.017329,0.0
    12,0.000197,0.017476,0.0
    14,0.000232,0.017483,0.0
    16,0.000267,0.017409,0.0
    18,0.000302,0.017287,0.0
    20,0.000336,0.017137,0.0
    22,0.000370,0.016970,0.0
    24,0.000404,0.016795,0.0
    26,0.000437,0.016614,0.0
    28,0.000470,0.016432,0.0
    30,0.000503,0.016248,0.0
    32,0.000535,0.016065,0.0
    34,0.000567,0.015882,0.0
    36,0.000598,0.015700,0.0
    38,0.000630,0.015519,0.0
    40,0.000660,0.015339,0.0
    42,0.000777,0.069241,0.0
    44,0.000951,0.090502,0.0
    46,0.001139,0.094315,0.0
    48,0.001321,0.089535,0.0
    50,0.001488,0.081113,0.0
    52,0.001636,0.071726,0.0
    54,0.001766,0.062682,0.0
    56,0.001879,0.054587,0.0
    58,0.001979,0.048622,0.0
    60,0.002068,0.043180,0.0
    62,0.002147,0.038441,0.0
    64,0.002218,0.034446,0.0
    66,0.002282,0.031148,0.0
    68,0.002340,0.028458,0.0
    70,0.002394,0.026284,0.0
    72,0.002444,0.024534,0.0
    74,0.002490,0.023129,0.0
    76,0.002535,0.022001,0.0
    78,0.002578,0.021089,0.6
    80,0.003005,0.266992,0.6
    82,0.003763,0.409919,0.6
    84,0.004711,0.491350,0.6
    86,0.005764,0.535983,0.6
    88,0.006872,0.558553,0.6
    90,0.007920,0.514471,0.6
    92,0.008913,0.491488,0.6
    94,0.009879,0.480970,0.6
    96,0.010834,0.476763,0.6
    98,0.011785,0.475452,0.6
   100,0.012735,0.475148,0.6
   102,0.013685,0.474956,0.6
   104,0.014635,0.474469,0.6
   106,0.015582,0.473563,0.6
   108,0.016528,0.472273,0.6
   110,0.017446,0.455681,0.6
   112,0.018345,0.447578,0.6
   114,0.019234,0.443963,0.6
   116,0.020120,0.443058,0.6
   118,0.021007,0.443581,0.6
   120,0.021896,0.444901,0.6
   122,0.022789,0.446706,0.6
   124,0.023685,0.448862,0.6
   126,0.024587,0.451336,0.6
   128,0.025493,0.454144,0.6
   130,0.026406,0.457323,0.6
   132,0.027326,0.460915,0.6
   134,0.028254,0.464963,0.6
   136,0.029191,0.469500,0.6
   138,0.030137,0.474552,0.6
   140,0.031095,0.480133,0.6
   142,0.032064,0.486253,0.6
   144,0.033047,0.492910,0.6
   146,0.034043,0.500086,0.6
   148,0.035055,0.507755,0.6
   150,0.036082,0.515875,0.6
   152,0.037127,0.524392,0.6
   154,0.038189,0.533240,0.6
   156,0.039269,0.542335,0.6
   158,0.040368,0.551580,0.6
   160,0.041485,0.560865,0.6
   162,0.042620,0.570064,0.6
   164,0.043774,0.579040,0.6
   166,0.044945,0.587644,0.6
   168,0.046132,0.595721,0.6
   170,0.047319,0.592841,0.6
   172,0.048507,0.595166,0.6
   174,0.049704,0.599835,0.6
   176,0.050912,0.605317,0.6
   178,0.052130,0.609650,0.6
   180,0.053354,0.612872,0.6
   182,0.054583,0.614730,0.6
   184,0.055813,0.615081,0.6
   186,0.057092,0.645382,0.6
   188,0.058400,0.655423,0.6
   190,0.059710,0.654534,0.6
   192,0.061009,0.647748,0.6
   194,0.062290,0.637540,0.6
   196,0.063547,0.625274,0.6
   198,0.064778,0.612079,0.6
   200,0.065981,0.598568,0.6
   202,0.067158,0.585126,0.6
   204,0.068309,0.572050,0.6
   206,0.069434,0.559275,0.6
   208,0.070534,0.547170,0.6
   210,0.071612,0.536019,0.6
   212,0.072668,0.525784,0.6
   214,0.073706,0.516458,0.6
   216,0.074726,0.508022,0.6
   218,0.075730,0.500446,0.6
   220,0.076721,0.493764,0.6
   222,0.077700,0.487980,0.6
   224,0.078669,0.483112,0.6
   226,0.079629,0.479168,0.6
   228,0.080582,0.476158,0.6
   230,0.081531,0.474082,0.6
   232,0.082478,0.472931,0.6
   234,0.083423,0.472694,0.6
   236,0.084369,0.473357,0.6
   238,0.085318,0.474905,0.6
   240,0.086272,0.477403,0.6
   242,0.087231,0.480673,0.6
   244,0.088199,0.484716,0.6
   246,0.089175,0.489518,0.6
   248,0.090163,0.495051,0.6
   250,0.091162,0.501283,0.6
   252,0.092175,0.508169,0.6
   254,0.093202,0.515653,0.6
   256,0.094246,0.523674,0.6
   258,0.095306,0.532157,0.6
   260,0.096383,0.541013,0.6
   262,0.097479,0.550145,0.6
   264,0.098593,0.559440,0.6
   266,0.099726,0.568774,0.6
   268,0.100877,0.578008,0.6
   270,0.102047,0.586993,0.6
   272,0.103234,0.595564,0.6
   274,0.104437,0.603572,0.6
   276,0.105655,0.610841,0.6
   278,0.106887,0.617212,0.6
   280,0.108129,0.622531,0.6
   282,0.109380,0.626663,0.6
   284,0.110638,0.629496,0.6
   286,0.111900,0.630945,0.6
   288,0.113162,0.630958,0.6
   290,0.114422,0.629521,0.6
   292,0.115677,0.626658,0.6
   294,0.116924,0.622431,0.6
   296,0.118160,0.616938,0.6
   298,0.119385,0.610307,0.6
   300,0.120594,0.602693,0.6
   302,0.121787,0.594269,0.6
   304,0.122962,0.585217,0.6
   306,0.124118,0.575726,0.6
   308,0.125255,0.565982,0.6
   310,0.126372,0.556160,0.6
   312,0.127470,0.546427,0.6
   314,0.128548,0.536930,0.6
   316,0.129608,0.527802,0.6
   318,0.130651,0.519155,0.6
   320,0.131677,0.511085,0.6
   322,0.132688,0.503671,0.6
   324,0.133685,0.496975,0.6
   326,0.134670,0.491045,0.6
   328,0.135645,0.485918,0.6
   330,0.136610,0.481620,0.6
   332,0.137568,0.478170,0.6
   334,0.138520,0.475576,0.6
   336,0.139469,0.473845,0.6
   338,0.140415,0.472975,0.6
   340,0.141361,0.472961,0.6
   342,0.142308,0.473798,0.6
   344,0.143258,0.475473,0.6
   346,0.144212,0.477972,0.6
   348,0.145173,0.481278,0.6
   350,0.146142,0.485368,0.6
   352,0.147120,0.490218,0.6
   354,0.148108,0.495796,0.6
   356,0.149109,0.502065,0.6
   358,0.150124,0.508979,0.6
   360,0.151153,0.516486,0.6
   362,0.152198,0.524523,0.6
   364,0.153259,0.533014,0.6
   366,0.154339,0.541875,0.6
   368,0.155436,0.551005,0.6
   370,0.156552,0.560294,0.6
   372,0.157687,0.569613,0.6
   374,0.158840,0.578827,0.6
   376,0.160011,0.587783,0.6
   378,0.161199,0.596324,0.6
   380,0.162404,0.604284,0.6
   382,0.163623,0.611499,0.6
   384,0.164856,0.617808,0.6
   386,0.166100,0.623058,0.6
   388,0.167352,0.627115,0.6
   390,0.168611,0.629867,0.6
   392,0.169873,0.631231,0.6
   394,0.171135,0.631157,0.6
   396,0.172395,0.629633,0.6
   398,0.173650,0.626686,0.6
   400,0.174897,0.622378,0.6
   402,0.176134,0.616809,0.6
   404,0.177358,0.610111,0.6
   406,0.178566,0.602438,0.6
   408,0.179759,0.593964,0.6
   410,0.180933,0.584873,0.6
   412,0.182089,0.575353,0.6
   414,0.183225,0.565589,0.6
   416,0.184341,0.555759,0.6
   418,0.185438,0.546025,0.6
   420,0.186516,0.536535,0.6
   422,0.187575,0.527422,0.6
   424,0.188617,0.518797,0.6
   426,0.189642,0.510753,0.6
   428,0.190653,0.503370,0.6
   430,0.191649,0.496708,0.6
   432,0.192634,0.490816,0.6
   434,0.193608,0.485729,0.6
   436,0.194573,0.481473,0.6
   438,0.195530,0.478065,0.6
   440,0.196483,0.475515,0.6
   442,0.197431,0.473828,0.6
   444,0.198377,0.473002,0.6
   446,0.199323,0.473034,0.6
   448,0.200271,0.473916,0.6
   450,0.201221,0.475634,0.6
   452,0.202176,0.478177,0.6
   454,0.203137,0.481526,0.6
   456,0.204106,0.485659,0.6
   458,0.205085,0.490550,0.6
   460,0.206074,0.496166,0.6
   462,0.207076,0.502472,0.6
   464,0.208091,0.509420,0.6
   466,0.209121,0.516958,0.6
   468,0.210167,0.525021,0.6
   470,0.211230,0.533536,0.6
   472,0.212310,0.542413,0.6
   474,0.213409,0.551556,0.6
   476,0.214526,0.560849,0.6
   478,0.215662,0.570166,0.6
   480,0.216816,0.579368,0.6
   482,0.217988,0.588305,0.6
   484,0.219177,0.596816,0.6
   486,0.220383,0.604738,0.6
   488,0.221603,0.611905,0.6
   490,0.222837,0.618156,0.6
   492,0.224081,0.623341,0.6
   494,0.225334,0.627326,0.6
   496,0.226593,0.630000,0.6
   498,0.227855,0.631282,0.6
   500,0.229117,0.631124,0.6
   502,0.230377,0.629517,0.6
   504,0.231632,0.626489,0.6
   506,0.232878,0.622105,0.6
   508,0.234114,0.616467,0.6
   510,0.235337,0.609708,0.6
   512,0.236545,0.601983,0.6
   514,0.237737,0.593468,0.6
   516,0.238910,0.584347,0.6
   518,0.240064,0.574807,0.6
   520,0.241199,0.565035,0.6
   522,0.242315,0.555205,0.6
   524,0.243410,0.545481,0.6
   526,0.244487,0.536010,0.6
   528,0.245545,0.526922,0.6
   530,0.246586,0.518327,0.6
   532,0.247611,0.510320,0.6
   534,0.248620,0.502976,0.6
   536,0.249616,0.496357,0.6
   538,0.250600,0.490511,0.6
   540,0.251574,0.485471,0.6
   542,0.252538,0.481264,0.6
   544,0.253495,0.477906,0.6
   546,0.254447,0.475406,0.6
   548,0.255396,0.473768,0.6
   550,0.256342,0.472993,0.6
   552,0.257288,0.473074,0.6
   554,0.258235,0.474004,0.6
   556,0.259186,0.475772,0.6
   558,0.260141,0.478362,0.6
   560,0.261103,0.481757,0.6
   562,0.262073,0.485935,0.6
   564,0.263052,0.490869,0.6
   566,0.264042,0.496527,0.6
   568,0.265044,0.502871,0.6
   570,0.266061,0.509856,0.6
   572,0.267092,0.517426,0.6
   574,0.268139,0.525518,0.6
   576,0.269202,0.534056,0.6
   578,0.270284,0.542953,0.6
   580,0.271383,0.552108,0.6
   582,0.272502,0.561406,0.6
   584,0.273638,0.570720,0.6
   586,0.274794,0.579911,0.6
   588,0.275967,0.588827,0.6
   590,0.277157,0.597309,0.6
   592,0.278364,0.605191,0.6
   594,0.279585,0.612310,0.6
   596,0.280819,0.618502,0.6
   598,0.282064,0.623620,0.6
   600,0.283317,0.627530,0.6
   602,0.284576,0.630125,0.6
   604,0.285838,0.631323,0.6
   606,0.287101,0.631081,0.6
   608,0.288361,0.629389,0.6
   610,0.289615,0.626279,0.6
   612,0.290861,0.621818,0.6
   614,0.292096,0.616111,0.6
   616,0.293318,0.609290,0.6
   618,0.294525,0.601514,0.6
   620,0.295716,0.592958,0.6
   622,0.296888,0.583807,0.6
   624,0.298041,0.574249,0.6
   626,0.299175,0.564468,0.6
   628,0.300289,0.554639,0.6
   630,0.301384,0.544926,0.6
   632,0.302460,0.535474,0.6
   634,0.303517,0.526411,0.6
   636,0.304557,0.517849,0.6
   638,0.305580,0.509879,0.6
   640,0.306589,0.502576,0.6
   642,0.307584,0.496002,0.6
   644,0.308567,0.490201,0.6
   646,0.309540,0.485211,0.6
   648,0.310504,0.481053,0.6
   650,0.311461,0.477745,0.6
   652,0.312413,0.475296,0.6
   654,0.313361,0.473710,0.6
   656,0.314307,0.472985,0.6
   658,0.315253,0.473117,0.6
   660,0.316201,0.474097,0.6
   662,0.317152,0.475913,0.6
   664,0.318108,0.478552,0.6
   666,0.319070,0.481994,0.6
   668,0.320040,0.486217,0.6
   670,0.321020,0.491195,0.6
   672,0.322011,0.496896,0.6
   674,0.323014,0.503279,0.6
   676,0.324031,0.510300,0.6
   678,0.325063,0.517904,0.6
   680,0.326111,0.526024,0.6
   682,0.327176,0.534586,0.6
   684,0.328258,0.543501,0.6
   686,0.329359,0.552668,0.6
   688,0.330478,0.561971,0.6
   690,0.331616,0.571282,0.6
   692,0.332772,0.580462,0.6
   694,0.333947,0.589357,0.6
   696,0.335138,0.597808,0.6
   698,0.336346,0.605649,0.6
   700,0.337568,0.612717,0.6
   702,0.338802,0.618850,0.6
   704,0.340048,0.623899,0.6
   706,0.341302,0.627734,0.6
   708,0.342561,0.630247,0.6
   710,0.343823,0.631361,0.6
   712,0.345086,0.631032,0.6
   714,0.346345,0.629254,0.6
   716,0.347599,0.626061,0.6
   718,0.348845,0.621522,0.6
   720,0.350079,0.615744,0.6
   722,0.351300,0.608862,0.6
   724,0.352507,0.601034,0.6
   726,0.353696,0.592437,0.6
   728,0.354867,0.583256,0.6
   730,0.356019,0.573679,0.6
   732,0.357152,0.563891,0.6
   734,0.358265,0.554065,0.6
   736,0.359358,0.544363,0.6
   738,0.360433,0.534931,0.6
   740,0.361489,0.525895,0.6
   742,0.362528,0.517365,0.6
   744,0.363551,0.509433,0.6
   746,0.364559,0.502172,0.6
   748,0.365553,0.495643,0.6
   750,0.366536,0.489891,0.6
   752,0.367508,0.484949,0.6
   754,0.368472,0.480841,0.6
   756,0.369428,0.477584,0.6
   758,0.370380,0.475188,0.6
   760,0.371328,0.473653,0.6
   762,0.372274,0.472980,0.6
   764,0.373220,0.473163,0.6
   766,0.374168,0.474194,0.6
   768,0.375119,0.476061,0.6
   770,0.376075,0.478748,0.6
   772,0.377038,0.482238,0.6
   774,0.378008,0.486508,0.6
   776,0.378989,0.491531,0.6
   778,0.379980,0.497273,0.6
   780,0.380985,0.503697,0.6
   782,0.382002,0.510755,0.6
   784,0.383035,0.518392,0.6
   786,0.384084,0.526542,0.6
   788,0.385150,0.535128,0.6
   790,0.386234,0.544062,0.6
   792,0.387336,0.553240,0.6
   794,0.388456,0.562548,0.6
   796,0.389595,0.571855,0.6
   798,0.390753,0.581022,0.6
   800,0.391928,0.589895,0.6
   802,0.393121,0.598314,0.6
   804,0.394329,0.606113,0.6
   806,0.395552,0.613128,0.6
   808,0.396787,0.619200,0.6
   810,0.398033,0.624179,0.6
   812,0.399287,0.627937,0.6
   814,0.400547,0.630367,0.6
   816,0.401810,0.631393,0.6
   818,0.403072,0.630976,0.6
   820,0.404331,0.629111,0.6
   822,0.405585,0.625834,0.6
   824,0.406830,0.621216,0.6
   826,0.408063,0.615367,0.6
   828,0.409284,0.608422,0.6
   830,0.410489,0.600542,0.6
   832,0.411677,0.591903,0.6
   834,0.412847,0.582693,0.6
   836,0.413998,0.573098,0.6
   838,0.415130,0.563302,0.6
   840,0.416242,0.553479,0.6
   842,0.417334,0.543789,0.6
   844,0.418408,0.534378,0.6
   846,0.419463,0.525370,0.6
   848,0.420501,0.516874,0.6
   850,0.421522,0.508981,0.6
   852,0.422529,0.501763,0.6
   854,0.423523,0.495280,0.6
   856,0.424505,0.489576,0.6
   858,0.425477,0.484685,0.6
   860,0.426440,0.480629,0.6
   862,0.427396,0.477425,0.6
   864,0.428348,0.475080,0.6
   866,0.429295,0.473599,0.6
   868,0.430242,0.472978,0.6
   870,0.431188,0.473213,0.6
   872,0.432136,0.474296,0.6
   874,0.433087,0.476214,0.6
   876,0.434043,0.478951,0.6
   878,0.435007,0.482490,0.6
   880,0.435978,0.486807,0.6
   882,0.436959,0.491875,0.6
   884,0.437951,0.497660,0.6
   886,0.438956,0.504125,0.6
   888,0.439975,0.511221,0.6
   890,0.441009,0.518891,0.6
   892,0.442059,0.527071,0.6
   894,0.443126,0.535681,0.6
   896,0.444211,0.544633,0.6
   898,0.445314,0.553823,0.6
   900,0.446435,0.563135,0.6
   902,0.447576,0.572438,0.6
   904,0.448734,0.581591,0.6
   906,0.449911,0.590441,0.6
   908,0.451104,0.598826,0.6
   910,0.452314,0.606582,0.6
   912,0.453537,0.613544,0.6
   914,0.454774,0.619552,0.6
   916,0.456020,0.624460,0.6
   918,0.457275,0.628138,0.6
   920,0.458535,0.630483,0.6
   922,0.459797,0.631421,0.6
   924,0.461060,0.630914,0.6
   926,0.462319,0.628960,0.6
   928,0.463572,0.625597,0.6
   930,0.464816,0.620900,0.6
   932,0.466049,0.614978,0.6
   934,0.467269,0.607970,0.6
   936,0.468473,0.600038,0.6
   938,0.469660,0.591358,0.6
   940,0.470829,0.582118,0.6
   942,0.471979,0.572505,0.6
   944,0.473109,0.562702,0.6
   946,0.474220,0.552882,0.6
   948,0.475311,0.543206,0.6
   950,0.476383,0.533816,0.6
   952,0.477437,0.524837,0.6
   954,0.478474,0.516375,0.6
   956,0.479495,0.508522,0.6
   958,0.480501,0.501349,0.6
   960,0.481494,0.494913,0.6
   962,0.482476,0.489258,0.6
   964,0.483447,0.484419,0.6
   966,0.484409,0.480416,0.6
   968,0.485365,0.477265,0.6
   970,0.486316,0.474974,0.6
   972,0.487264,0.473546,0.6
   974,0.488210,0.472980,0.6
   976,0.489157,0.473268,0.6
   978,0.490105,0.474403,0.6
   980,0.491056,0.476372,0.6
   982,0.492013,0.479161,0.6
   984,0.492977,0.482749,0.6
   986,0.493949,0.487114,0.6
   988,0.494930,0.492228,0.6
   990,0.495924,0.498058,0.6
   992,0.496929,0.504563,0.6
   994,0.497949,0.511696,0.6
   996,0.498984,0.519401,0.6
   998,0.500035,0.527610,0.6
  1000,0.501103,0.536245,0.6
  1002,0.502189,0.545215,0.6
  1004,0.503293,0.554416,0.6
  1006,0.504416,0.563732,0.6
  1008,0.505558,0.573030,0.6
  1010,0.506717,0.582169,0.6
  1012,0.507895,0.590995,0.6
  1014,0.509089,0.599345,0.6
  1016,0.510300,0.607056,0.6
  1018,0.511524,0.613963,0.6
  1020,0.512761,0.619906,0.6
  1022,0.514009,0.624740,0.6
  1024,0.515264,0.628337,0.6
  1026,0.516524,0.630595,0.6
  1028,0.517787,0.631443,0.6
  1030,0.519049,0.630844,0.6
  1032,0.520308,0.628800,0.6
  1034,0.521560,0.625350,0.6
  1036,0.522804,0.620572,0.6
  1038,0.524036,0.614577,0.6
  1040,0.525255,0.607505,0.6
  1042,0.526458,0.599520,0.6
  1044,0.527644,0.590800,0.6
  1046,0.528812,0.581531,0.6
  1048,0.529960,0.571900,0.6
  1050,0.531089,0.562091,0.6
  1052,0.532199,0.552276,0.6
  1054,0.533289,0.542614,0.6
  1056,0.534360,0.533245,0.6
  1058,0.535413,0.524296,0.6
  1060,0.536449,0.515871,0.6
  1062,0.537469,0.508058,0.6
  1064,0.538474,0.500930,0.6
  1066,0.539466,0.494542,0.6
  1068,0.540447,0.488938,0.6
  1070,0.541418,0.484151,0.6
  1072,0.542380,0.480201,0.6
  1074,0.543335,0.477105,0.6
  1076,0.544286,0.474869,0.6
  1078,0.545234,0.473496,0.6
  1080,0.546180,0.472984,0.6
  1082,0.547126,0.473327,0.6
  1084,0.548075,0.474515,0.6
  1086,0.549027,0.476537,0.6
  1088,0.549984,0.479377,0.6
  1090,0.550948,0.483015,0.6
  1092,0.551920,0.487429,0.6
  1094,0.552903,0.492589,0.6
  1096,0.553897,0.498464,0.6
  1098,0.554904,0.505011,0.6
  1100,0.555924,0.512183,0.6
  1102,0.556960,0.519922,0.6
  1104,0.558012,0.528161,0.6
  1106,0.559082,0.536820,0.6
  1108,0.560169,0.545808,0.6
  1110,0.561274,0.555021,0.6
  1112,0.562398,0.564339,0.6
  1114,0.563541,0.573632,0.6
  1116,0.564702,0.582756,0.6
  1118,0.565880,0.591556,0.6
  1120,0.567076,0.599871,0.6
  1122,0.568287,0.607536,0.6
  1124,0.569513,0.614385,0.6
  1126,0.570751,0.620262,0.6
  1128,0.571998,0.625020,0.6
  1130,0.573254,0.628534,0.6
  1132,0.574514,0.630704,0.6
  1134,0.575777,0.631460,0.6
  1136,0.577039,0.630768,0.6
  1138,0.578298,0.628631,0.6
  1140,0.579550,0.625094,0.6
  1142,0.580793,0.620234,0.6
  1144,0.582024,0.614165,0.6
  1146,0.583242,0.607030,0.6
  1148,0.584444,0.598992,0.6
  1150,0.585629,0.590231,0.6
  1152,0.586796,0.580932,0.6
  1154,0.587943,0.571285,0.6
  1156,0.589071,0.561471,0.6
  1158,0.590179,0.551660,0.6
  1160,0.591268,0.542013,0.6
  1162,0.592338,0.532668,0.6
  1164,0.593390,0.523749,0.6
  1166,0.594425,0.515361,0.6
  1168,0.595444,0.507590,0.6
  1170,0.596448,0.500508,0.6
  1172,0.597439,0.494169,0.6
  1174,0.598419,0.488617,0.6
  1176,0.599389,0.483882,0.6
  1178,0.600351,0.479988,0.6
  1180,0.601307,0.476946,0.6
  1182,0.602257,0.474766,0.6
  1184,0.603204,0.473448,0.6
  1186,0.604151,0.472992,0.6
  1188,0.605097,0.473389,0.6
  1190,0.606046,0.474632,0.6
  1192,0.606998,0.476708,0.6
  1194,0.607956,0.479600,0.6
  1196,0.608920,0.483289,0.6
  1198,0.609893,0.487752,0.6
  1200,0.610877,0.492960,0.6
  1202,0.611871,0.498879,0.6
  1204,0.612879,0.505468,0.6
  1206,0.613900,0.512679,0.6
  1208,0.614937,0.520453,0.6
  1210,0.615991,0.528722,0.6
  1212,0.617061,0.537406,0.6
  1214,0.618149,0.546412,0.6
  1216,0.619256,0.555635,0.6
  1218,0.620381,0.564956,0.6
  1220,0.621525,0.574242,0.6
  1222,0.622687,0.583350,0.6
  1224,0.623867,0.592123,0.6
  1226,0.625064,0.600401,0.6
  1228,0.626276,0.608018,0.6
  1230,0.627503,0.614809,0.6
  1232,0.628741,0.620617,0.6
  1234,0.629989,0.625298,0.6
  1236,0.631245,0.628728,0.6
  1238,0.632506,0.630808,0.6
  1240,0.633769,0.631470,0.6
  1242,0.635031,0.630684,0.6
  1244,0.636289,0.628455,0.6
  1246,0.637541,0.624828,0.6
  1248,0.638783,0.619886,0.6
  1250,0.640014,0.613743,0.6
  1252,0.641231,0.606544,0.6
  1254,0.642432,0.598453,0.6
  1256,0.643615,0.589650,0.6
  1258,0.644781,0.580323,0.6
  1260,0.645927,0.570659,0.6
  1262,0.647054,0.560839,0.6
  1264,0.648161,0.551035,0.6
  1266,0.649248,0.541402,0.6
  1268,0.650317,0.532081,0.6
  1270,0.651368,0.523194,0.6
  1272,0.652401,0.514843,0.6
  1274,0.653419,0.507115,0.6
  1276,0.654423,0.500080,0.6
  1278,0.655414,0.493792,0.6
  1280,0.656393,0.488292,0.6
  1282,0.657362,0.483612,0.6
  1284,0.658324,0.479773,0.6
  1286,0.659279,0.476788,0.6
  1288,0.660229,0.474664,0.6
  1290,0.661176,0.473403,0.6
  1292,0.662122,0.473003,0.6
  1294,0.663069,0.473456,0.6
  1296,0.664018,0.474755,0.6
  1298,0.664970,0.476884,0.6
  1300,0.665928,0.479829,0.6
  1302,0.666894,0.483570,0.6
  1304,0.667867,0.488084,0.6
  1306,0.668851,0.493340,0.6
  1308,0.669847,0.499304,0.6
  1310,0.670855,0.505937,0.6
  1312,0.671878,0.513187,0.6
  1314,0.672916,0.520995,0.6
  1316,0.673970,0.529294,0.6
  1318,0.675042,0.538003,0.6
  1320,0.676131,0.547027,0.6
  1322,0.677239,0.556261,0.6
  1324,0.678366,0.565584,0.6
  1326,0.679511,0.574864,0.6
  1328,0.680674,0.583954,0.6
  1330,0.681855,0.592700,0.6
  1332,0.683053,0.600940,0.6
  1334,0.684267,0.608507,0.6
  1336,0.685494,0.615238,0.6
  1338,0.686733,0.620975,0.6
  1340,0.687982,0.625577,0.6
  1342,0.689238,0.628920,0.6
  1344,0.690499,0.630907,0.6
  1346,0.691762,0.631474,0.6
  1348,0.693024,0.630592,0.6
  1350,0.694282,0.628268,0.6
  1352,0.695533,0.624551,0.6
  1354,0.696775,0.619525,0.6
  1356,0.698005,0.613307,0.6
  1358,0.699220,0.606043,0.6
  1360,0.700420,0.597899,0.6
  1362,0.701603,0.589056,0.6
  1364,0.702767,0.579700,0.6
  1366,0.703912,0.570020,0.6
  1368,0.705037,0.560196,0.6
  1370,0.706143,0.550398,0.6
  1372,0.707229,0.540782,0.6
  1374,0.708297,0.531486,0.6
  1376,0.709347,0.522631,0.6
  1378,0.710379,0.514320,0.6
  1380,0.711396,0.506635,0.6
  1382,0.712399,0.499648,0.6
  1384,0.713389,0.493411,0.6
  1386,0.714368,0.487966,0.6
  1388,0.715336,0.483341,0.6
  1390,0.716297,0.479558,0.6
  1392,0.717252,0.476631,0.6
  1394,0.718202,0.474565,0.6
  1396,0.719149,0.473362,0.6
  1398,0.720095,0.473018,0.6
  1400,0.721042,0.473529,0.6
  1402,0.721991,0.474883,0.6
  1404,0.722944,0.477068,0.6
  1406,0.723902,0.480067,0.6
  1408,0.724868,0.483861,0.6
  1410,0.725843,0.488425,0.6
  1412,0.726827,0.493730,0.6
  1414,0.727824,0.499741,0.6
  1416,0.728833,0.506416,0.6
  1418,0.729857,0.513706,0.6
  1420,0.730896,0.521550,0.6
  1422,0.731951,0.529879,0.6
  1424,0.733024,0.538612,0.6
  1426,0.734115,0.547653,0.6
  1428,0.735224,0.556897,0.6
  1430,0.736352,0.566222,0.6
  1432,0.737498,0.575493,0.6
  1434,0.738663,0.584566,0.6
  1436,0.739845,0.593283,0.6
  1438,0.741044,0.601483,0.6
  1440,0.742258,0.608999,0.6
  1442,0.743486,0.615668,0.6
  1444,0.744726,0.621334,0.6
  1446,0.745976,0.625855,0.6
  1448,0.747233,0.629109,0.6
  1450,0.748494,0.631002,0.6
  1452,0.749757,0.631472,0.6
  1454,0.751019,0.630491,0.6
  1456,0.752276,0.628072,0.6
  1458,0.753527,0.624263,0.6
  1460,0.754768,0.619153,0.6
  1462,0.755997,0.612860,0.6
  1464,0.757212,0.605531,0.6
  1466,0.758410,0.597333,0.6
  1468,0.759592,0.588449,0.6
  1470,0.760755,0.579066,0.6
  1472,0.761898,0.569370,0.6
  1474,0.763022,0.559543,0.6
  1476,0.764127,0.549752,0.6
  1478,0.765212,0.540154,0.6
  1480,0.766278,0.530884,0.6
  1482,0.767327,0.522062,0.6
  1484,0.768358,0.513790,0.6
  1486,0.769374,0.506152,0.6
  1488,0.770376,0.499213,0.6
  1490,0.771365,0.493029,0.6
  1492,0.772343,0.487637,0.6
  1494,0.773311,0.483069,0.6
  1496,0.774272,0.479345,0.6
  1498,0.775226,0.476475,0.6
  1500,0.776176,0.474467,0.6
  1502,0.777123,0.473322,0.6
  1504,0.778069,0.473038,0.6
  1506,0.779016,0.473606,0.6
  1508,0.779965,0.475017,0.6
  1510,0.780918,0.477257,0.6
  1512,0.781877,0.480311,0.6
  1514,0.782844,0.484158,0.6
  1516,0.783819,0.488774,0.6
  1518,0.784804,0.494128,0.6
  1520,0.785802,0.500186,0.6
  1522,0.786812,0.506905,0.6
  1524,0.787837,0.514235,0.6
  1526,0.788877,0.522114,0.6
  1528,0.789934,0.530474,0.6
  1530,0.791008,0.539231,0.6
  1532,0.792100,0.548291,0.6
  1534,0.793210,0.557544,0.6
  1536,0.794339,0.566869,0.6
  1538,0.795487,0.576132,0.6
  1540,0.796653,0.585186,0.6
  1542,0.797836,0.593874,0.6
  1544,0.799036,0.602032,0.6
  1546,0.800252,0.609496,0.6
  1548,0.801481,0.616101,0.6
  1550,0.802721,0.621693,0.6
  1552,0.803972,0.626130,0.6
  1554,0.805229,0.629294,0.6
  1556,0.806490,0.631092,0.6
  1558,0.807753,0.631462,0.6
  1560,0.809015,0.630382,0.6
  1562,0.810272,0.627865,0.6
  1564,0.811522,0.623964,0.6
  1566,0.812762,0.618768,0.6
  1568,0.813990,0.612399,0.6
  1570,0.815204,0.605004,0.6
  1572,0.816402,0.596754,0.6
  1574,0.817582,0.587830,0.6
  1576,0.818743,0.578419,0.6
  1578,0.819886,0.568709,0.6
  1580,0.821008,0.558879,0.6
  1582,0.822111,0.549097,0.6
  1584,0.823195,0.539516,0.6
  1586,0.824260,0.530273,0.6
  1588,0.825308,0.521486,0.6
  1590,0.826338,0.513255,0.6
  1592,0.827353,0.505662,0.6
  1594,0.828354,0.498774,0.6
  1596,0.829342,0.492643,0.6
  1598,0.830320,0.487308,0.6
  1600,0.831287,0.482797,0.6
  1602,0.832247,0.479131,0.6
  1604,0.833201,0.476320,0.6
  1606,0.834151,0.474372,0.6
  1608,0.835098,0.473287,0.6
  1610,0.836044,0.473061,0.6
  1612,0.836991,0.473687,0.6
  1614,0.837940,0.475156,0.6
  1616,0.838894,0.477454,0.6
  1618,0.839854,0.480564,0.6
  1620,0.840820,0.484465,0.6
  1622,0.841796,0.489132,0.6
  1624,0.842783,0.494537,0.6
  1626,0.843781,0.500642,0.6
  1628,0.844792,0.507405,0.6
  1630,0.845818,0.514775,0.6
  1632,0.846859,0.522691,0.6
  1634,0.847917,0.531081,0.6
  1636,0.848992,0.539862,0.6
  1638,0.850086,0.548939,0.6
  1640,0.851197,0.558202,0.6
  1642,0.852328,0.567528,0.6
  1644,0.853477,0.576781,0.6
  1646,0.854644,0.585814,0.6
  1648,0.855829,0.594470,0.6
  1650,0.857030,0.602586,0.6
  1652,0.858246,0.609996,0.6
  1654,0.859476,0.616536,0.6
  1656,0.860718,0.622051,0.6
  1658,0.861968,0.626404,0.6
  1660,0.863226,0.629476,0.6
  1662,0.864488,0.631175,0.6
  1664,0.865751,0.631446,0.6
  1666,0.867012,0.630264,0.6
  1668,0.868269,0.627649,0.6
  1670,0.869518,0.623654,0.6
  1672,0.870758,0.618372,0.6
  1674,0.871985,0.611926,0.6
  1676,0.873198,0.604466,0.6
  1678,0.874394,0.596163,0.6
  1680,0.875573,0.587198,0.6
  1682,0.876733,0.577760,0.6
  1684,0.877874,0.568035,0.6
  1686,0.878996,0.558203,0.6
  1688,0.880097,0.548429,0.6
  1690,0.881180,0.538868,0.6
  1692,0.882244,0.529653,0.6
  1694,0.883290,0.520902,0.6
  1696,0.884319,0.512713,0.6
  1698,0.885333,0.505168,0.6
  1700,0.886333,0.498331,0.6
  1702,0.887321,0.492254,0.6
  1704,0.888297,0.486975,0.6
  1706,0.889264,0.482523,0.6
  1708,0.890224,0.478917,0.6
  1710,0.891178,0.476167,0.6
  1712,0.892127,0.474279,0.6
  1714,0.893074,0.473255,0.6
  1716,0.894020,0.473089,0.6
  1718,0.894967,0.473775,0.6
  1720,0.895917,0.475303,0.6
  1722,0.896871,0.477658,0.6
  1724,0.897831,0.480824,0.6
  1726,0.898798,0.484780,0.6
  1728,0.899775,0.489501,0.6
  1730,0.900762,0.494956,0.6
  1732,0.901761,0.501109,0.6
  1734,0.902773,0.507917,0.6
  1736,0.903800,0.515327,0.6
  1738,0.904843,0.523279,0.6
  1740,0.905902,0.531699,0.6
  1742,0.906978,0.540505,0.6
  1744,0.908073,0.549599,0.6
  1746,0.909186,0.558870,0.6
  1748,0.910318,0.568196,0.6
  1750,0.911468,0.577439,0.6
  1752,0.912637,0.586451,0.6
  1754,0.913823,0.595075,0.6
  1756,0.915025,0.603147,0.6
  1758,0.916242,0.610500,0.6
  1760,0.917473,0.616972,0.6
  1762,0.918715,0.622410,0.6
  1764,0.919967,0.626676,0.6
  1766,0.921225,0.629653,0.6
  1768,0.922487,0.631253,0.6
  1770,0.923750,0.631421,0.6
  1772,0.925011,0.630137,0.6
  1774,0.926267,0.627422,0.6
  1776,0.927516,0.623333,0.6
  1778,0.928755,0.617963,0.6
  1780,0.929981,0.611440,0.6
  1782,0.931193,0.603915,0.6
  1784,0.932388,0.595558,0.6
  1786,0.933566,0.586554,0.6
  1788,0.934725,0.577089,0.6
  1790,0.935864,0.567351,0.6
  1792,0.936984,0.557516,0.6
  1794,0.938085,0.547753,0.6
  1796,0.939166,0.538212,0.6
  1798,0.940228,0.529027,0.6
  1800,0.941273,0.520312,0.6
  1802,0.942302,0.512166,0.6
  1804,0.943315,0.504669,0.6
  1806,0.944314,0.497884,0.6
  1808,0.945300,0.491863,0.6
  1810,0.946276,0.486642,0.6
  1812,0.947243,0.482250,0.6
  1814,0.948202,0.478704,0.6
  1816,0.949155,0.476015,0.6
  1818,0.950104,0.474189,0.6
  1820,0.951051,0.473226,0.6
  1822,0.951997,0.473121,0.6
  1824,0.952944,0.473867,0.6
  1826,0.953894,0.475455,0.6
  1828,0.954849,0.477869,0.6
  1830,0.955809,0.481092,0.6
  1832,0.956777,0.485104,0.6
  1834,0.957755,0.489878,0.6
  1836,0.958743,0.495384,0.6
  1838,0.959743,0.501586,0.6
  1840,0.960756,0.508439,0.6
  1842,0.961784,0.515890,0.6
  1844,0.962828,0.523878,0.6
  1846,0.963888,0.532330,0.6
  1848,0.964966,0.541160,0.6
  1850,0.966062,0.550270,0.6
  1852,0.967176,0.559550,0.6
  1854,0.968309,0.568877,0.6
  1856,0.969461,0.578108,0.6
  1858,0.970631,0.587097,0.6
  1860,0.971818,0.595687,0.6
  1862,0.973021,0.603712,0.6
  1864,0.974240,0.611007,0.6
  1866,0.975472,0.617411,0.6
  1868,0.976715,0.622769,0.6
  1870,0.977967,0.626946,0.6
  1872,0.979225,0.629826,0.6
  1874,0.980487,0.631325,0.6
  1876,0.981750,0.631388,0.6
  1878,0.983011,0.630000,0.6
  1880,0.984267,0.627184,0.6
  1882,0.985515,0.622999,0.6
  1884,0.986753,0.617542,0.6
  1886,0.987978,0.610941,0.6
  1888,0.989189,0.603350,0.6
  1890,0.990383,0.594940,0.6
  1892,0.991560,0.585895,0.6
  1894,0.992717,0.576404,0.6
  1896,0.993855,0.566653,0.6
  1898,0.994974,0.556818,0.6
  1900,0.996073,0.547066,0.6
  1902,0.997153,0.537546,0.6
  1904,0.998214,0.528391,0.6
  1906,0.999258,0.519714,0.6
  1908,1.000285,0.511612,0.6
  1910,1.001297,0.504165,0.6
  1912,1.002295,0.497434,0.6
  1914,1.003281,0.491469,0.6
  1916,1.004256,0.486308,0.6
  1918,1.005222,0.481976,0.6
  1920,1.006181,0.478492,0.6
  1922,1.007133,0.475865,0.6
  1924,1.008083,0.474102,0.6
  1926,1.009029,0.473201,0.6
  1928,1.009975,0.473158,0.6
  1930,1.010923,0.473966,0.6
  1932,1.011873,0.475614,0.6
  1934,1.012828,0.478087,0.6
  1936,1.013789,0.481368,0.6
  1938,1.014758,0.485436,0.6
  1940,1.015736,0.490264,0.6
  1942,1.016724,0.495823,0.6
  1944,1.017725,0.502073,0.6
  1946,1.018740,0.508972,0.6
  1948,1.019769,0.516465,0.6
  1950,1.020814,0.524489,0.6
  1952,1.021876,0.532972,0.6
  1954,1.022955,0.541826,0.6
  1956,1.024052,0.550954,0.6
  1958,1.025168,0.560242,0.6
  1960,1.026302,0.569565,0.6
  1962,1.027455,0.578785,0.6
  1964,1.028626,0.587751,0.6
  1966,1.029815,0.596305,0.6
  1968,1.031019,0.604283,0.6
  1970,1.032239,0.611519,0.6
  1972,1.033472,0.617850,0.6
  1974,1.034715,0.623127,0.6
  1976,1.035968,0.627213,0.6
  1978,1.037227,0.629995,0.6
  1980,1.038489,0.631390,0.6
  1982,1.039752,0.631347,0.6
  1984,1.041012,0.629854,0.6
  1986,1.042268,0.626934,0.6
  1988,1.043516,0.622652,0.6
  1990,1.044753,0.617107,0.6
  1992,1.045977,0.610428,0.6
  1994,1.047186,0.602770,0.6
  1996,1.048379,0.594308,0.6
  1998,1.049554,0.585224,0.6
  2000,1.050711,0.575708,0.6
  2002,1.051847,0.565944,0.6
  2004,1.052965,0.556111,0.6
  2006,1.054062,0.546371,0.6
  2008,1.055141,0.536873,0.6
  2010,1.056201,0.527749,0.6
  2012,1.057243,0.519112,0.6
  2014,1.058269,0.511055,0.6
  2016,1.059280,0.503658,0.6
  2018,1.060277,0.496982,0.6
  2020,1.061262,0.491075,0.6
  2022,1.062237,0.485973,0.6
  2024,1.063202,0.481703,0.6
  2026,1.064160,0.478281,0.6
  2028,1.065113,0.475718,0.6
  2030,1.066062,0.474018,0.6
  2032,1.067008,0.473180,0.6
  2034,1.067955,0.473200,0.6
  2036,1.068902,0.474070,0.6
  2038,1.069853,0.475779,0.6
  2040,1.070808,0.478313,0.6
  2042,1.071769,0.481652,0.6
  2044,1.072739,0.485778,0.6
  2046,1.073718,0.490661,0.6
  2048,1.074707,0.496272,0.6
  2050,1.075709,0.502573,0.6
  2052,1.076725,0.509517,0.6
  2054,1.077755,0.517052,0.6
  2056,1.078801,0.525112,0.6
  2058,1.079864,0.533626,0.6
  2060,1.080945,0.542503,0.6
  2062,1.082043,0.551646,0.6
  2064,1.083161,0.560941,0.6
  2066,1.084296,0.570261,0.6
  2068,1.085451,0.579468,0.6
  2070,1.086623,0.588410,0.6
  2072,1.087813,0.596927,0.6
  2074,1.089019,0.604856,0.6
  2076,1.090239,0.612031,0.6
  2078,1.091473,0.618290,0.6
  2080,1.092717,0.623483,0.6
  2082,1.093971,0.627476,0.6
  2084,1.095230,0.630158,0.6
  2086,1.096492,0.631448,0.6
  2088,1.097755,0.631297,0.6
  2090,1.099015,0.629697,0.6
  2092,1.100270,0.626674,0.6
  2094,1.101517,0.622294,0.6
  2096,1.102754,0.616660,0.6
  2098,1.103977,0.609902,0.6
  2100,1.105185,0.602179,0.6
  2102,1.106377,0.593663,0.6
  2104,1.107551,0.584541,0.6
  2106,1.108705,0.575001,0.6
  2108,1.109841,0.565226,0.6
  2110,1.110956,0.555394,0.6
  2112,1.112052,0.545667,0.6
  2114,1.113129,0.536193,0.6
  2116,1.114188,0.527102,0.6
  2118,1.115229,0.518504,0.6
  2120,1.116254,0.510493,0.6
  2122,1.117264,0.503147,0.6
  2124,1.118261,0.496527,0.6
  2126,1.119245,0.490678,0.6
  2128,1.120218,0.485638,0.6
  2130,1.121183,0.481430,0.6
  2132,1.122141,0.478072,0.6
  2134,1.123093,0.475573,0.6
  2136,1.124042,0.473937,0.6
  2138,1.124989,0.473163,0.6
  2140,1.125935,0.473247,0.6
  2142,1.126883,0.474181,0.6
  2144,1.127834,0.475952,0.6
  2146,1.128789,0.478547,0.6
  2148,1.129752,0.481947,0.6
  2150,1.130722,0.486130,0.6
  2152,1.131701,0.491069,0.6
  2154,1.132692,0.496734,0.6
  2156,1.133695,0.503084,0.6
  2158,1.134711,0.510075,0.6
  2160,1.135743,0.517651,0.6
  2162,1.136790,0.525749,0.6
  2164,1.137854,0.534293,0.6
  2166,1.138936,0.543194,0.6
  2168,1.140036,0.552354,0.6
  2170,1.141155,0.561655,0.6
  2172,1.142292,0.570972,0.6
  2174,1.143448,0.580164,0.6
  2176,1.144622,0.589080,0.6
  2178,1.145813,0.597559,0.6
  2180,1.147020,0.605437,0.6
  2182,1.148242,0.612548,0.6
  2184,1.149476,0.618732,0.6
  2186,1.150721,0.623839,0.6
  2188,1.151975,0.627736,0.6
  2190,1.153234,0.630315,0.6
  2192,1.154497,0.631498,0.6
  2194,1.155760,0.631238,0.6
  2196,1.157020,0.629529,0.6
  2198,1.158274,0.626400,0.6
  2200,1.159521,0.621922,0.6
  2202,1.160756,0.616198,0.6
  2204,1.161978,0.609362,0.6
  2206,1.163185,0.601573,0.6
  2208,1.164376,0.593005,0.6
  2210,1.165548,0.583845,0.6
  2212,1.166701,0.574279,0.6
  2214,1.167835,0.564494,0.6
  2216,1.168949,0.554664,0.6
  2218,1.170044,0.544951,0.6
  2220,1.171120,0.535501,0.6
  2222,1.172177,0.526443,0.6
  2224,1.173217,0.517886,0.6
  2226,1.174241,0.509924,0.6
  2228,1.175250,0.502631,0.6
  2230,1.176245,0.496067,0.6
  2232,1.177228,0.490279,0.6
  2234,1.178201,0.485301,0.6
  2236,1.179166,0.481157,0.6
  2238,1.180123,0.477863,0.6
  2240,1.181075,0.475430,0.6
  2242,1.182023,0.473859,0.6
  2244,1.182970,0.473151,0.6
  2246,1.183916,0.473300,0.6
  2248,1.184864,0.474297,0.6
  2250,1.185816,0.476131,0.6
  2252,1.186772,0.478788,0.6
  2254,1.187734,0.482248,0.6
  2256,1.188705,0.486489,0.6
  2258,1.189685,0.491484,0.6
  2260,1.190677,0.497202,0.6
  2262,1.191681,0.503603,0.6
  2264,1.192698,0.510640,0.6
  2266,1.193731,0.518259,0.6
  2268,1.194780,0.526394,0.6
  2270,1.195845,0.534968,0.6
  2272,1.196929,0.543894,0.6
  2274,1.198030,0.553068,0.6
  2276,1.199150,0.562375,0.6
  2278,1.200289,0.571688,0.6
  2280,1.201446,0.580865,0.6
  2282,1.202621,0.589753,0.6
  2284,1.203814,0.598192,0.6
  2286,1.205022,0.606017,0.6
  2288,1.206245,0.613064,0.6
  2290,1.207480,0.619171,0.6
  2292,1.208726,0.624191,0.6
  2294,1.209980,0.627991,0.6
  2296,1.211240,0.630467,0.6
  2298,1.212503,0.631540,0.6
  2300,1.213766,0.631170,0.6
  2302,1.215025,0.629351,0.6
  2304,1.216279,0.626116,0.6
  2306,1.217525,0.621539,0.6
  2308,1.218759,0.615725,0.6
  2310,1.219981,0.608810,0.6
  2312,1.221187,0.600954,0.6
  2314,1.222376,0.592334,0.6
  2316,1.223547,0.583136,0.6
  2318,1.224699,0.573547,0.6
  2320,1.225831,0.563751,0.6
  2322,1.226944,0.553924,0.6
  2324,1.228037,0.544226,0.6
  2326,1.229111,0.534802,0.6
  2328,1.230167,0.525779,0.6
  2330,1.231206,0.517265,0.6
  2332,1.232229,0.509351,0.6
  2334,1.233236,0.502112,0.6
  2336,1.234231,0.495606,0.6
  2338,1.235213,0.489878,0.6
  2340,1.236185,0.484963,0.6
  2342,1.237149,0.480884,0.6
  2344,1.238106,0.477657,0.6
  2346,1.239058,0.475290,0.6
  2348,1.240006,0.473786,0.6
  2350,1.240952,0.473144,0.6
  2352,1.241899,0.473358,0.6
  2354,1.242847,0.474420,0.6
  2356,1.243799,0.476319,0.6
  2358,1.244755,0.479038,0.6
  2360,1.245718,0.482559,0.6
  2362,1.246690,0.486859,0.6
  2364,1.247671,0.491912,0.6
  2366,1.248663,0.497684,0.6
  2368,1.249668,0.504135,0.6
  2370,1.250687,0.511220,0.6
  2372,1.251721,0.518881,0.6
  2374,1.252771,0.527053,0.6
  2376,1.253838,0.535657,0.6
  2378,1.254923,0.544605,0.6
  2380,1.256026,0.553794,0.6
  2382,1.257147,0.563107,0.6
  2384,1.258287,0.572415,0.6
  2386,1.259446,0.581575,0.6
  2388,1.260623,0.590435,0.6
  2390,1.261816,0.598833,0.6
  2392,1.263026,0.606604,0.6
  2394,1.264249,0.613583,0.6
  2396,1.265486,0.619612,0.6
  2398,1.266732,0.624541,0.6
  2400,1.267987,0.628243,0.6
  2402,1.269247,0.630612,0.6
  2404,1.270510,0.631575,0.6
  2406,1.271773,0.631092,0.6
  2408,1.273032,0.629161,0.6
  2410,1.274286,0.625819,0.6
  2412,1.275531,0.621142,0.6
  2414,1.276764,0.615237,0.6
  2416,1.277984,0.608243,0.6
  2418,1.279189,0.600321,0.6
  2420,1.280377,0.591649,0.6
  2422,1.281546,0.582414,0.6
  2424,1.282697,0.572802,0.6
  2426,1.283828,0.562998,0.6
  2428,1.284939,0.553175,0.6
  2430,1.286031,0.543493,0.6
  2432,1.287104,0.534095,0.6
  2434,1.288158,0.525107,0.6
  2436,1.289196,0.516637,0.6
  2438,1.290217,0.508773,0.6
  2440,1.291224,0.501589,0.6
  2442,1.292217,0.495142,0.6
  2444,1.293199,0.489477,0.6
  2446,1.294171,0.484626,0.6
  2448,1.295134,0.480613,0.6
  2450,1.296090,0.477452,0.6
  2452,1.297042,0.475152,0.6
  2454,1.297990,0.473716,0.6
  2456,1.298936,0.473141,0.6
  2458,1.299883,0.473422,0.6
  2460,1.300831,0.474551,0.6
  2462,1.301783,0.476514,0.6
  2464,1.302740,0.479297,0.6
  2466,1.303704,0.482880,0.6
  2468,1.304676,0.487241,0.6
  2470,1.305658,0.492352,0.6
  2472,1.306652,0.498179,0.6
  2474,1.307658,0.504683,0.6
  2476,1.308678,0.511815,0.6
  2478,1.309713,0.519520,0.6
  2480,1.310764,0.527729,0.6
  2482,1.311833,0.536365,0.6
  2484,1.312919,0.545336,0.6
  2486,1.314023,0.554539,0.6
  2488,1.315146,0.563857,0.6
  2490,1.316288,0.573158,0.6
  2492,1.317448,0.582300,0.6
  2494,1.318626,0.591130,0.6
  2496,1.319821,0.599484,0.6
  2498,1.321032,0.607199,0.6
  2500,1.322256,0.614109,0.6
  2502,1.323494,0.620055,0.6
  2504,1.324741,0.624892,0.6
  2506,1.325997,0.628492,0.6
  2508,1.327257,0.630752,0.6
  2510,1.328520,0.631601,0.6
  2512,1.329782,0.631003,0.6
  2514,1.331041,0.628959,0.6
  2516,1.332294,0.625508,0.6
  2518,1.333538,0.620729,0.6
  2520,1.334771,0.614733,0.6
  2522,1.335990,0.607659,0.6
  2524,1.337193,0.599671,0.6
  2526,1.338380,0.590948,0.6
  2528,1.339548,0.581676,0.6
  2530,1.340696,0.572043,0.6
  2532,1.341826,0.562231,0.6
  2534,1.342936,0.552414,0.6
  2536,1.344026,0.542750,0.6
  2538,1.345097,0.533380,0.6
  2540,1.346150,0.524430,0.6
  2542,1.347187,0.516004,0.6
  2544,1.348207,0.508191,0.6
  2546,1.349212,0.501064,0.6
  2548,1.350205,0.494677,0.6
  2550,1.351186,0.489075,0.6
  2552,1.352157,0.484290,0.6
  2554,1.353119,0.480343,0.6
  2556,1.354075,0.477250,0.6
  2558,1.355026,0.475019,0.6
  2560,1.355974,0.473650,0.6
  2562,1.356920,0.473143,0.6
  2564,1.357867,0.473491,0.6
  2566,1.358816,0.474686,0.6
  2568,1.359768,0.476715,0.6
  2570,1.360726,0.479563,0.6
  2572,1.361690,0.483209,0.6
  2574,1.362663,0.487630,0.6
  2576,1.363646,0.492799,0.6
  2578,1.364640,0.498681,0.6
  2580,1.365647,0.505236,0.6
  2582,1.366669,0.512416,0.6
  2584,1.367705,0.520163,0.6
  2586,1.368758,0.528408,0.6
  2588,1.369827,0.537074,0.6
  2590,1.370915,0.546068,0.6
  2592,1.372021,0.555285,0.6
  2594,1.373145,0.564607,0.6
  2596,1.374289,0.573903,0.6
  2598,1.375450,0.583025,0.6
  2600,1.376629,0.591822,0.6
  2602,1.377826,0.600132,0.6
  2604,1.379037,0.607788,0.6
  2606,1.380263,0.614628,0.6
  2608,1.381502,0.620491,0.6
  2610,1.382750,0.625235,0.6
  2612,1.384006,0.628732,0.6
  2614,1.385267,0.630882,0.6
  2616,1.386530,0.631618,0.6
  2618,1.387792,0.630904,0.6
  2620,1.389051,0.628747,0.6
  2622,1.390303,0.625188,0.6
  2624,1.391546,0.620308,0.6
  2626,1.392778,0.614220,0.6
  2628,1.393995,0.607068,0.6
  2630,1.395198,0.599015,0.6
  2632,1.396383,0.590242,0.6
  2634,1.397549,0.580934,0.6
  2636,1.398697,0.571279,0.6
  2638,1.399824,0.561461,0.6
  2640,1.400933,0.551649,0.6
  2642,1.402022,0.542002,0.6
  2644,1.403091,0.532661,0.6
  2646,1.404143,0.523748,0.6
  2648,1.405178,0.515368,0.6
  2650,1.406197,0.507607,0.6
  2652,1.407202,0.500537,0.6
  2654,1.408193,0.494211,0.6
  2656,1.409173,0.488673,0.6
  2658,1.410143,0.483954,0.6
  2660,1.411106,0.480076,0.6
  2662,1.412061,0.477051,0.6
  2664,1.413012,0.474889,0.6
  2666,1.413960,0.473590,0.6
  2668,1.414906,0.473152,0.6
  2670,1.415853,0.473568,0.6
  2672,1.416802,0.474831,0.6
  2674,1.417755,0.476926,0.6
  2676,1.418713,0.479838,0.6
  2678,1.419678,0.483547,0.6
  2680,1.420651,0.488030,0.6
  2682,1.421635,0.493258,0.6
  2684,1.422631,0.499196,0.6
  2686,1.423639,0.505804,0.6
  2688,1.424661,0.513032,0.6
  2690,1.425699,0.520823,0.6
  2692,1.426753,0.529106,0.6
  2694,1.427824,0.537802,0.6
  2696,1.428913,0.546818,0.6
  2698,1.430021,0.556048,0.6
  2700,1.431147,0.565373,0.6
  2702,1.432292,0.574659,0.6
  2704,1.433455,0.583762,0.6
  2706,1.434635,0.592527,0.6
  2708,1.435833,0.600790,0.6
  2710,1.437046,0.608387,0.6
  2712,1.438273,0.615153,0.6
  2714,1.439512,0.620931,0.6
  2716,1.440761,0.625578,0.6
  2718,1.442018,0.628969,0.6
  2720,1.443279,0.631007,0.6
  2722,1.444542,0.631626,0.6
  2724,1.445804,0.630794,0.6
  2726,1.447062,0.628521,0.6
  2728,1.448314,0.624851,0.6
  2730,1.449556,0.619868,0.6
  2732,1.450787,0.613688,0.6
  2734,1.452003,0.606456,0.6
  2736,1.453204,0.598338,0.6
  2738,1.454388,0.589513,0.6
  2740,1.455553,0.580170,0.6
  2742,1.456699,0.570496,0.6
  2744,1.457825,0.560671,0.6
  2746,1.458931,0.550868,0.6
  2748,1.460019,0.541241,0.6
  2750,1.461087,0.531931,0.6
  2752,1.462138,0.523058,0.6
  2754,1.463171,0.514725,0.6
  2756,1.464189,0.507018,0.6
  2758,1.465192,0.500005,0.6
  2760,1.466183,0.493743,0.6
  2762,1.467162,0.488270,0.6
  2764,1.468132,0.483619,0.6
  2766,1.469093,0.479809,0.6
  2768,1.470048,0.476855,0.6
  2770,1.470999,0.474762,0.6
  2772,1.471946,0.473533,0.6
  2774,1.472893,0.473165,0.6
  2776,1.473839,0.473651,0.6
  2778,1.474789,0.474981,0.6
  2780,1.475742,0.477143,0.6
  2782,1.476700,0.480121,0.6
  2784,1.477666,0.483895,0.6
  2786,1.478641,0.488439,0.6
  2788,1.479625,0.493726,0.6
  2790,1.480622,0.499721,0.6
  2792,1.481631,0.506381,0.6
  2794,1.482655,0.513658,0.6
  2796,1.483694,0.521491,0.6
  2798,1.484749,0.529811,0.6
  2800,1.485822,0.538537,0.6
  2802,1.486912,0.547576,0.6
  2804,1.488021,0.556818,0.6
  2806,1.489149,0.566145,0.6
  2808,1.490295,0.575422,0.6
  2810,1.491460,0.584502,0.6
  2812,1.492642,0.593232,0.6
  2814,1.493841,0.601447,0.6
  2816,1.495055,0.608982,0.6
  2818,1.496283,0.615674,0.6
  2820,1.497523,0.621365,0.6
  2822,1.498773,0.625914,0.6
  2824,1.500030,0.629198,0.6
  2826,1.501291,0.631123,0.6
  2828,1.502555,0.631623,0.6
  2830,1.503816,0.630673,0.6
  2832,1.505074,0.628283,0.6
  2834,1.506325,0.624502,0.6
  2836,1.507567,0.619416,0.6
  2838,1.508797,0.613144,0.6
  2840,1.510012,0.605833,0.6
  2842,1.511212,0.597649,0.6
  2844,1.512394,0.588775,0.6
  2846,1.513557,0.579398,0.6
  2848,1.514701,0.569704,0.6
  2850,1.515826,0.559875,0.6
  2852,1.516931,0.550080,0.6
  2854,1.518017,0.540474,0.6
  2856,1.519084,0.531195,0.6
  2858,1.520133,0.522362,0.6
  2860,1.521165,0.514077,0.6
  2862,1.522182,0.506425,0.6
  2864,1.523184,0.499472,0.6
  2866,1.524173,0.493273,0.6
  2868,1.525152,0.487867,0.6
  2870,1.526121,0.483284,0.6
  2872,1.527081,0.479545,0.6
  2874,1.528036,0.476661,0.6
  2876,1.528986,0.474640,0.6
  2878,1.529934,0.473482,0.6
  2880,1.530880,0.473184,0.6
  2882,1.531827,0.473740,0.6
  2884,1.532777,0.475141,0.6
  2886,1.533730,0.477371,0.6
  2888,1.534690,0.480415,0.6
  2890,1.535656,0.484253,0.6
  2892,1.536631,0.488860,0.6
  2894,1.537617,0.494207,0.6
  2896,1.538614,0.500259,0.6
  2898,1.539625,0.506972,0.6
  2900,1.540650,0.514297,0.6
  2902,1.541690,0.522174,0.6
  2904,1.542747,0.530531,0.6
  2906,1.543821,0.539286,0.6
  2908,1.544913,0.548346,0.6
  2910,1.546024,0.557601,0.6
  2912,1.547153,0.566929,0.6
  2914,1.548301,0.576196,0.6
  2916,1.549467,0.585254,0.6
  2918,1.550650,0.593948,0.6
  2920,1.551851,0.602113,0.6
  2922,1.553066,0.609584,0.6
  2924,1.554295,0.616198,0.6
  2926,1.555536,0.621800,0.6
  2928,1.556787,0.626248,0.6
  2930,1.558044,0.629422,0.6
  2932,1.559306,0.631230,0.6
  2934,1.560569,0.631611,0.6
  2936,1.561831,0.630541,0.6
  2938,1.563088,0.628033,0.6
  2940,1.564338,0.624140,0.6
  2942,1.565579,0.618951,0.6
  2944,1.566808,0.612586,0.6
  2946,1.568022,0.605195,0.6
  2948,1.569220,0.596947,0.6
  2950,1.570401,0.588023,0.6
  2952,1.571563,0.578612,0.6
  2954,1.572705,0.568900,0.6
  2956,1.573828,0.559067,0.6
  2958,1.574932,0.549281,0.6
  2960,1.576016,0.539697,0.6
  2962,1.577082,0.530451,0.6
  2964,1.578129,0.521660,0.6
  2966,1.579160,0.513425,0.6
  2968,1.580175,0.505828,0.6
  2970,1.581177,0.498937,0.6
  2972,1.582165,0.492802,0.6
  2974,1.583143,0.487464,0.6
  2976,1.584111,0.482951,0.6
  2978,1.585071,0.479282,0.6
  2980,1.586025,0.476470,0.6
  2982,1.586975,0.474521,0.6
  2984,1.587923,0.473435,0.6
  2986,1.588869,0.473210,0.6
  2988,1.589816,0.473837,0.6
  2990,1.590766,0.475307,0.6
  2992,1.591720,0.477606,0.6
  2994,1.592680,0.480718,0.6
  2996,1.593647,0.484621,0.6
  2998,1.594623,0.489292,0.6
  3000,1.595610,0.494699,0.6
  3002,1.596608,0.500808,0.6
  3004,1.597620,0.507575,0.6
  3006,1.598646,0.514949,0.6
  3008,1.599688,0.522869,0.6
  3010,1.600746,0.531263,0.6
  3012,1.601822,0.540048,0.6
  3014,1.602915,0.549129,0.6
  3016,1.604027,0.558394,0.6
  3018,1.605158,0.567722,0.6
  3020,1.606307,0.576976,0.6
  3022,1.607475,0.586010,0.6
  3024,1.608660,0.594665,0.6
  3026,1.609861,0.602779,0.6
  3028,1.611078,0.610185,0.6
  3030,1.612309,0.616720,0.6
  3032,1.613550,0.622230,0.6
  3034,1.614802,0.626576,0.6
  3036,1.616059,0.629639,0.6
  3038,1.617321,0.631329,0.6
  3040,1.618585,0.631588,0.6
  3042,1.619846,0.630396,0.6
  3044,1.621103,0.627769,0.6
  3046,1.622353,0.623763,0.6
  3048,1.623593,0.618469,0.6
  3050,1.624820,0.612011,0.6
  3052,1.626033,0.604541,0.6
  3054,1.627230,0.596229,0.6
  3056,1.628409,0.587257,0.6
  3058,1.629569,0.577813,0.6
  3060,1.630710,0.568085,0.6
  3062,1.631832,0.558249,0.6
  3064,1.632933,0.548476,0.6
  3066,1.634016,0.538915,0.6
  3068,1.635080,0.529702,0.6
  3070,1.636126,0.520954,0.6
  3072,1.637156,0.512770,0.6
  3074,1.638170,0.505231,0.6
  3076,1.639170,0.498401,0.6
  3078,1.640158,0.492332,0.6
  3080,1.641134,0.487062,0.6
  3082,1.642102,0.482620,0.6
  3084,1.643062,0.479023,0.6
  3086,1.644015,0.476284,0.6
  3088,1.644965,0.474407,0.6
  3090,1.645912,0.473394,0.6
  3092,1.646859,0.473241,0.6
  3094,1.647806,0.473940,0.6
  3096,1.648756,0.475481,0.6
  3098,1.649711,0.477850,0.6
  3100,1.650671,0.481030,0.6
  3102,1.651639,0.484999,0.6
  3104,1.652616,0.489734,0.6
  3106,1.653603,0.495202,0.6
  3108,1.654603,0.501368,0.6
  3110,1.655616,0.508189,0.6
  3112,1.656643,0.515612,0.6
  3114,1.657686,0.523575,0.6
  3116,1.658746,0.532006,0.6
  3118,1.659823,0.540821,0.6
  3120,1.660919,0.549921,0.6
  3122,1.662032,0.559198,0.6
  3124,1.663165,0.568525,0.6
  3126,1.664316,0.577768,0.6
  3128,1.665485,0.586776,0.6
  3130,1.666672,0.595392,0.6
  3132,1.667874,0.603453,0.6
  3134,1.669093,0.610791,0.6
  3136,1.670324,0.617245,0.6
  3138,1.671567,0.622661,0.6
  3140,1.672819,0.626901,0.6
  3142,1.674077,0.629849,0.6
  3144,1.675339,0.631419,0.6
  3146,1.676603,0.631554,0.6
  3148,1.677864,0.630237,0.6
  3150,1.679121,0.627489,0.6
  3152,1.680369,0.623368,0.6
  3154,1.681608,0.617969,0.6
  3156,1.682835,0.611419,0.6
  3158,1.684046,0.603869,0.6
  3160,1.685241,0.595493,0.6
  3162,1.686419,0.586473,0.6
  3164,1.687578,0.576997,0.6
  3166,1.688717,0.567252,0.6
  3168,1.689837,0.557415,0.6
  3170,1.690937,0.547653,0.6
  3172,1.692018,0.538117,0.6
  3174,1.693080,0.528940,0.6
  3176,1.694125,0.520237,0.6
  3178,1.695153,0.512106,0.6
  3180,1.696166,0.504625,0.6
  3182,1.697165,0.497858,0.6
  3184,1.698152,0.491857,0.6
  3186,1.699128,0.486658,0.6
  3188,1.700094,0.482287,0.6
  3190,1.701053,0.478764,0.6
  3192,1.702007,0.476099,0.6
  3194,1.702956,0.474297,0.6
  3196,1.703903,0.473359,0.6
  3198,1.704850,0.473279,0.6
  3200,1.705798,0.474051,0.6
  3202,1.706748,0.475664,0.6
  3204,1.707703,0.478104,0.6
  3206,1.708664,0.481353,0.6
  3208,1.709633,0.485390,0.6
  3210,1.710611,0.490190,0.6
  3212,1.711599,0.495721,0.6
  3214,1.712600,0.501945,0.6
  3216,1.713614,0.508821,0.6
  3218,1.714643,0.516293,0.6
  3220,1.715687,0.524299,0.6
  3222,1.716748,0.532767,0.6
  3224,1.717827,0.541610,0.6
  3226,1.718924,0.550731,0.6
  3228,1.720039,0.560016,0.6
  3230,1.721173,0.569343,0.6
  3232,1.722326,0.578571,0.6
  3234,1.723497,0.587551,0.6
  3236,1.724685,0.596126,0.6
  3238,1.725889,0.604131,0.6
  3240,1.727108,0.611399,0.6
  3242,1.728341,0.617769,0.6
  3244,1.729584,0.623088,0.6
  3246,1.730837,0.627220,0.6
  3248,1.732096,0.630053,0.6
  3250,1.733358,0.631499,0.6
  3252,1.734621,0.631509,0.6
  3254,1.735882,0.630067,0.6
  3256,1.737138,0.627197,0.6
  3258,1.738387,0.622961,0.6
  3260,1.739625,0.617457,0.6
  3262,1.740850,0.610814,0.6
  3264,1.742060,0.603185,0.6
  3266,1.743254,0.594746,0.6
  3268,1.744430,0.585679,0.6
  3270,1.745587,0.576172,0.6
  3272,1.746725,0.566411,0.6
  3274,1.747843,0.556575,0.6
  3276,1.748941,0.546827,0.6
  3278,1.750021,0.537317,0.6
  3280,1.751081,0.528176,0.6
  3282,1.752125,0.519519,0.6
  3284,1.753152,0.511440,0.6
  3286,1.754163,0.504018,0.6
  3288,1.755161,0.497317,0.6
  3290,1.756147,0.491384,0.6
  3292,1.757122,0.486255,0.6
  3294,1.758088,0.481958,0.6
  3296,1.759046,0.478509,0.6
  3298,1.759999,0.475919,0.6
  3300,1.760949,0.474192,0.6
  3302,1.761896,0.473329,0.6
  3304,1.762842,0.473324,0.6
  3306,1.763790,0.474170,0.6
  3308,1.764741,0.475856,0.6
  3310,1.765696,0.478367,0.6
  3312,1.766658,0.481686,0.6
  3314,1.767627,0.485791,0.6
  3316,1.768606,0.490656,0.6
  3318,1.769596,0.496249,0.6
  3320,1.770598,0.502533,0.6
  3322,1.771613,0.509463,0.6
  3324,1.772643,0.516985,0.6
  3326,1.773689,0.525036,0.6
  3328,1.774752,0.533541,0.6
  3330,1.775832,0.542413,0.6
  3332,1.776931,0.551553,0.6
  3334,1.778048,0.560848,0.6
  3336,1.779184,0.570172,0.6
  3338,1.780338,0.579385,0.6
  3340,1.781510,0.588337,0.6
  3342,1.782700,0.596868,0.6
  3344,1.783906,0.604815,0.6
  3346,1.785126,0.612010,0.6
  3348,1.786360,0.618293,0.6
  3350,1.787604,0.623513,0.6
  3352,1.788857,0.627535,0.6
  3354,1.790117,0.630248,0.6
  3356,1.791379,0.631569,0.6
  3358,1.792643,0.631451,0.6
  3360,1.793903,0.629881,0.6
  3362,1.795159,0.626887,0.6
  3364,1.796406,0.622535,0.6
  3366,1.797643,0.616925,0.6
  3368,1.798867,0.610188,0.6
  3370,1.800076,0.602480,0.6
  3372,1.801268,0.593977,0.6
  3374,1.802443,0.584863,0.6
  3376,1.803598,0.575327,0.6
  3378,1.804734,0.565552,0.6
  3380,1.805850,0.555717,0.6
  3382,1.806947,0.545983,0.6
  3384,1.808025,0.536501,0.6
  3386,1.809084,0.527398,0.6
  3388,1.810126,0.518789,0.6
  3390,1.811152,0.510766,0.6
  3392,1.812162,0.503405,0.6
  3394,1.813159,0.496770,0.6
  3396,1.814143,0.490907,0.6
  3398,1.815117,0.485851,0.6
  3400,1.816083,0.481629,0.6
  3402,1.817041,0.478255,0.6
  3404,1.817993,0.475742,0.6
  3406,1.818942,0.474092,0.6
  3408,1.819889,0.473305,0.6
  3410,1.820836,0.473376,0.6
  3412,1.821784,0.474297,0.6
  3414,1.822735,0.476057,0.6
  3416,1.823691,0.478641,0.6
  3418,1.824653,0.482030,0.6
  3420,1.825623,0.486204,0.6
  3422,1.826603,0.491135,0.6
  3424,1.827594,0.496791,0.6
  3426,1.828597,0.503134,0.6
  3428,1.829613,0.510119,0.6
  3430,1.830645,0.517690,0.6
  3432,1.831692,0.525784,0.6
  3434,1.832757,0.534326,0.6
  3436,1.833839,0.543226,0.6
  3438,1.834939,0.552385,0.6
  3440,1.836058,0.561687,0.6
  3442,1.837195,0.571007,0.6
  3444,1.838351,0.580203,0.6
  3446,1.839525,0.589124,0.6
  3448,1.840716,0.597611,0.6
  3450,1.841923,0.605497,0.6
  3452,1.843145,0.612618,0.6
  3454,1.844379,0.618813,0.6
  3456,1.845625,0.623932,0.6
  3458,1.846879,0.627842,0.6
  3460,1.848138,0.630434,0.6
  3462,1.849401,0.631629,0.6
  3464,1.850664,0.631382,0.6
  3466,1.851925,0.629684,0.6
  3468,1.853179,0.626566,0.6
  3470,1.854426,0.622097,0.6
  3472,1.855662,0.616381,0.6
  3474,1.856885,0.609550,0.6
  3476,1.858092,0.601765,0.6
  3478,1.859283,0.593200,0.6
  3480,1.860456,0.584040,0.6
  3482,1.861609,0.574475,0.6
  3484,1.862744,0.564689,0.6
  3486,1.863858,0.554856,0.6
  3488,1.864953,0.545139,0.6
  3490,1.866030,0.535685,0.6
  3492,1.867087,0.526623,0.6
  3494,1.868128,0.518062,0.6
  3496,1.869152,0.510094,0.6
  3498,1.870161,0.502796,0.6
  3500,1.871157,0.496227,0.6
  3502,1.872140,0.490434,0.6
  3504,1.873114,0.485452,0.6
  3506,1.874078,0.481304,0.6
  3508,1.875036,0.478007,0.6
  3510,1.875988,0.475571,0.6
  3512,1.876937,0.473998,0.6
  3514,1.877883,0.473288,0.6
  3516,1.878830,0.473435,0.6
  3518,1.879778,0.474432,0.6
  3520,1.880730,0.476266,0.6
  3522,1.881686,0.478923,0.6
  3524,1.882649,0.482383,0.6
  3526,1.883620,0.486626,0.6
  3528,1.884601,0.491623,0.6
  3530,1.885592,0.497342,0.6
  3532,1.886597,0.503745,0.6
  3534,1.887615,0.510785,0.6
  3536,1.888648,0.518407,0.6
  3538,1.889697,0.526544,0.6
  3540,1.890763,0.535122,0.6
  3542,1.891846,0.544050,0.6
  3544,1.892948,0.553226,0.6
  3546,1.894068,0.562537,0.6
  3548,1.895208,0.571852,0.6
  3550,1.896365,0.581030,0.6
  3552,1.897541,0.589918,0.6
  3554,1.898733,0.598358,0.6
  3556,1.899942,0.606183,0.6
  3558,1.901165,0.613227,0.6
  3560,1.902400,0.619331,0.6
  3562,1.903647,0.624346,0.6
  3564,1.904901,0.628142,0.6
  3566,1.906161,0.630611,0.6
  3568,1.907424,0.631678,0.6
  3570,1.908687,0.631299,0.6
  3572,1.909948,0.629472,0.6
  3574,1.911202,0.626229,0.6
  3576,1.912447,0.621643,0.6
  3578,1.913682,0.615820,0.6
  3580,1.914904,0.608897,0.6
  3582,1.916110,0.601034,0.6
  3584,1.917299,0.592407,0.6
  3586,1.918470,0.583204,0.6
  3588,1.919622,0.573611,0.6
  3590,1.920755,0.563813,0.6
  3592,1.921867,0.553984,0.6
  3594,1.922961,0.544285,0.6
  3596,1.924035,0.534862,0.6
  3598,1.925091,0.525840,0.6
  3600,1.926130,0.517328,0.6
  3602,1.927153,0.509418,0.6
  3604,1.928161,0.502184,0.6
  3606,1.929155,0.495683,0.6
  3608,1.930138,0.489962,0.6
  3610,1.931111,0.485054,0.6
  3612,1.932074,0.480983,0.6
  3614,1.933031,0.477764,0.6
  3616,1.933983,0.475405,0.6
  3618,1.934932,0.473910,0.6
  3620,1.935879,0.473278,0.6
  3622,1.936825,0.473502,0.6
  3624,1.937774,0.474575,0.6
  3626,1.938726,0.476485,0.6
  3628,1.939683,0.479215,0.6
  3630,1.940646,0.482748,0.6
  3632,1.941618,0.487060,0.6
  3634,1.942600,0.492124,0.6
  3636,1.943593,0.497907,0.6
  3638,1.944598,0.504370,0.6
  3640,1.945617,0.511466,0.6
  3642,1.946652,0.519137,0.6
  3644,1.947702,0.527318,0.6
  3646,1.948770,0.535931,0.6
  3648,1.949855,0.544886,0.6
  3650,1.950959,0.554080,0.6
  3652,1.952081,0.563396,0.6
  3654,1.953221,0.572705,0.6
  3656,1.954381,0.581863,0.6
  3658,1.955558,0.590717,0.6
  3660,1.956752,0.599108,0.6
  3662,1.957962,0.606868,0.6
  3664,1.959186,0.613834,0.6
  3666,1.960423,0.619845,0.6
  3668,1.961670,0.624755,0.6
  3670,1.962925,0.628434,0.6
  3672,1.964186,0.630778,0.6
  3674,1.965449,0.631714,0.6
  3676,1.966712,0.631204,0.6
  3678,1.967972,0.629245,0.6
  3680,1.969225,0.625876,0.6
  3682,1.970470,0.621173,0.6
  3684,1.971704,0.615244,0.6
  3686,1.972924,0.608228,0.6
  3688,1.974128,0.600288,0.6
  3690,1.975316,0.591601,0.6
  3692,1.976485,0.582353,0.6
  3694,1.977636,0.572734,0.6
  3696,1.978766,0.562926,0.6
  3698,1.979878,0.553102,0.6
  3700,1.980969,0.543423,0.6
  3702,1.982042,0.534030,0.6
  3704,1.983097,0.525050,0.6
  3706,1.984134,0.516590,0.6
  3708,1.985155,0.508739,0.6
  3710,1.986162,0.501569,0.6
  3712,1.987155,0.495138,0.6
  3714,1.988137,0.489490,0.6
  3716,1.989109,0.484658,0.6
  3718,1.990072,0.480664,0.6
  3720,1.991028,0.477523,0.6
  3722,1.991980,0.475243,0.6
  3724,1.992928,0.473828,0.6
  3726,1.993875,0.473274,0.6
  3728,1.994822,0.473577,0.6
  3730,1.995771,0.474728,0.6
  3732,1.996723,0.476713,0.6
  3734,1.997681,0.479518,0.6
  3736,1.998645,0.483123,0.6
  3738,1.999618,0.487506,0.6
  3740,2.000600,0.492637,0.6
  3742,2.001594,0.498485,0.6
  3744,2.002601,0.505008,0.6
  3746,2.003621,0.512159,0.6
  3748,2.004657,0.519879,0.6
  3750,2.005709,0.528104,0.6
  3752,2.006778,0.536753,0.6
  3754,2.007865,0.545735,0.6
  3756,2.008971,0.554945,0.6
  3758,2.010095,0.564267,0.6
  3760,2.011237,0.573568,0.6
  3762,2.012398,0.582705,0.6
  3764,2.013577,0.591524,0.6
  3766,2.014772,0.599864,0.6
  3768,2.015984,0.607558,0.6
  3770,2.017209,0.614442,0.6
  3772,2.018447,0.620358,0.6
  3774,2.019695,0.625159,0.6
  3776,2.020951,0.628719,0.6
  3778,2.022212,0.630936,0.6
  3780,2.023475,0.631740,0.6
  3782,2.024738,0.631095,0.6
  3784,2.025997,0.629004,0.6
  3786,2.027250,0.625509,0.6
  3788,2.028494,0.620687,0.6
  3790,2.029726,0.614651,0.6
  3792,2.030945,0.607543,0.6
  3794,2.032148,0.599527,0.6
  3796,2.033334,0.590779,0.6
  3798,2.034502,0.581489,0.6
  3800,2.035651,0.571844,0.6
  3802,2.036780,0.562027,0.6
  3804,2.037889,0.552210,0.6
  3806,2.038979,0.542551,0.6
  3808,2.040050,0.533190,0.6
  3810,2.041103,0.524255,0.6
  3812,2.042139,0.515847,0.6
  3814,2.043159,0.508056,0.6
  3816,2.044164,0.500953,0.6
  3818,2.045156,0.494592,0.6
  3820,2.046137,0.489019,0.6
  3822,2.047108,0.484263,0.6
  3824,2.048070,0.480348,0.6
  3826,2.049026,0.477287,0.6
  3828,2.049978,0.475087,0.6
  3830,2.050925,0.473752,0.6
  3832,2.051872,0.473278,0.6
  3834,2.052819,0.473660,0.6
  3836,2.053768,0.474888,0.6
  3838,2.054721,0.476950,0.6
  3840,2.055679,0.479830,0.6
  3842,2.056644,0.483509,0.6
  3844,2.057618,0.487962,0.6
  3846,2.058602,0.493163,0.6
  3848,2.059597,0.499075,0.6
  3850,2.060605,0.505659,0.6
  3852,2.061627,0.512866,0.6
  3854,2.062664,0.520638,0.6
  3856,2.063718,0.528905,0.6
  3858,2.064789,0.537589,0.6
  3860,2.065877,0.546597,0.6
  3862,2.066984,0.555823,0.6
  3864,2.068110,0.565149,0.6
  3866,2.069254,0.574441,0.6
  3868,2.070417,0.583555,0.6
  3870,2.071597,0.592337,0.6
  3872,2.072794,0.600623,0.6
  3874,2.074007,0.608248,0.6
  3876,2.075234,0.615049,0.6
  3878,2.076473,0.620866,0.6
  3880,2.077722,0.625557,0.6
  3882,2.078978,0.628995,0.6
  3884,2.080240,0.631082,0.6
  3886,2.081503,0.631752,0.6
  3888,2.082765,0.630972,0.6
  3890,2.084024,0.628747,0.6
  3892,2.085276,0.625123,0.6
  3894,2.086519,0.620182,0.6
  3896,2.087750,0.614040,0.6
  3898,2.088968,0.606841,0.6
  3900,2.090169,0.598748,0.6
  3902,2.091354,0.589943,0.6
  3904,2.092520,0.580613,0.6
  3906,2.093666,0.570945,0.6
  3908,2.094794,0.561120,0.6
  3910,2.095901,0.551311,0.6
  3912,2.096989,0.541675,0.6
  3914,2.098058,0.532350,0.6
  3916,2.099110,0.523459,0.6
  3918,2.100144,0.515105,0.6
  3920,2.101163,0.507374,0.6
  3922,2.102167,0.500338,0.6
  3924,2.103158,0.494049,0.6
  3926,2.104138,0.488550,0.6
  3928,2.105108,0.483872,0.6
  3930,2.106070,0.480036,0.6
  3932,2.107025,0.477055,0.6
  3934,2.107976,0.474937,0.6
  3936,2.108924,0.473682,0.6
  3938,2.109871,0.473289,0.6
  3940,2.110818,0.473751,0.6
  3942,2.111767,0.475058,0.6
  3944,2.112721,0.477197,0.6
  3946,2.113679,0.480154,0.6
  3948,2.114645,0.483907,0.6
  3950,2.115620,0.488432,0.6
  3952,2.116605,0.493701,0.6
  3954,2.117601,0.499679,0.6
  3956,2.118610,0.506324,0.6
  3958,2.119634,0.513588,0.6
  3960,2.120672,0.521409,0.6
  3962,2.121728,0.529719,0.6
  3964,2.122800,0.538439,0.6
  3966,2.123890,0.547472,0.6
  3968,2.124999,0.556712,0.6
  3970,2.126127,0.566040,0.6
  3972,2.127273,0.575323,0.6
  3974,2.128437,0.584412,0.6
  3976,2.129619,0.593154,0.6
  3978,2.130818,0.601385,0.6
  3980,2.132032,0.608940,0.6
  3982,2.133260,0.615654,0.6
  3984,2.134500,0.621371,0.6
  3986,2.135750,0.625948,0.6
  3988,2.137007,0.629262,0.6
  3990,2.138268,0.631218,0.6
  3992,2.139532,0.631752,0.6
  3994,2.140794,0.630834,0.6
  3996,2.142052,0.628475,0.6
  3998,2.143304,0.624722,0.6
  4000,2.144546,0.619663,0.6
  4002,2.145776,0.613413,0.6
  4004,2.146992,0.606121,0.6
  4006,2.148192,0.597953,0.6
  4008,2.149375,0.589089,0.6
  4010,2.150539,0.579717,0.6
  4012,2.151684,0.570026,0.6
  4014,2.152809,0.560196,0.6
  4016,2.153915,0.550396,0.6
  4018,2.155001,0.540782,0.6
  4020,2.156069,0.531493,0.6
  4022,2.157119,0.522649,0.6
  4024,2.158151,0.514352,0.6
  4026,2.159168,0.506686,0.6
  4028,2.160171,0.499718,0.6
  4030,2.161161,0.493504,0.6
  4032,2.162140,0.488082,0.6
  4034,2.163109,0.483483,0.6
  4036,2.164070,0.479728,0.6
  4038,2.165025,0.476828,0.6
  4040,2.165976,0.474792,0.6
  4042,2.166924,0.473619,0.6
  4044,2.167870,0.473307,0.6
  4046,2.168818,0.473850,0.6
  4048,2.169767,0.475237,0.6
  4050,2.170721,0.477455,0.6
  4052,2.171680,0.480488,0.6
  4054,2.172647,0.484316,0.6
  4056,2.173623,0.488913,0.6
  4058,2.174608,0.494251,0.6
  4060,2.175606,0.500294,0.6
  4062,2.176616,0.507000,0.6
  4064,2.177641,0.514319,0.6
  4066,2.178681,0.522189,0.6
  4068,2.179738,0.530542,0.6
  4070,2.180812,0.539295,0.6
  4072,2.181905,0.548353,0.6
  4074,2.183015,0.557607,0.6
  4076,2.184144,0.566937,0.6
  4078,2.185292,0.576207,0.6
  4080,2.186458,0.585270,0.6
  4082,2.187642,0.593971,0.6
  4084,2.188842,0.602144,0.6
  4086,2.190058,0.609627,0.6
  4088,2.191287,0.616253,0.6
  4090,2.192528,0.621868,0.6
  4092,2.193779,0.626330,0.6
  4094,2.195036,0.629519,0.6
  4096,2.196298,0.631342,0.6
  4098,2.197562,0.631739,0.6
  4100,2.198823,0.630682,0.6
  4102,2.200081,0.628188,0.6
  4104,2.201332,0.624307,0.6
  4106,2.202573,0.619128,0.6
  4108,2.203802,0.612773,0.6
  4110,2.205016,0.605390,0.6
  4112,2.206215,0.597148,0.6
  4114,2.207396,0.588228,0.6
  4116,2.208558,0.578818,0.6
  4118,2.209701,0.569106,0.6
  4120,2.210825,0.559272,0.6
  4122,2.211929,0.549484,0.6
  4124,2.213013,0.539895,0.6
  4126,2.214079,0.530644,0.6
  4128,2.215127,0.521849,0.6
  4130,2.216158,0.513607,0.6
  4132,2.217174,0.506004,0.6
  4134,2.218175,0.499106,0.6
  4136,2.219164,0.492965,0.6
  4138,2.220142,0.487621,0.6
  4140,2.221110,0.483101,0.6
  4142,2.222071,0.479427,0.6
  4144,2.223025,0.476609,0.6
  4146,2.223975,0.474655,0.6
  4148,2.224923,0.473564,0.6
  4150,2.225869,0.473333,0.6
  4152,2.226817,0.473957,0.6
  4154,2.227767,0.475423,0.6
  4156,2.228721,0.477719,0.6
  4158,2.229681,0.480828,0.6
  4160,2.230649,0.484730,0.6
  4162,2.231625,0.489399,0.6
  4164,2.232612,0.494805,0.6
  4166,2.233611,0.500914,0.6
  4168,2.234622,0.507680,0.6
  4170,2.235649,0.515055,0.6
  4172,2.236691,0.522975,0.6
  4174,2.237750,0.531371,0.6
  4176,2.238826,0.540158,0.6
  4178,2.239920,0.549241,0.6
  4180,2.241032,0.558510,0.6
  4182,2.242163,0.567841,0.6
  4184,2.243313,0.577098,0.6
  4186,2.244481,0.586135,0.6
  4188,2.245666,0.594792,0.6
  4190,2.246868,0.602908,0.6
  4192,2.248085,0.610315,0.6
  4194,2.249316,0.616852,0.6
  4196,2.250557,0.622361,0.6
  4198,2.251809,0.626706,0.6
  4200,2.253067,0.629767,0.6
  4202,2.254329,0.631455,0.6
  4204,2.255593,0.631711,0.6
  4206,2.256855,0.630515,0.6
  4208,2.258112,0.627883,0.6
  4210,2.259362,0.623872,0.6
  4212,2.260602,0.618573,0.6
  4214,2.261830,0.612111,0.6
  4216,2.263043,0.604637,0.6
  4218,2.264240,0.596320,0.6
  4220,2.265419,0.587344,0.6
  4222,2.266580,0.577897,0.6
  4224,2.267721,0.568165,0.6
  4226,2.268842,0.558328,0.6
  4228,2.269944,0.548552,0.6
  4230,2.271027,0.538990,0.6
  4232,2.272091,0.529777,0.6
  4234,2.273138,0.521031,0.6
  4236,2.274167,0.512848,0.6
  4238,2.275182,0.505311,0.6
  4240,2.276182,0.498485,0.6
  4242,2.277170,0.492419,0.6
  4244,2.278147,0.487154,0.6
  4246,2.279114,0.482716,0.6
  4248,2.280074,0.479124,0.6
  4250,2.281028,0.476391,0.6
  4252,2.281978,0.474521,0.6
  4254,2.282926,0.473515,0.6
  4256,2.283872,0.473368,0.6
  4258,2.284820,0.474075,0.6
  4260,2.285770,0.475623,0.6
  4262,2.286725,0.478000,0.6
  4264,2.287685,0.481187,0.6
  4266,2.288653,0.485165,0.6
  4268,2.289631,0.489907,0.6
  4270,2.290619,0.495384,0.6
  4272,2.291619,0.501559,0.6
  4274,2.292632,0.508388,0.6
  4276,2.293660,0.515818,0.6
  4278,2.294703,0.523788,0.6
  4280,2.295763,0.532225,0.6
  4282,2.296841,0.541045,0.6
  4284,2.297936,0.550149,0.6
  4286,2.299051,0.559429,0.6
  4288,2.300184,0.568758,0.6
  4290,2.301335,0.578000,0.6
  4292,2.302504,0.587006,0.6
  4294,2.303691,0.595617,0.6
  4296,2.304894,0.603671,0.6
  4298,2.306113,0.611000,0.6
  4300,2.307345,0.617444,0.6
  4302,2.308588,0.622846,0.6
  4304,2.309840,0.627071,0.6
  4306,2.311099,0.630003,0.6
  4308,2.312361,0.631554,0.6
  4310,2.313625,0.631670,0.6
  4312,2.314886,0.630334,0.6
  4314,2.316143,0.627566,0.6
  4316,2.317392,0.623426,0.6
  4318,2.318631,0.618010,0.6
  4320,2.319857,0.611444,0.6
  4322,2.321069,0.603880,0.6
  4324,2.322264,0.595491,0.6
  4326,2.323442,0.586460,0.6
  4328,2.324600,0.576977,0.6
  4330,2.325740,0.567227,0.6
  4332,2.326859,0.557388,0.6
  4334,2.327960,0.547627,0.6
  4336,2.329041,0.538093,0.6
  4338,2.330103,0.528921,0.6
  4340,2.331147,0.520226,0.6
  4342,2.332176,0.512102,0.6
  4344,2.333189,0.504630,0.6
  4346,2.334188,0.497875,0.6
  4348,2.335174,0.491885,0.6
  4350,2.336150,0.486699,0.6
  4352,2.337117,0.482342,0.6
  4354,2.338076,0.478834,0.6
  4356,2.339030,0.476184,0.6
  4358,2.339979,0.474397,0.6
  4360,2.340926,0.473474,0.6
  4362,2.341873,0.473411,0.6
  4364,2.342821,0.474199,0.6
  4366,2.343772,0.475829,0.6
  4368,2.344727,0.478285,0.6
  4370,2.345689,0.481551,0.6
  4372,2.346658,0.485605,0.6
  4374,2.347636,0.490421,0.6
  4376,2.348625,0.495968,0.6
  4378,2.349626,0.502208,0.6
  4380,2.350641,0.509097,0.6
  4382,2.351670,0.516583,0.6
  4384,2.352715,0.524603,0.6
  4386,2.353777,0.533082,0.6
  4388,2.354856,0.541934,0.6
  4390,2.355954,0.551061,0.6
  4392,2.357070,0.560351,0.6
  4394,2.358205,0.569679,0.6
  4396,2.359358,0.578904,0.6
  4398,2.360529,0.587879,0.6
  4400,2.361718,0.596444,0.6
  4402,2.362923,0.604435,0.6
  4404,2.364143,0.611685,0.6
  4406,2.365376,0.618033,0.6
  4408,2.366620,0.623326,0.6
  4410,2.367873,0.627429,0.6
  4412,2.369132,0.630228,0.6
  4414,2.370395,0.631640,0.6
  4416,2.371658,0.631614,0.6
  4418,2.372919,0.630136,0.6
  4420,2.374176,0.627230,0.6
  4422,2.375424,0.622959,0.6
  4424,2.376662,0.617423,0.6
  4426,2.377887,0.610751,0.6
  4428,2.379097,0.603097,0.6
  4430,2.380291,0.594636,0.6
  4432,2.381466,0.585553,0.6
  4434,2.382623,0.576036,0.6
  4436,2.383760,0.566270,0.6
  4438,2.384878,0.556432,0.6
  4440,2.385976,0.546686,0.6
  4442,2.387055,0.537183,0.6
  4444,2.388116,0.528053,0.6
  4446,2.389159,0.519409,0.6
  4448,2.390186,0.511346,0.6
  4450,2.391197,0.503942,0.6
  4452,2.392195,0.497260,0.6
  4454,2.393181,0.491348,0.6
  4456,2.394156,0.486242,0.6
  4458,2.395122,0.481968,0.6
  4460,2.396080,0.478544,0.6
  4462,2.397033,0.475979,0.6
  4464,2.397983,0.474278,0.6
  4466,2.398930,0.473441,0.6
  4468,2.399877,0.473463,0.6
  4470,2.400825,0.474335,0.6
  4472,2.401776,0.476047,0.6
  4474,2.402732,0.478585,0.6
  4476,2.403694,0.481930,0.6
  4478,2.404664,0.486061,0.6
  4480,2.405643,0.490951,0.6
  4482,2.406634,0.496570,0.6
  4484,2.407636,0.502878,0.6
  4486,2.408652,0.509830,0.6
  4488,2.409683,0.517372,0.6
  4490,2.410730,0.525441,0.6
  4492,2.411794,0.533962,0.6
  4494,2.412875,0.542847,0.6
  4496,2.413975,0.551998,0.6
  4498,2.415092,0.561298,0.6
  4500,2.416229,0.570622,0.6
  4502,2.417384,0.579830,0.6
  4504,2.418557,0.588771,0.6
  4506,2.419748,0.597286,0.6
  4508,2.420954,0.605209,0.6
  4510,2.422175,0.612376,0.6
  4512,2.423409,0.618624,0.6
  4514,2.424654,0.623804,0.6
  4516,2.425908,0.627781,0.6
  4518,2.427168,0.630445,0.6
  4520,2.428431,0.631714,0.6
  4522,2.429694,0.631543,0.6
  4524,2.430955,0.629920,0.6
  4526,2.432210,0.626874,0.6
  4528,2.433458,0.622472,0.6
  4530,2.434694,0.616816,0.6
  4532,2.435918,0.610039,0.6
  4534,2.437126,0.602297,0.6
  4536,2.438318,0.593765,0.6
  4538,2.439492,0.584630,0.6
  4540,2.440647,0.575079,0.6
  4542,2.441783,0.565297,0.6
  4544,2.442899,0.555461,0.6
  4546,2.443995,0.545734,0.6
  4548,2.445072,0.536262,0.6
  4550,2.446131,0.527175,0.6
  4552,2.447172,0.518585,0.6
  4554,2.448197,0.510585,0.6
  4556,2.449208,0.503251,0.6
  4558,2.450204,0.496643,0.6
  4560,2.451189,0.490810,0.6
  4562,2.452163,0.485787,0.6
  4564,2.453128,0.481597,0.6
  4566,2.454086,0.478259,0.6
  4568,2.455039,0.475781,0.6
  4570,2.455988,0.474167,0.6
  4572,2.456935,0.473416,0.6
  4574,2.457882,0.473524,0.6
  4576,2.458830,0.474482,0.6
  4578,2.459782,0.476278,0.6
  4580,2.460738,0.478898,0.6
  4582,2.461701,0.482324,0.6
  4584,2.462672,0.486532,0.6
  4586,2.463652,0.491498,0.6
  4588,2.464644,0.497186,0.6
  4590,2.465647,0.503561,0.6
  4592,2.466665,0.510575,0.6
  4594,2.467697,0.518173,0.6
  4596,2.468746,0.526291,0.6
  4598,2.469811,0.534852,0.6
  4600,2.470894,0.543767,0.6
  4602,2.471995,0.552936,0.6
  4604,2.473115,0.562245,0.6
  4606,2.474254,0.571565,0.6
  4608,2.475411,0.580753,0.6
  4610,2.476586,0.589659,0.6
  4612,2.477778,0.598122,0.6
  4614,2.478986,0.605978,0.6
  4616,2.480209,0.613060,0.6
  4618,2.481444,0.619208,0.6
  4620,2.482690,0.624272,0.6
  4622,2.483945,0.628121,0.6
  4624,2.485205,0.630648,0.6
  4626,2.486468,0.631774,0.6
  4628,2.487731,0.631456,0.6
  4630,2.488992,0.629686,0.6
  4632,2.490247,0.626500,0.6
  4634,2.491493,0.621965,0.6
  4636,2.492728,0.616189,0.6
  4638,2.493951,0.609306,0.6
  4640,2.495158,0.601475,0.6
  4642,2.496348,0.592873,0.6
  4644,2.497520,0.583686,0.6
  4646,2.498673,0.574102,0.6
  4648,2.499807,0.564307,0.6
  4650,2.500921,0.554475,0.6
  4652,2.502015,0.544767,0.6
  4654,2.503090,0.535329,0.6
  4656,2.504147,0.526288,0.6
  4658,2.505187,0.517754,0.6
  4660,2.506210,0.509818,0.6
  4662,2.507219,0.502555,0.6
  4664,2.508214,0.496025,0.6
  4666,2.509197,0.490273,0.6
  4668,2.510171,0.485334,0.6
  4670,2.511135,0.481230,0.6
  4672,2.512093,0.477979,0.6
  4674,2.513045,0.475589,0.6
  4676,2.513994,0.474063,0.6
  4678,2.514941,0.473399,0.6
  4680,2.515888,0.473594,0.6
  4682,2.516836,0.474638,0.6
  4684,2.517788,0.476518,0.6
  4686,2.518745,0.479221,0.6
  4688,2.519709,0.482727,0.6
  4690,2.520681,0.487014,0.6
  4692,2.521662,0.492055,0.6
  4694,2.522655,0.497817,0.6
  4696,2.523660,0.504260,0.6
  4698,2.524680,0.511337,0.6
  4700,2.525714,0.518992,0.6
  4702,2.526764,0.527160,0.6
  4704,2.527831,0.535763,0.6
  4706,2.528916,0.544710,0.6
  4708,2.530019,0.553900,0.6
  4710,2.531141,0.563216,0.6
  4712,2.532281,0.572528,0.6
  4714,2.533440,0.581695,0.6
  4716,2.534617,0.590564,0.6
  4718,2.535811,0.598974,0.6
  4720,2.537021,0.606757,0.6
  4722,2.538245,0.613750,0.6
  4724,2.539481,0.619793,0.6
  4726,2.540729,0.624738,0.6
  4728,2.541984,0.628456,0.6
  4730,2.543245,0.630841,0.6
  4732,2.544508,0.631820,0.6
  4734,2.545771,0.631351,0.6
  4736,2.547031,0.629434,0.6
  4738,2.548285,0.626104,0.6
  4740,2.549531,0.621436,0.6
  4742,2.550765,0.615539,0.6
  4744,2.551986,0.608551,0.6
  4746,2.553191,0.600633,0.6
  4748,2.554379,0.591963,0.6
  4750,2.555549,0.582728,0.6
  4752,2.556700,0.573115,0.6
  4754,2.557832,0.563307,0.6
  4756,2.558944,0.553479,0.6
  4758,2.560036,0.543792,0.6
  4760,2.561109,0.534389,0.6
  4762,2.562165,0.525396,0.6
  4764,2.563203,0.516919,0.6
  4766,2.564224,0.509049,0.6
  4768,2.565232,0.501859,0.6
  4770,2.566226,0.495407,0.6
  4772,2.567208,0.489737,0.6
  4774,2.568180,0.484883,0.6
  4776,2.569144,0.480867,0.6
  4778,2.570101,0.477704,0.6
  4780,2.571053,0.475403,0.6
  4782,2.572001,0.473966,0.6
  4784,2.572948,0.473391,0.6
  4786,2.573895,0.473674,0.6
  4788,2.574844,0.474805,0.6
  4790,2.575797,0.476771,0.6
  4792,2.576754,0.479558,0.6
  4794,2.577719,0.483147,0.6
  4796,2.578691,0.487513,0.6
  4798,2.579674,0.492629,0.6
  4800,2.580668,0.498463,0.6
  4802,2.581675,0.504973,0.6
  4804,2.582695,0.512113,0.6
  4806,2.583731,0.519825,0.6
  4808,2.584783,0.528041,0.6
  4810,2.585852,0.536684,0.6
  4812,2.586939,0.545662,0.6
  4814,2.588044,0.554871,0.6
  4816,2.589168,0.564194,0.6
  4818,2.590310,0.573497,0.6
  4820,2.591471,0.582640,0.6
  4822,2.592649,0.591469,0.6
  4824,2.593845,0.599820,0.6
  4826,2.595056,0.607530,0.6
  4828,2.596282,0.614432,0.6
  4830,2.597519,0.620368,0.6
  4832,2.598768,0.625192,0.6
  4834,2.600023,0.628777,0.6
  4836,2.601285,0.631020,0.6
  4838,2.602548,0.631850,0.6
  4840,2.603811,0.631231,0.6
  4842,2.605071,0.629165,0.6
  4844,2.606324,0.625694,0.6
  4846,2.607568,0.620894,0.6
  4848,2.608801,0.614877,0.6
  4850,2.610020,0.607784,0.6
  4852,2.611224,0.599781,0.6
  4854,2.612411,0.591042,0.6
  4856,2.613579,0.581759,0.6
  4858,2.614728,0.572116,0.6
  4860,2.615857,0.562298,0.6
  4862,2.616967,0.552479,0.6
  4864,2.618058,0.542814,0.6
  4866,2.619129,0.533447,0.6
  4868,2.620183,0.524502,0.6
  4870,2.621219,0.516085,0.6
  4872,2.622239,0.508282,0.6
  4874,2.623245,0.501165,0.6
  4876,2.624238,0.494793,0.6
  4878,2.625219,0.489206,0.6
  4880,2.626190,0.484438,0.6
  4882,2.627153,0.480510,0.6
  4884,2.628109,0.477437,0.6
  4886,2.629061,0.475225,0.6
  4888,2.630009,0.473877,0.6
  4890,2.630956,0.473392,0.6
  4892,2.631903,0.473763,0.6
  4894,2.632852,0.474981,0.6
  4896,2.633805,0.477034,0.6
  4898,2.634763,0.479904,0.6
  4900,2.635729,0.483574,0.6
  4902,2.636702,0.488019,0.6
  4904,2.637686,0.493212,0.6
  4906,2.638681,0.499118,0.6
  4908,2.639689,0.505696,0.6
  4910,2.640711,0.512898,0.6
  4912,2.641749,0.520665,0.6
  4914,2.642802,0.528929,0.6
  4916,2.643873,0.537611,0.6
  4918,2.644962,0.546618,0.6
  4920,2.646069,0.555845,0.6
  4922,2.647195,0.565171,0.6
  4924,2.648339,0.574466,0.6
  4926,2.649502,0.583583,0.6
  4928,2.650682,0.592370,0.6
  4930,2.651879,0.600663,0.6
  4932,2.653092,0.608297,0.6
  4934,2.654319,0.615106,0.6
  4936,2.655558,0.620934,0.6
  4938,2.656807,0.625635,0.6
  4940,2.658064,0.629084,0.6
  4942,2.659325,0.631184,0.6
  4944,2.660589,0.631865,0.6
  4946,2.661851,0.631095,0.6
  4948,2.663110,0.628881,0.6
  4950,2.664363,0.625266,0.6
  4952,2.665606,0.620333,0.6
  4954,2.666838,0.614197,0.6
  4956,2.668056,0.607002,0.6
  4958,2.669258,0.598912,0.6
  4960,2.670443,0.590109,0.6
  4962,2.671609,0.580779,0.6
  4964,2.672756,0.571110,0.6
  4966,2.673883,0.561284,0.6
  4968,2.674991,0.551473,0.6
  4970,2.676080,0.541832,0.6
  4972,2.677150,0.532503,0.6
  4974,2.678201,0.523608,0.6
  4976,2.679236,0.515250,0.6
  4978,2.680255,0.507516,0.6
  4980,2.681259,0.500475,0.6
  4982,2.682251,0.494182,0.6
  4984,2.683231,0.488680,0.6
  4986,2.684201,0.483998,0.6
  4988,2.685163,0.480159,0.6
  4990,2.686119,0.477175,0.6
  4992,2.687070,0.475054,0.6
  4994,2.688018,0.473797,0.6
  4996,2.688965,0.473402,0.6
  4998,2.689913,0.473863,0.6
  5000,2.690862,0.475170,0.6
  5002,2.691816,0.477309,0.6
  5004,2.692775,0.480266,0.6
  5006,2.693741,0.484019,0.6
  5008,2.694715,0.488544,0.6
  5010,2.695700,0.493814,0.6
  5012,2.696697,0.499793,0.6
  5014,2.697706,0.506440,0.6
  5016,2.698730,0.513703,0.6
  5018,2.699769,0.521527,0.6
  5020,2.700824,0.529840,0.6
  5022,2.701897,0.538560,0.6
  5024,2.702988,0.547596,0.6
  5026,2.704097,0.556839,0.6
  5028,2.705225,0.566169,0.6
  5030,2.706371,0.575453,0.6
  5032,2.707536,0.584544,0.6
  5034,2.708718,0.593287,0.6
  5036,2.709917,0.601518,0.6
  5038,2.711131,0.609072,0.6
  5040,2.712359,0.615785,0.6
  5042,2.713600,0.621500,0.6
  5044,2.714850,0.626073,0.6
  5046,2.716107,0.629384,0.6
  5048,2.717369,0.631335,0.6
  5050,2.718633,0.631863,0.6
  5052,2.719895,0.630939,0.6
  5054,2.721153,0.628573,0.6
  5056,2.722405,0.624815,0.6
  5058,2.723647,0.619748,0.6
  5060,2.724878,0.613493,0.6
  5062,2.726094,0.606194,0.6
  5064,2.727294,0.598021,0.6
  5066,2.728477,0.589153,0.6
  5068,2.729641,0.579778,0.6
  5070,2.730786,0.570083,0.6
  5072,2.731912,0.560250,0.6
  5074,2.733018,0.550449,0.6
  5076,2.734104,0.540836,0.6
  5078,2.735172,0.531547,0.6
  5080,2.736221,0.522705,0.6
  5082,2.737254,0.514409,0.6
  5084,2.738271,0.506746,0.6
  5086,2.739274,0.499782,0.6
  5088,2.740264,0.493572,0.6
  5090,2.741243,0.488155,0.6
  5092,2.742212,0.483563,0.6
  5094,2.743174,0.479814,0.6
  5096,2.744129,0.476921,0.6
  5098,2.745080,0.474892,0.6
  5100,2.746027,0.473726,0.6
  5102,2.746974,0.473422,0.6
  5104,2.747922,0.473972,0.6
  5106,2.748872,0.475367,0.6
  5108,2.749826,0.477593,0.6
  5110,2.750785,0.480634,0.6
  5112,2.751752,0.484470,0.6
  5114,2.752728,0.489076,0.6
  5116,2.753714,0.494422,0.6
  5118,2.754712,0.500474,0.6
  5120,2.755723,0.507188,0.6
  5122,2.756748,0.514514,0.6
  5124,2.757789,0.522392,0.6
  5126,2.758846,0.530751,0.6
  5128,2.759920,0.539509,0.6
  5130,2.761013,0.548571,0.6
  5132,2.762124,0.557829,0.6
  5134,2.763254,0.567160,0.6
  5136,2.764402,0.576431,0.6
  5138,2.765568,0.585493,0.6
  5140,2.766752,0.594189,0.6
  5142,2.767953,0.602358,0.6
  5144,2.769169,0.609831,0.6
  5146,2.770399,0.616446,0.6
  5148,2.771641,0.622048,0.6
  5150,2.772892,0.626495,0.6
  5152,2.774149,0.629666,0.6
  5154,2.775412,0.631470,0.6
  5156,2.776675,0.631845,0.6
  5158,2.777938,0.630768,0.6
  5160,2.779196,0.628252,0.6
  5162,2.780447,0.624350,0.6
  5164,2.781688,0.619152,0.6
  5166,2.782917,0.612778,0.6
  5168,2.784131,0.605378,0.6
  5170,2.785330,0.597123,0.6
  5172,2.786510,0.588192,0.6
  5174,2.787673,0.578774,0.6
  5176,2.788816,0.569056,0.6
  5178,2.789939,0.559219,0.6
  5180,2.791043,0.549431,0.6
  5182,2.792127,0.539846,0.6
  5184,2.793193,0.530599,0.6
  5186,2.794241,0.521810,0.6
  5188,2.795272,0.513578,0.6
  5190,2.796288,0.505985,0.6
  5192,2.797289,0.499099,0.6
  5194,2.798278,0.492971,0.6
  5196,2.799256,0.487640,0.6
  5198,2.800224,0.483136,0.6
  5200,2.801185,0.479477,0.6
  5202,2.802140,0.476676,0.6
  5204,2.803090,0.474738,0.6
  5206,2.804038,0.473664,0.6
  5208,2.804985,0.473451,0.6
  5210,2.805932,0.474092,0.6
  5212,2.806883,0.475576,0.6
  5214,2.807837,0.477890,0.6
  5216,2.808798,0.481017,0.6
  5218,2.809765,0.484935,0.6
  5220,2.810742,0.489622,0.6
  5222,2.811729,0.495046,0.6
  5224,2.812729,0.501170,0.6
  5226,2.813741,0.507953,0.6
  5228,2.814768,0.515342,0.6
  5230,2.815811,0.523277,0.6
  5232,2.816870,0.531683,0.6
  5234,2.817946,0.540480,0.6
  5236,2.819041,0.549570,0.6
  5238,2.820154,0.558842,0.6
  5240,2.821286,0.568174,0.6
  5242,2.822436,0.577429,0.6
  5244,2.823605,0.586460,0.6
  5246,2.824790,0.595108,0.6
  5248,2.825993,0.603209,0.6
  5250,2.827210,0.610598,0.6
  5252,2.828441,0.617112,0.6
  5254,2.829684,0.622595,0.6
  5256,2.830935,0.626909,0.6
  5258,2.832194,0.629938,0.6
  5260,2.833457,0.631591,0.6
  5262,2.834720,0.631811,0.6
  5264,2.835982,0.630578,0.6
  5266,2.837240,0.627911,0.6
  5268,2.838490,0.623866,0.6
  5270,2.839729,0.618535,0.6
  5272,2.840957,0.612044,0.6
  5274,2.842170,0.604545,0.6
  5276,2.843367,0.596207,0.6
  5278,2.844546,0.587214,0.6
  5280,2.845706,0.577755,0.6
  5282,2.846847,0.568016,0.6
  5284,2.847968,0.558177,0.6
  5286,2.849070,0.548403,0.6
  5288,2.850152,0.538848,0.6
  5290,2.851216,0.529645,0.6
  5292,2.852262,0.520911,0.6
  5294,2.853292,0.512744,0.6
  5296,2.854306,0.505224,0.6
  5298,2.855306,0.498417,0.6
  5300,2.856293,0.492372,0.6
  5302,2.857270,0.487129,0.6
  5304,2.858238,0.482714,0.6
  5306,2.859198,0.479147,0.6
  5308,2.860152,0.476438,0.6
  5310,2.861102,0.474593,0.6
  5312,2.862049,0.473612,0.6
  5314,2.862996,0.473491,0.6
  5316,2.863944,0.474223,0.6
  5318,2.864895,0.475797,0.6
  5320,2.865850,0.478200,0.6
  5322,2.866811,0.481414,0.6
  5324,2.867780,0.485417,0.6
  5326,2.868758,0.490184,0.6
  5328,2.869746,0.495686,0.6
  5330,2.870747,0.501884,0.6
  5332,2.871761,0.508735,0.6
  5334,2.872790,0.516186,0.6
  5336,2.873834,0.524175,0.6
  5338,2.874895,0.532629,0.6
  5340,2.875973,0.541462,0.6
  5342,2.877070,0.550577,0.6
  5344,2.878185,0.559862,0.6
  5346,2.879319,0.569193,0.6
  5348,2.880471,0.578431,0.6
  5350,2.881641,0.587427,0.6
  5352,2.882829,0.596024,0.6
  5354,2.884033,0.604057,0.6
  5356,2.885252,0.611359,0.6
  5358,2.886485,0.617768,0.6
  5360,2.887729,0.623132,0.6
  5362,2.888981,0.627312,0.6
  5364,2.890240,0.630196,0.6
  5366,2.891503,0.631696,0.6
  5368,2.892767,0.631759,0.6
  5370,2.894029,0.630368,0.6
  5372,2.895285,0.627548,0.6
  5374,2.896534,0.623358,0.6
  5376,2.897773,0.617894,0.6
  5378,2.898999,0.611286,0.6
  5380,2.900210,0.603686,0.6
  5382,2.901405,0.595268,0.6
  5384,2.902582,0.586215,0.6
  5386,2.903741,0.576716,0.6
  5388,2.904880,0.566957,0.6
  5390,2.905999,0.557116,0.6
  5392,2.907098,0.547359,0.6
  5394,2.908179,0.537835,0.6
  5396,2.909240,0.528678,0.6
  5398,2.910285,0.520001,0.6
  5400,2.911313,0.511900,0.6
  5402,2.912325,0.504455,0.6
  5404,2.913324,0.497729,0.6
  5406,2.914310,0.491770,0.6
  5408,2.915286,0.486616,0.6
  5410,2.916253,0.482293,0.6
  5412,2.917212,0.478819,0.6
  5414,2.918165,0.476205,0.6
  5416,2.919115,0.474454,0.6
  5418,2.920063,0.473568,0.6
  5420,2.921010,0.473541,0.6
  5422,2.921958,0.474366,0.6
  5424,2.922909,0.476032,0.6
  5426,2.923865,0.478524,0.6
  5428,2.924827,0.481825,0.6
  5430,2.925796,0.485914,0.6
  5432,2.926775,0.490763,0.6
  5434,2.927765,0.496343,0.6
  5436,2.928767,0.502615,0.6
  5438,2.929783,0.509534,0.6
  5440,2.930813,0.517048,0.6
  5442,2.931859,0.525092,0.6
  5444,2.932922,0.533591,0.6
  5446,2.934002,0.542460,0.6
  5448,2.935101,0.551599,0.6
  5450,2.936218,0.560896,0.6
  5452,2.937354,0.570223,0.6
  5454,2.938508,0.579443,0.6
  5456,2.939680,0.588403,0.6
  5458,2.940870,0.596947,0.6
  5460,2.942076,0.604907,0.6
  5462,2.943297,0.612120,0.6
  5464,2.944530,0.618422,0.6
  5466,2.945775,0.623662,0.6
  5468,2.947029,0.627705,0.6
  5470,2.948288,0.630440,0.6
  5472,2.949552,0.631785,0.6
  5474,2.950815,0.631688,0.6
  5476,2.952076,0.630140,0.6
  5478,2.953332,0.627165,0.6
  5480,2.954580,0.622830,0.6
  5482,2.955817,0.617235,0.6
  5484,2.957042,0.610510,0.6
  5486,2.958251,0.602813,0.6
  5488,2.959445,0.594316,0.6
  5490,2.960620,0.585206,0.6
  5492,2.961776,0.575669,0.6
  5494,2.962913,0.565892,0.6
  5496,2.964030,0.556051,0.6
  5498,2.965127,0.546312,0.6
  5500,2.966206,0.536823,0.6
  5502,2.967265,0.527712,0.6
  5504,2.968308,0.519095,0.6
  5506,2.969334,0.511062,0.6
  5508,2.970345,0.503693,0.6
  5510,2.971342,0.497048,0.6
  5512,2.972327,0.491176,0.6
  5514,2.973302,0.486112,0.6
  5516,2.974268,0.481882,0.6
  5518,2.975227,0.478501,0.6
  5520,2.976180,0.475982,0.6
  5522,2.977129,0.474326,0.6
  5524,2.978076,0.473534,0.6
  5526,2.979023,0.473601,0.6
  5528,2.979971,0.474519,0.6
  5530,2.980923,0.476276,0.6
  5532,2.981879,0.478858,0.6
  5534,2.982842,0.482248,0.6
  5536,2.983813,0.486421,0.6
  5538,2.984793,0.491352,0.6
  5540,2.985784,0.497010,0.6
  5542,2.986788,0.503355,0.6
  5544,2.987805,0.510343,0.6
  5546,2.988837,0.517919,0.6
  5548,2.989885,0.526017,0.6
  5550,2.990949,0.534561,0.6
  5552,2.992032,0.543466,0.6
  5554,2.993133,0.552629,0.6
  5556,2.994252,0.561935,0.6
  5558,2.995390,0.571258,0.6
  5560,2.996546,0.580457,0.6
  5562,2.997720,0.589380,0.6
  5564,2.998912,0.597868,0.6
  5566,3.000120,0.605755,0.6
  5568,3.001342,0.612875,0.6
  5570,3.002578,0.619067,0.6
  5572,3.003824,0.624182,0.6
  5574,3.005078,0.628086,0.6
  5576,3.006338,0.630670,0.6
  5578,3.007601,0.631856,0.6
  5580,3.008865,0.631599,0.6
  5582,3.010125,0.629890,0.6
  5584,3.011381,0.626761,0.6
  5586,3.012628,0.622281,0.6
  5588,3.013864,0.616552,0.6
  5590,3.015087,0.609712,0.6
  5592,3.016294,0.601916,0.6
  5594,3.017486,0.593342,0.6
  5596,3.018659,0.584174,0.6
  5598,3.019813,0.574603,0.6
  5600,3.020947,0.564811,0.6
  5602,3.022062,0.554975,0.6
  5604,3.023157,0.545257,0.6
  5606,3.024234,0.535802,0.6
  5608,3.025291,0.526741,0.6
  5610,3.026332,0.518184,0.6
  5612,3.027356,0.510222,0.6
  5614,3.028365,0.502931,0.6
  5616,3.029361,0.496371,0.6
  5618,3.030345,0.490587,0.6
  5620,3.031319,0.485614,0.6
  5622,3.032284,0.481477,0.6
  5624,3.033242,0.478191,0.6
  5626,3.034194,0.475767,0.6
  5628,3.035144,0.474207,0.6
  5630,3.036091,0.473511,0.6
  5632,3.037038,0.473673,0.6
  5634,3.037987,0.474685,0.6
  5636,3.038939,0.476534,0.6
  5638,3.039896,0.479207,0.6
  5640,3.040859,0.482684,0.6
  5642,3.041831,0.486944,0.6
  5644,3.042812,0.491958,0.6
  5646,3.043805,0.497695,0.6
  5648,3.044810,0.504115,0.6
  5650,3.045828,0.511170,0.6
  5652,3.046862,0.518807,0.6
  5654,3.047912,0.526958,0.6
  5656,3.048979,0.535548,0.6
  5658,3.050063,0.544486,0.6
  5660,3.051166,0.553671,0.6
  5662,3.052287,0.562986,0.6
  5664,3.053427,0.572303,0.6
  5666,3.054585,0.581478,0.6
  5668,3.055762,0.590361,0.6
  5670,3.056955,0.598790,0.6
  5672,3.058165,0.606599,0.6
  5674,3.059388,0.613624,0.6
  5676,3.060625,0.619703,0.6
  5678,3.061872,0.624688,0.6
  5680,3.063127,0.628451,0.6
  5682,3.064388,0.630883,0.6
  5684,3.065651,0.631911,0.6
  5686,3.066915,0.631491,0.6
  5688,3.068175,0.629622,0.6
  5690,3.069430,0.626339,0.6
  5692,3.070676,0.621713,0.6
  5694,3.071910,0.615854,0.6
  5696,3.073132,0.608898,0.6
  5698,3.074338,0.601006,0.6
  5700,3.075527,0.592356,0.6
  5702,3.076698,0.583134,0.6
  5704,3.077850,0.573528,0.6
  5706,3.078982,0.563721,0.6
  5708,3.080095,0.553890,0.6
  5710,3.081188,0.544194,0.6
  5712,3.082263,0.534778,0.6
  5714,3.083319,0.525767,0.6
  5716,3.084358,0.517272,0.6
  5718,3.085380,0.509380,0.6
  5720,3.086388,0.502167,0.6
  5722,3.087382,0.495691,0.6
  5724,3.088365,0.489996,0.6
  5726,3.089338,0.485117,0.6
  5728,3.090302,0.481075,0.6
  5730,3.091259,0.477886,0.6
  5732,3.092211,0.475559,0.6
  5734,3.093160,0.474097,0.6
  5736,3.094108,0.473498,0.6
  5738,3.095055,0.473756,0.6
  5740,3.096004,0.474863,0.6
  5742,3.096956,0.476807,0.6
  5744,3.097914,0.479572,0.6
  5746,3.098878,0.483139,0.6
  5748,3.099851,0.487485,0.6
  5750,3.100834,0.492583,0.6
  5752,3.101827,0.498399,0.6
  5754,3.102834,0.504894,0.6
  5756,3.103854,0.512019,0.6
  5758,3.104890,0.519718,0.6
  5760,3.105942,0.527923,0.6
  5762,3.107010,0.536557,0.6
  5764,3.108097,0.545528,0.6
  5766,3.109201,0.554733,0.6
  5768,3.110325,0.564055,0.6
  5770,3.111467,0.573363,0.6
  5772,3.112627,0.582514,0.6
  5774,3.113806,0.591353,0.6
  5776,3.115001,0.599720,0.6
  5778,3.116212,0.607448,0.6
  5780,3.117437,0.614373,0.6
  5782,3.118675,0.620336,0.6
  5784,3.119923,0.625189,0.6
  5786,3.121179,0.628806,0.6
  5788,3.122440,0.631083,0.6
  5790,3.123704,0.631948,0.6
  5792,3.124967,0.631363,0.6
  5794,3.126227,0.629331,0.6
  5796,3.127481,0.625890,0.6
  5798,3.128726,0.621119,0.6
  5800,3.129959,0.615127,0.6
  5802,3.131179,0.608058,0.6
  5804,3.132383,0.600071,0.6
  5806,3.133570,0.591347,0.6
  5808,3.134739,0.582072,0.6
  5810,3.135889,0.572435,0.6
  5812,3.137019,0.562618,0.6
  5814,3.138129,0.552795,0.6
  5816,3.139220,0.543124,0.6
  5818,3.140292,0.533748,0.6
  5820,3.141346,0.524791,0.6
  5822,3.142383,0.516359,0.6
  5824,3.143404,0.508541,0.6
  5826,3.144411,0.501408,0.6
  5828,3.145404,0.495019,0.6
  5830,3.146385,0.489415,0.6
  5832,3.147357,0.484629,0.6
  5834,3.148320,0.480682,0.6
  5836,3.149276,0.477591,0.6
  5838,3.150228,0.475362,0.6
  5840,3.151177,0.473997,0.6
  5842,3.152124,0.473495,0.6
  5844,3.153071,0.473850,0.6
  5846,3.154021,0.475052,0.6
  5848,3.154974,0.477090,0.6
  5850,3.155932,0.479946,0.6
  5852,3.156897,0.483603,0.6
  5854,3.157871,0.488035,0.6
  5856,3.158855,0.493216,0.6
  5858,3.159850,0.499111,0.6
  5860,3.160858,0.505678,0.6
  5862,3.161880,0.512871,0.6
  5864,3.162917,0.520630,0.6
  5866,3.163971,0.528889,0.6
  5868,3.165042,0.537566,0.6
  5870,3.166130,0.546570,0.6
  5872,3.167237,0.555795,0.6
  5874,3.168363,0.565123,0.6
  5876,3.169507,0.574420,0.6
  5878,3.170670,0.583543,0.6
  5880,3.171850,0.592338,0.6
  5882,3.173047,0.600641,0.6
  5884,3.174260,0.608287,0.6
  5886,3.175487,0.615111,0.6
  5888,3.176726,0.620956,0.6
  5890,3.177975,0.625675,0.6
  5892,3.179231,0.629144,0.6
  5894,3.180493,0.631264,0.6
  5896,3.181757,0.631966,0.6
  5898,3.183020,0.631217,0.6
  5900,3.184279,0.629022,0.6
  5902,3.185532,0.625426,0.6
  5904,3.186776,0.620510,0.6
  5906,3.188008,0.614389,0.6
  5908,3.189226,0.607206,0.6
  5910,3.190428,0.599126,0.6
  5912,3.191613,0.590329,0.6
  5914,3.192780,0.581003,0.6
  5916,3.193928,0.571336,0.6
  5918,3.195056,0.561509,0.6
  5920,3.196164,0.551694,0.6
  5922,3.197253,0.542049,0.6
  5924,3.198323,0.532714,0.6
  5926,3.199375,0.523812,0.6
  5928,3.200410,0.515446,0.6
  5930,3.201429,0.507703,0.6
  5932,3.202434,0.500653,0.6
  5934,3.203425,0.494351,0.6
  5936,3.204406,0.488839,0.6
  5938,3.205376,0.484148,0.6
  5940,3.206339,0.480298,0.6
  5942,3.207295,0.477305,0.6
  5944,3.208246,0.475174,0.6
  5946,3.209194,0.473908,0.6
  5948,3.210141,0.473504,0.6
  5950,3.211089,0.473956,0.6
  5952,3.212039,0.475254,0.6
  5954,3.212992,0.477386,0.6
  5956,3.213951,0.480334,0.6
  5958,3.214917,0.484081,0.6
  5960,3.215892,0.488600,0.6
  5962,3.216877,0.493864,0.6
  5964,3.217874,0.499837,0.6
  5966,3.218883,0.506479,0.6
  5968,3.219907,0.513738,0.6
  5970,3.220946,0.521558,0.6
  5972,3.222002,0.529869,0.6
  5974,3.223074,0.538588,0.6
  5976,3.224165,0.547624,0.6
  5978,3.225274,0.556868,0.6
  5980,3.226402,0.566199,0.6
  5982,3.227548,0.575485,0.6
  5984,3.228713,0.584580,0.6
  5986,3.229895,0.593327,0.6
  5988,3.231094,0.601563,0.6
  5990,3.232309,0.609124,0.6
  5992,3.233537,0.615843,0.6
  5994,3.234778,0.621566,0.6
  5996,3.236028,0.626148,0.6
  5998,3.237285,0.629468,0.6
  6000,3.238547,0.631428,0.6
  6002,3.239811,0.631965,0.6
  6004,3.241074,0.631050,0.6
  6006,3.242332,0.628692,0.6
  6008,3.243584,0.624941,0.6
  6010,3.244827,0.619881,0.6
  6012,3.246057,0.613630,0.6
  6014,3.247274,0.606336,0.6
  6016,3.248474,0.598165,0.6
  6018,3.249657,0.589299,0.6
  6020,3.250822,0.579924,0.6
  6022,3.251967,0.570230,0.6
  6024,3.253093,0.560396,0.6
  6026,3.254199,0.550593,0.6
  6028,3.255286,0.540978,0.6
  6030,3.256353,0.531687,0.6
  6032,3.257403,0.522841,0.6
  6034,3.258436,0.514542,0.6
  6036,3.259454,0.506875,0.6
  6038,3.260457,0.499907,0.6
  6040,3.261448,0.493693,0.6
  6042,3.262427,0.488273,0.6
  6044,3.263397,0.483676,0.6
  6046,3.264358,0.479924,0.6
  6048,3.265313,0.477028,0.6
  6050,3.266264,0.474996,0.6
  6052,3.267212,0.473829,0.6
  6054,3.268159,0.473524,0.6
  6056,3.269107,0.474073,0.6
  6058,3.270057,0.475467,0.6
  6060,3.271011,0.477693,0.6
  6062,3.271971,0.480734,0.6
  6064,3.272938,0.484570,0.6
  6066,3.273914,0.489176,0.6
  6068,3.274900,0.494524,0.6
  6070,3.275899,0.500577,0.6
  6072,3.276910,0.507293,0.6
  6074,3.277935,0.514622,0.6
  6076,3.278976,0.522503,0.6
  6078,3.280034,0.530865,0.6
  6080,3.281109,0.539627,0.6
  6082,3.282202,0.548692,0.6
  6084,3.283313,0.557952,0.6
  6086,3.284443,0.567285,0.6
  6088,3.285591,0.576557,0.6
  6090,3.286758,0.585619,0.6
  6092,3.287942,0.594315,0.6
  6094,3.289143,0.602483,0.6
  6096,3.290359,0.609954,0.6
  6098,3.291589,0.616567,0.6
  6100,3.292831,0.622166,0.6
  6102,3.294082,0.626609,0.6
  6104,3.295340,0.629776,0.6
  6106,3.296603,0.631575,0.6
  6108,3.297867,0.631944,0.6
  6110,3.299129,0.630861,0.6
  6112,3.300387,0.628339,0.6
  6114,3.301638,0.624431,0.6
  6116,3.302879,0.619227,0.6
  6118,3.304108,0.612848,0.6
  6120,3.305323,0.605444,0.6
  6122,3.306521,0.597184,0.6
  6124,3.307702,0.588249,0.6
  6126,3.308865,0.578829,0.6
  6128,3.310008,0.569110,0.6
  6130,3.311131,0.559271,0.6
  6132,3.312235,0.549481,0.6
  6134,3.313319,0.539896,0.6
  6136,3.314385,0.530650,0.6
  6138,3.315434,0.521862,0.6
  6140,3.316465,0.513632,0.6
  6142,3.317480,0.506043,0.6
  6144,3.318482,0.499160,0.6
  6146,3.319471,0.493035,0.6
  6148,3.320449,0.487710,0.6
  6150,3.321418,0.483210,0.6
  6152,3.322379,0.479556,0.6
  6154,3.323334,0.476760,0.6
  6156,3.324284,0.474828,0.6
  6158,3.325232,0.473761,0.6
  6160,3.326179,0.473555,0.6
  6162,3.327127,0.474203,0.6
  6164,3.328078,0.475695,0.6
  6166,3.329032,0.478017,0.6
  6168,3.329993,0.481152,0.6
  6170,3.330961,0.485080,0.6
  6172,3.331938,0.489775,0.6
  6174,3.332926,0.495206,0.6
  6176,3.333925,0.501339,0.6
  6178,3.334938,0.508131,0.6
  6180,3.335965,0.515527,0.6
  6182,3.337008,0.523467,0.6
  6184,3.338068,0.531880,0.6
  6186,3.339145,0.540682,0.6
  6188,3.340240,0.549777,0.6
  6190,3.341353,0.559052,0.6
  6192,3.342485,0.568385,0.6
  6194,3.343636,0.577640,0.6
  6196,3.344805,0.586668,0.6
  6198,3.345991,0.595312,0.6
  6200,3.347194,0.603407,0.6
  6202,3.348412,0.610787,0.6
  6204,3.349644,0.617289,0.6
  6206,3.350887,0.622759,0.6
  6208,3.352139,0.627059,0.6
  6210,3.353398,0.630070,0.6
  6212,3.354661,0.631704,0.6
  6214,3.355924,0.631904,0.6
  6216,3.357187,0.630650,0.6
  6218,3.358444,0.627962,0.6
  6220,3.359694,0.623897,0.6
  6222,3.360934,0.618547,0.6
  6224,3.362161,0.612040,0.6
  6226,3.363374,0.604525,0.6
  6228,3.364571,0.596175,0.6
  6230,3.365750,0.587173,0.6
  6232,3.366910,0.577707,0.6
  6234,3.368051,0.567964,0.6
  6236,3.369172,0.558121,0.6
  6238,3.370274,0.548349,0.6
  6240,3.371356,0.538797,0.6
  6242,3.372420,0.529598,0.6
  6244,3.373466,0.520871,0.6
  6246,3.374495,0.512712,0.6
  6248,3.375509,0.505203,0.6
  6250,3.376509,0.498407,0.6
  6252,3.377496,0.492375,0.6
  6254,3.378473,0.487146,0.6
  6256,3.379441,0.482745,0.6
  6258,3.380401,0.479192,0.6
  6260,3.381356,0.476498,0.6
  6262,3.382306,0.474669,0.6
  6264,3.383253,0.473704,0.6
  6266,3.384200,0.473599,0.6
  6268,3.385149,0.474347,0.6
  6270,3.386100,0.475938,0.6
  6272,3.387055,0.478357,0.6
  6274,3.388016,0.481586,0.6
  6276,3.388986,0.485606,0.6
  6278,3.389964,0.490390,0.6
  6280,3.390953,0.495906,0.6
  6282,3.391954,0.502120,0.6
  6284,3.392968,0.508985,0.6
  6286,3.393997,0.516448,0.6
  6288,3.395042,0.524449,0.6
  6290,3.396104,0.532913,0.6
  6292,3.397183,0.541755,0.6
  6294,3.398280,0.550876,0.6
  6296,3.399396,0.560166,0.6
  6298,3.400530,0.569497,0.6
  6300,3.401683,0.578734,0.6
  6302,3.402854,0.587726,0.6
  6304,3.404042,0.596313,0.6
  6306,3.405247,0.604331,0.6
  6308,3.406466,0.611616,0.6
  6310,3.407699,0.618004,0.6
  6312,3.408943,0.623342,0.6
  6314,3.410197,0.627495,0.6
  6316,3.411456,0.630347,0.6
  6318,3.412719,0.631814,0.6
  6320,3.413983,0.631843,0.6
  6322,3.415245,0.630418,0.6
  6324,3.416502,0.627564,0.6
  6326,3.417750,0.623341,0.6
  6328,3.418989,0.617848,0.6
  6330,3.420215,0.611213,0.6
  6332,3.421426,0.603590,0.6
  6334,3.422621,0.595153,0.6
  6336,3.423797,0.586086,0.6
  6338,3.424955,0.576578,0.6
  6340,3.426094,0.566815,0.6
  6342,3.427212,0.556974,0.6
  6344,3.428312,0.547219,0.6
  6346,3.429392,0.537702,0.6
  6348,3.430454,0.528554,0.6
  6350,3.431498,0.519888,0.6
  6352,3.432525,0.511802,0.6
  6354,3.433537,0.504373,0.6
  6356,3.434536,0.497665,0.6
  6358,3.435522,0.491726,0.6
  6360,3.436498,0.486593,0.6
  6362,3.437464,0.482292,0.6
  6364,3.438423,0.478840,0.6
  6366,3.439377,0.476248,0.6
  6368,3.440327,0.474521,0.6
  6370,3.441275,0.473657,0.6
  6372,3.442222,0.473654,0.6
  6374,3.443170,0.474502,0.6
  6376,3.444122,0.476192,0.6
  6378,3.445078,0.478707,0.6
  6380,3.446040,0.482031,0.6
  6382,3.447010,0.486142,0.6
  6384,3.447989,0.491014,0.6
  6386,3.448980,0.496615,0.6
  6388,3.449982,0.502908,0.6
  6390,3.450999,0.509847,0.6
  6392,3.452029,0.517377,0.6
  6394,3.453076,0.525437,0.6
  6396,3.454140,0.533950,0.6
  6398,3.455221,0.542830,0.6
  6400,3.456321,0.551978,0.6
  6402,3.457438,0.561279,0.6
  6404,3.458575,0.570608,0.6
  6406,3.459730,0.579824,0.6
  6408,3.460903,0.588776,0.6
  6410,3.462094,0.597305,0.6
  6412,3.463300,0.605247,0.6
  6414,3.464522,0.612434,0.6
  6416,3.465756,0.618706,0.6
  6418,3.467002,0.623911,0.6
  6420,3.468256,0.627915,0.6
  6422,3.469516,0.630607,0.6
  6424,3.470779,0.631904,0.6
  6426,3.472043,0.631761,0.6
  6428,3.473304,0.630164,0.6
  6430,3.474560,0.627143,0.6
  6432,3.475808,0.622764,0.6
  6434,3.477045,0.617128,0.6
  6436,3.478269,0.610368,0.6
  6438,3.479478,0.602639,0.6
  6440,3.480671,0.594118,0.6
  6442,3.481846,0.584988,0.6
  6444,3.483001,0.575438,0.6
  6446,3.484138,0.565655,0.6
  6448,3.485254,0.555814,0.6
  6450,3.486351,0.546079,0.6
  6452,3.487429,0.536599,0.6
  6454,3.488489,0.527503,0.6
  6456,3.489531,0.518902,0.6
  6458,3.490556,0.510891,0.6
  6460,3.491567,0.503545,0.6
  6462,3.492564,0.496926,0.6
  6464,3.493549,0.491081,0.6
  6466,3.494524,0.486046,0.6
  6468,3.495489,0.481845,0.6
  6470,3.496448,0.478495,0.6
  6472,3.497401,0.476007,0.6
  6474,3.498351,0.474383,0.6
  6476,3.499299,0.473624,0.6
  6478,3.500246,0.473723,0.6
  6480,3.501194,0.474674,0.6
  6482,3.502146,0.476463,0.6
  6484,3.503103,0.479077,0.6
  6486,3.504066,0.482497,0.6
  6488,3.505037,0.486701,0.6
  6490,3.506018,0.491663,0.6
  6492,3.507010,0.497348,0.6
  6494,3.508014,0.503721,0.6
  6496,3.509032,0.510734,0.6
  6498,3.510064,0.518333,0.6
  6500,3.511113,0.526451,0.6
  6502,3.512179,0.535014,0.6
  6504,3.513262,0.543933,0.6
  6506,3.514364,0.553105,0.6
  6508,3.515484,0.562416,0.6
  6510,3.516623,0.571740,0.6
  6512,3.517780,0.580932,0.6
  6514,3.518955,0.589842,0.6
  6516,3.520148,0.598309,0.6
  6518,3.521356,0.606167,0.6
  6520,3.522579,0.613252,0.6
  6522,3.523815,0.619403,0.6
  6524,3.525062,0.624470,0.6
  6526,3.526316,0.628321,0.6
  6528,3.527577,0.630849,0.6
  6530,3.528841,0.631976,0.6
  6532,3.530104,0.631657,0.6
  6534,3.531365,0.629886,0.6
  6536,3.532620,0.626698,0.6
  6538,3.533867,0.622161,0.6
  6540,3.535103,0.616381,0.6
  6542,3.536325,0.609494,0.6
  6544,3.537533,0.601661,0.6
  6546,3.538723,0.593056,0.6
  6548,3.539895,0.583867,0.6
  6550,3.541049,0.574280,0.6
  6552,3.542183,0.564481,0.6
  6554,3.543297,0.554645,0.6
  6556,3.544392,0.544934,0.6
  6558,3.545467,0.535492,0.6
  6560,3.546525,0.526450,0.6
  6562,3.547565,0.517915,0.6
  6564,3.548589,0.509979,0.6
  6566,3.549598,0.502718,0.6
  6568,3.550593,0.496190,0.6
  6570,3.551577,0.490441,0.6
  6572,3.552550,0.485506,0.6
  6574,3.553514,0.481407,0.6
  6576,3.554472,0.478161,0.6
  6578,3.555425,0.475777,0.6
  6580,3.556374,0.474257,0.6
  6582,3.557322,0.473601,0.6
  6584,3.558269,0.473804,0.6
  6586,3.559218,0.474855,0.6
  6588,3.560170,0.476745,0.6
  6590,3.561128,0.479457,0.6
  6592,3.562092,0.482972,0.6
  6594,3.563064,0.487270,0.6
  6596,3.564046,0.492321,0.6
  6598,3.565040,0.498093,0.6
  6600,3.566045,0.504546,0.6
  6602,3.567065,0.511632,0.6
  6604,3.568100,0.519298,0.6
  6606,3.569150,0.527474,0.6
  6608,3.570218,0.536085,0.6
  6610,3.571304,0.545040,0.6
  6612,3.572408,0.554235,0.6
  6614,3.573530,0.563555,0.6
  6616,3.574671,0.572870,0.6
  6618,3.575831,0.582037,0.6
  6620,3.577008,0.590901,0.6
  6622,3.578202,0.599303,0.6
  6624,3.579413,0.607078,0.6
  6626,3.580637,0.614059,0.6
  6628,3.581875,0.620087,0.6
  6630,3.583122,0.625013,0.6
  6632,3.584378,0.628710,0.6
  6634,3.585639,0.631072,0.6
  6636,3.586903,0.632025,0.6
  6638,3.588167,0.631530,0.6
  6640,3.589427,0.629585,0.6
  6642,3.590682,0.626229,0.6
  6644,3.591927,0.621534,0.6
  6646,3.593162,0.615612,0.6
  6648,3.594383,0.608601,0.6
  6650,3.595588,0.600663,0.6
  6652,3.596776,0.591977,0.6
  6654,3.597946,0.582729,0.6
  6656,3.599097,0.573108,0.6
  6658,3.600229,0.563295,0.6
  6660,3.601341,0.553465,0.6
  6662,3.602433,0.543780,0.6
  6664,3.603506,0.534381,0.6
  6666,3.604562,0.525394,0.6
  6668,3.605600,0.516928,0.6
  6670,3.606622,0.509070,0.6
  6672,3.607629,0.501895,0.6
  6674,3.608623,0.495460,0.6
  6676,3.609605,0.489808,0.6
  6678,3.610577,0.484973,0.6
  6680,3.611541,0.480977,0.6
  6682,3.612498,0.477836,0.6
  6684,3.613450,0.475557,0.6
  6686,3.614399,0.474142,0.6
  6688,3.615346,0.473591,0.6
  6690,3.616294,0.473897,0.6
  6692,3.617244,0.475052,0.6
  6694,3.618197,0.477043,0.6
  6696,3.619155,0.479855,0.6
  6698,3.620120,0.483468,0.6
  6700,3.621094,0.487859,0.6
  6702,3.622077,0.493001,0.6
  6704,3.623072,0.498859,0.6
  6706,3.624079,0.505392,0.6
  6708,3.625101,0.512554,0.6
  6710,3.626137,0.520286,0.6
  6712,3.627190,0.528520,0.6
  6714,3.628260,0.537179,0.6
  6716,3.629348,0.546169,0.6
  6718,3.630454,0.555388,0.6
  6720,3.631579,0.564714,0.6
  6722,3.632722,0.574018,0.6
  6724,3.633884,0.583157,0.6
  6726,3.635064,0.591974,0.6
  6728,3.636261,0.600310,0.6
  6730,3.637473,0.607996,0.6
  6732,3.638699,0.614868,0.6
  6734,3.639938,0.620767,0.6
  6736,3.641187,0.625549,0.6
  6738,3.642443,0.629086,0.6
  6740,3.643705,0.631278,0.6
  6742,3.644969,0.632054,0.6
  6744,3.646232,0.631379,0.6
  6746,3.647492,0.629258,0.6
  6748,3.648745,0.625731,0.6
  6750,3.649990,0.620879,0.6
  6752,3.651222,0.614815,0.6
  6754,3.652442,0.607680,0.6
  6756,3.653645,0.599641,0.6
  6758,3.654831,0.590876,0.6
  6760,3.655999,0.581571,0.6
  6762,3.657147,0.571915,0.6
  6764,3.658277,0.562092,0.6
  6766,3.659386,0.552271,0.6
  6768,3.660476,0.542614,0.6
  6770,3.661547,0.533259,0.6
  6772,3.662600,0.524331,0.6
  6774,3.663636,0.515934,0.6
  6776,3.664656,0.508158,0.6
  6778,3.665662,0.501072,0.6
  6780,3.666654,0.494731,0.6
  6782,3.667635,0.489178,0.6
  6784,3.668607,0.484445,0.6
  6786,3.669569,0.480554,0.6
  6788,3.670526,0.477519,0.6
  6790,3.671478,0.475346,0.6
  6792,3.672426,0.474039,0.6
  6794,3.673374,0.473594,0.6
  6796,3.674321,0.474006,0.6
  6798,3.675271,0.475265,0.6
  6800,3.676224,0.477359,0.6
  6802,3.677183,0.480270,0.6
  6804,3.678149,0.483981,0.6
  6806,3.679124,0.488466,0.6
  6808,3.680109,0.493698,0.6
  6810,3.681105,0.499642,0.6
  6812,3.682114,0.506256,0.6
  6814,3.683137,0.513491,0.6
  6816,3.684176,0.521289,0.6
  6818,3.685231,0.529581,0.6
  6820,3.686303,0.538284,0.6
  6822,3.687393,0.547309,0.6
  6824,3.688502,0.556548,0.6
  6826,3.689629,0.565880,0.6
  6828,3.690774,0.575172,0.6
  6830,3.691939,0.584279,0.6
  6832,3.693120,0.593046,0.6
  6834,3.694319,0.601309,0.6
  6836,3.695533,0.608903,0.6
  6838,3.696761,0.615663,0.6
  6840,3.698001,0.621432,0.6
  6842,3.699251,0.626067,0.6
  6844,3.700508,0.629443,0.6
  6846,3.701771,0.631463,0.6
  6848,3.703035,0.632060,0.6
  6850,3.704298,0.631206,0.6
  6852,3.705557,0.628908,0.6
  6854,3.706809,0.625213,0.6
  6856,3.708052,0.620205,0.6
  6858,3.709283,0.614001,0.6
  6860,3.710500,0.606746,0.6
  6862,3.711702,0.598606,0.6
  6864,3.712886,0.589762,0.6
  6866,3.714051,0.580403,0.6
  6868,3.715198,0.570717,0.6
  6870,3.716325,0.560884,0.6
  6872,3.717432,0.551075,0.6
  6874,3.718519,0.541447,0.6
  6876,3.719588,0.532139,0.6
  6878,3.720639,0.523272,0.6
  6880,3.721673,0.514948,0.6
  6882,3.722691,0.507253,0.6
  6884,3.723695,0.500256,0.6
  6886,3.724686,0.494009,0.6
  6888,3.725666,0.488557,0.6
  6890,3.726636,0.483927,0.6
  6892,3.727598,0.480142,0.6
  6894,3.728554,0.477213,0.6
  6896,3.729505,0.475148,0.6
  6898,3.730454,0.473948,0.6
  6900,3.731401,0.473610,0.6
  6902,3.732349,0.474128,0.6
  6904,3.733299,0.475492,0.6
  6906,3.734253,0.477688,0.6
  6908,3.735213,0.480701,0.6
  6910,3.736180,0.484509,0.6
  6912,3.737156,0.489090,0.6
  6914,3.738142,0.494412,0.6
  6916,3.739140,0.500441,0.6
  6918,3.740150,0.507135,0.6
  6920,3.741176,0.514444,0.6
  6922,3.742216,0.522309,0.6
  6924,3.743273,0.530656,0.6
  6926,3.744348,0.539407,0.6
  6928,3.745440,0.548465,0.6
  6930,3.746551,0.557721,0.6
  6932,3.747680,0.567055,0.6
  6934,3.748828,0.576331,0.6
  6936,3.749994,0.585404,0.6
  6938,3.751178,0.594117,0.6
  6940,3.752379,0.602306,0.6
  6942,3.753595,0.609805,0.6
  6944,3.754824,0.616450,0.6
  6946,3.756066,0.622086,0.6
  6948,3.757317,0.626570,0.6
  6950,3.758575,0.629781,0.6
  6952,3.759837,0.631627,0.6
  6954,3.761101,0.632045,0.6
  6956,3.762364,0.631010,0.6
  6958,3.763623,0.628534,0.6
  6960,3.764874,0.624670,0.6
  6962,3.766116,0.619505,0.6
  6964,3.767345,0.613161,0.6
  6966,3.768561,0.605786,0.6
  6968,3.769760,0.597549,0.6
  6970,3.770942,0.588631,0.6
  6972,3.772105,0.579220,0.6
  6974,3.773249,0.569506,0.6
  6976,3.774373,0.559666,0.6
  6978,3.775478,0.549873,0.6
  6980,3.776563,0.540277,0.6
  6982,3.777629,0.531018,0.6
  6984,3.778678,0.522213,0.6
  6986,3.779710,0.513964,0.6
  6988,3.780727,0.506353,0.6
  6990,3.781729,0.499446,0.6
  6992,3.782719,0.493297,0.6
  6994,3.783697,0.487945,0.6
  6996,3.784666,0.483420,0.6
  6998,3.785627,0.479741,0.6
  7000,3.786582,0.476920,0.6
  7002,3.787533,0.474962,0.6
  7004,3.788481,0.473870,0.6
  7006,3.789429,0.473640,0.6
  7008,3.790377,0.474264,0.6
  7010,3.791327,0.475732,0.6
  7012,3.792282,0.478032,0.6
  7014,3.793243,0.481145,0.6
  7016,3.794211,0.485051,0.6
  7018,3.795188,0.489725,0.6
  7020,3.796175,0.495139,0.6
  7022,3.797175,0.501254,0.6
  7024,3.798187,0.508028,0.6
  7026,3.799214,0.515410,0.6
  7028,3.800257,0.523338,0.6
  7030,3.801316,0.531740,0.6
  7032,3.802393,0.540534,0.6
  7034,3.803487,0.549623,0.6
  7036,3.804600,0.558896,0.6
  7038,3.805732,0.568231,0.6
  7040,3.806883,0.577491,0.6
  7042,3.808051,0.586528,0.6
  7044,3.809237,0.595185,0.6
  7046,3.810440,0.603297,0.6
  7048,3.811657,0.610697,0.6
  7050,3.812889,0.617224,0.6
  7052,3.814131,0.622724,0.6
  7054,3.815384,0.627055,0.6
  7056,3.816643,0.630100,0.6
  7058,3.817905,0.631769,0.6
  7060,3.819170,0.632006,0.6
  7062,3.820432,0.630788,0.6
  7064,3.821690,0.628135,0.6
  7066,3.822940,0.624102,0.6
  7068,3.824181,0.618781,0.6
  7070,3.825408,0.612299,0.6
  7072,3.826622,0.604806,0.6
  7074,3.827819,0.596473,0.6
  7076,3.828999,0.587482,0.6
  7078,3.830159,0.578024,0.6
  7080,3.831301,0.568284,0.6
  7082,3.832423,0.558442,0.6
  7084,3.833525,0.548664,0.6
  7086,3.834608,0.539103,0.6
  7088,3.835672,0.529895,0.6
  7090,3.836719,0.521153,0.6
  7092,3.837749,0.512978,0.6
  7094,3.838763,0.505452,0.6
  7096,3.839764,0.498638,0.6
  7098,3.840752,0.492588,0.6
  7100,3.841729,0.487340,0.6
  7102,3.842697,0.482921,0.6
  7104,3.843658,0.479349,0.6
  7106,3.844612,0.476636,0.6
  7108,3.845562,0.474788,0.6
  7110,3.846510,0.473805,0.6
  7112,3.847458,0.473683,0.6
  7114,3.848406,0.474414,0.6
  7116,3.849357,0.475988,0.6
  7118,3.850313,0.478391,0.6
  7120,3.851274,0.481606,0.6
  7122,3.852244,0.485612,0.6
  7124,3.853222,0.490382,0.6
  7126,3.854211,0.495886,0.6
  7128,3.855212,0.502088,0.6
  7130,3.856226,0.508942,0.6
  7132,3.857255,0.516398,0.6
  7134,3.858300,0.524391,0.6
  7136,3.859361,0.532849,0.6
  7138,3.860440,0.541685,0.6
  7140,3.861537,0.550804,0.6
  7142,3.862653,0.560093,0.6
  7144,3.863787,0.569425,0.6
  7146,3.864940,0.578666,0.6
  7148,3.866111,0.587664,0.6
  7150,3.867299,0.596261,0.6
  7152,3.868504,0.604292,0.6
  7154,3.869723,0.611592,0.6
  7156,3.870956,0.617997,0.6
  7158,3.872200,0.623354,0.6
  7160,3.873453,0.627527,0.6
  7162,3.874713,0.630402,0.6
  7164,3.875976,0.631891,0.6
  7166,3.877240,0.631943,0.6
  7168,3.878502,0.630540,0.6
  7170,3.879759,0.627707,0.6
  7172,3.881008,0.623504,0.6
  7174,3.882247,0.618029,0.6
  7176,3.883473,0.611408,0.6
  7178,3.884685,0.603798,0.6
  7180,3.885880,0.595371,0.6
  7182,3.887057,0.586311,0.6
  7184,3.888215,0.576807,0.6
  7186,3.889354,0.567044,0.6
  7188,3.890474,0.557201,0.6
  7190,3.891573,0.547443,0.6
  7192,3.892654,0.537919,0.6
  7194,3.893716,0.528764,0.6
  7196,3.894760,0.520090,0.6
  7198,3.895788,0.511994,0.6
  7200,3.896801,0.504556,0.6
  7202,3.897800,0.497837,0.6
  7204,3.898786,0.491887,0.6
  7206,3.899762,0.486743,0.6
  7208,3.900729,0.482430,0.6
  7210,3.901689,0.478967,0.6
  7212,3.902643,0.476364,0.6
  7214,3.903593,0.474627,0.6
  7216,3.904541,0.473753,0.6
  7218,3.905488,0.473740,0.6
  7220,3.906437,0.474579,0.6
  7222,3.907388,0.476260,0.6
  7224,3.908345,0.478767,0.6
  7226,3.909307,0.482084,0.6
  7228,3.910277,0.486188,0.6
  7230,3.911257,0.491053,0.6
  7232,3.912247,0.496649,0.6
  7234,3.913250,0.502936,0.6
  7236,3.914266,0.509870,0.6
  7238,3.915297,0.517398,0.6
  7240,3.916344,0.525455,0.6
  7242,3.917408,0.533966,0.6
  7244,3.918489,0.542847,0.6
  7246,3.919588,0.551994,0.6
  7248,3.920706,0.561296,0.6
  7250,3.921843,0.570626,0.6
  7252,3.922998,0.579844,0.6
  7254,3.924171,0.588800,0.6
  7256,3.925362,0.597334,0.6
  7258,3.926568,0.605281,0.6
  7260,3.927790,0.612475,0.6
  7262,3.929024,0.618755,0.6
  7264,3.930270,0.623968,0.6
  7266,3.931524,0.627981,0.6
  7268,3.932784,0.630682,0.6
  7270,3.934047,0.631990,0.6
  7272,3.935311,0.631855,0.6
  7274,3.936573,0.630267,0.6
  7276,3.937829,0.627254,0.6
  7278,3.939077,0.622882,0.6
  7280,3.940315,0.617252,0.6
  7282,3.941539,0.610496,0.6
  7284,3.942749,0.602771,0.6
  7286,3.943942,0.594251,0.6
  7288,3.945117,0.585123,0.6
  7290,3.946272,0.575574,0.6
  7292,3.947409,0.565791,0.6
  7294,3.948526,0.555950,0.6
  7296,3.949623,0.546213,0.6
  7298,3.950701,0.536731,0.6
  7300,3.951761,0.527631,0.6
  7302,3.952803,0.519027,0.6
  7304,3.953829,0.511011,0.6
  7306,3.954840,0.503661,0.6
  7308,3.955837,0.497037,0.6
  7310,3.956823,0.491189,0.6
  7312,3.957797,0.486150,0.6
  7314,3.958763,0.481946,0.6
  7316,3.959722,0.478594,0.6
  7318,3.960675,0.476102,0.6
  7320,3.961625,0.474476,0.6
  7322,3.962573,0.473714,0.6
  7324,3.963520,0.473812,0.6
  7326,3.964469,0.474761,0.6
  7328,3.965421,0.476549,0.6
  7330,3.966378,0.479162,0.6
  7332,3.967342,0.482582,0.6
  7334,3.968313,0.486787,0.6
  7336,3.969294,0.491749,0.6
  7338,3.970286,0.497438,0.6
  7340,3.971290,0.503812,0.6
  7342,3.972309,0.510826,0.6
  7344,3.973341,0.518426,0.6
  7346,3.974390,0.526546,0.6
  7348,3.975456,0.535110,0.6
  7350,3.976540,0.544029,0.6
  7352,3.977641,0.553202,0.6
  7354,3.978762,0.562515,0.6
  7356,3.979901,0.571838,0.6
  7358,3.981058,0.581031,0.6
  7360,3.982234,0.589942,0.6
  7362,3.983426,0.598409,0.6
  7364,3.984635,0.606268,0.6
  7366,3.985858,0.613352,0.6
  7368,3.987094,0.619503,0.6
  7370,3.988341,0.624568,0.6
  7372,3.989596,0.628418,0.6
  7374,3.990857,0.630943,0.6
  7376,3.992121,0.632065,0.6
  7378,3.993384,0.631743,0.6
  7380,3.994645,0.629968,0.6
  7382,3.995901,0.626775,0.6
  7384,3.997148,0.622234,0.6
  7386,3.998384,0.616450,0.6
  7388,3.999606,0.609558,0.6
  7390,4.000814,0.601720,0.6
  7392,4.002005,0.593110,0.6
  7394,4.003177,0.583917,0.6
  7396,4.004331,0.574326,0.6
  7398,4.005465,0.564525,0.6
  7400,4.006579,0.554688,0.6
  7402,4.007674,0.544976,0.6
  7404,4.008749,0.535536,0.6
  7406,4.009807,0.526494,0.6
  7408,4.010847,0.517962,0.6
  7410,4.011871,0.510029,0.6
  7412,4.012880,0.502769,0.6
  7414,4.013875,0.496245,0.6
  7416,4.014859,0.490500,0.6
  7418,4.015832,0.485568,0.6
  7420,4.016798,0.481474,0.6
  7422,4.017756,0.478233,0.6
  7424,4.018708,0.475854,0.6
  7426,4.019658,0.474340,0.6
  7428,4.020605,0.473690,0.6
  7430,4.021553,0.473898,0.6
  7432,4.022502,0.474956,0.6
  7434,4.023455,0.476853,0.6
  7436,4.024413,0.479572,0.6
  7438,4.025377,0.483096,0.6
  7440,4.026349,0.487400,0.6
  7442,4.027331,0.492457,0.6
  7444,4.028325,0.498236,0.6
  7446,4.029331,0.504696,0.6
  7448,4.030351,0.511790,0.6
  7450,4.031385,0.519460,0.6
  7452,4.032437,0.527641,0.6
  7454,4.033505,0.536256,0.6
  7456,4.034591,0.545215,0.6
  7458,4.035695,0.554413,0.6
  7460,4.036818,0.563735,0.6
  7462,4.037959,0.573050,0.6
  7464,4.039119,0.582215,0.6
  7466,4.040297,0.591077,0.6
  7468,4.041492,0.599476,0.6
  7470,4.042702,0.607244,0.6
  7472,4.043927,0.614217,0.6
  7474,4.045165,0.620234,0.6
  7476,4.046413,0.625149,0.6
  7478,4.047669,0.628832,0.6
  7480,4.048931,0.631179,0.6
  7482,4.050195,0.632116,0.6
  7484,4.051458,0.631604,0.6
  7486,4.052719,0.629642,0.6
  7488,4.053973,0.626269,0.6
  7490,4.055219,0.621560,0.6
  7492,4.056453,0.615624,0.6
  7494,4.057674,0.608599,0.6
  7496,4.058879,0.600650,0.6
  7498,4.060068,0.591954,0.6
  7500,4.061238,0.582698,0.6
  7502,4.062389,0.573070,0.6
  7504,4.063520,0.563253,0.6
  7506,4.064632,0.553424,0.6
  7508,4.065724,0.543739,0.6
  7510,4.066798,0.534344,0.6
  7512,4.067853,0.525363,0.6
  7514,4.068891,0.516903,0.6
  7516,4.069913,0.509053,0.6
  7518,4.070921,0.501886,0.6
  7520,4.071915,0.495458,0.6
  7522,4.072897,0.489817,0.6
  7524,4.073870,0.484994,0.6
  7526,4.074834,0.481010,0.6
  7528,4.075791,0.477882,0.6
  7530,4.076743,0.475616,0.6
  7532,4.077693,0.474216,0.6
  7534,4.078640,0.473680,0.6
  7536,4.079587,0.474001,0.6
  7538,4.080537,0.475171,0.6
  7540,4.081491,0.477177,0.6
  7542,4.082449,0.480003,0.6
  7544,4.083414,0.483631,0.6
  7546,4.084388,0.488036,0.6
  7548,4.085371,0.493191,0.6
  7550,4.086367,0.499062,0.6
  7552,4.087374,0.505609,0.6
  7554,4.088396,0.512782,0.6
  7556,4.089433,0.520523,0.6
  7558,4.090487,0.528767,0.6
  7560,4.091557,0.537435,0.6
  7562,4.092645,0.546431,0.6
  7564,4.093752,0.555653,0.6
  7566,4.094877,0.564982,0.6
  7568,4.096021,0.574286,0.6
  7570,4.097184,0.583420,0.6
  7572,4.098364,0.592232,0.6
  7574,4.099561,0.600557,0.6
  7576,4.100774,0.608230,0.6
  7578,4.102001,0.615085,0.6
  7580,4.103240,0.620965,0.6
  7582,4.104489,0.625723,0.6
  7584,4.105746,0.629234,0.6
  7586,4.107008,0.631397,0.6
  7588,4.108272,0.632144,0.6
  7590,4.109535,0.631439,0.6
  7592,4.110795,0.629288,0.6
  7594,4.112048,0.625733,0.6
  7596,4.113292,0.620854,0.6
  7598,4.114524,0.614766,0.6
  7600,4.115743,0.607611,0.6
  7602,4.116946,0.599554,0.6
  7604,4.118132,0.590775,0.6
  7606,4.119299,0.581460,0.6
  7608,4.120448,0.571800,0.6
  7610,4.121577,0.561974,0.6
  7612,4.122686,0.552154,0.6
  7614,4.123776,0.542500,0.6
  7616,4.124847,0.533151,0.6
  7618,4.125900,0.524231,0.6
  7620,4.126935,0.515847,0.6
  7622,4.127955,0.508084,0.6
  7624,4.128961,0.501011,0.6
  7626,4.129953,0.494686,0.6
  7628,4.130934,0.489151,0.6
  7630,4.131906,0.484437,0.6
  7632,4.132869,0.480564,0.6
  7634,4.133825,0.477548,0.6
  7636,4.134777,0.475396,0.6
  7638,4.135725,0.474109,0.6
  7640,4.136672,0.473684,0.6
  7642,4.137620,0.474117,0.6
  7644,4.138570,0.475396,0.6
  7646,4.139524,0.477509,0.6
  7648,4.140483,0.480440,0.6
  7650,4.141449,0.484171,0.6
  7652,4.142425,0.488675,0.6
  7654,4.143410,0.493925,0.6
  7656,4.144406,0.499887,0.6
  7658,4.145416,0.506518,0.6
  7660,4.146440,0.513769,0.6
  7662,4.147479,0.521581,0.6
  7664,4.148534,0.529885,0.6
  7666,4.149607,0.538600,0.6
  7668,4.150698,0.547633,0.6
  7670,4.151807,0.556875,0.6
  7672,4.152935,0.566209,0.6
  7674,4.154081,0.575499,0.6
  7676,4.155246,0.584600,0.6
  7678,4.156428,0.593357,0.6
  7680,4.157627,0.601606,0.6
  7682,4.158842,0.609181,0.6
  7684,4.160071,0.615919,0.6
  7686,4.161312,0.621661,0.6
  7688,4.162562,0.626265,0.6
  7690,4.163819,0.629605,0.6
  7692,4.165082,0.631587,0.6
  7694,4.166346,0.632146,0.6
  7696,4.167609,0.631251,0.6
  7698,4.168869,0.628913,0.6
  7700,4.170121,0.625179,0.6
  7702,4.171364,0.620135,0.6
  7704,4.172595,0.613897,0.6
  7706,4.173811,0.606614,0.6
  7708,4.175013,0.598451,0.6
  7710,4.176196,0.589590,0.6
  7712,4.177361,0.580219,0.6
  7714,4.178507,0.570523,0.6
  7716,4.179634,0.560687,0.6
  7718,4.180740,0.550880,0.6
  7720,4.181828,0.541258,0.6
  7722,4.182896,0.531960,0.6
  7724,4.183947,0.523106,0.6
  7726,4.184980,0.514798,0.6
  7728,4.185998,0.507122,0.6
  7730,4.187002,0.500145,0.6
  7732,4.187993,0.493922,0.6
  7734,4.188972,0.488492,0.6
  7736,4.189942,0.483888,0.6
  7738,4.190905,0.480128,0.6
  7740,4.191861,0.477226,0.6
  7742,4.192812,0.475187,0.6
  7744,4.193760,0.474014,0.6
  7746,4.194708,0.473704,0.6
  7748,4.195656,0.474250,0.6
  7750,4.196607,0.475641,0.6
  7752,4.197561,0.477864,0.6
  7754,4.198522,0.480904,0.6
  7756,4.199489,0.484739,0.6
  7758,4.200465,0.489345,0.6
  7760,4.201452,0.494693,0.6
  7762,4.202450,0.500747,0.6
  7764,4.203462,0.507464,0.6
  7766,4.204488,0.514794,0.6
  7768,4.205529,0.522678,0.6
  7770,4.206587,0.531043,0.6
  7772,4.207663,0.539809,0.6
  7774,4.208756,0.548878,0.6
  7776,4.209868,0.558143,0.6
  7778,4.210998,0.567480,0.6
  7780,4.212147,0.576754,0.6
  7782,4.213315,0.585820,0.6
  7784,4.214499,0.594519,0.6
  7786,4.215701,0.602689,0.6
  7788,4.216918,0.610161,0.6
  7790,4.218148,0.616772,0.6
  7792,4.219390,0.622368,0.6
  7794,4.220642,0.626806,0.6
  7796,4.221900,0.629967,0.6
  7798,4.223163,0.631759,0.6
  7800,4.224428,0.632121,0.6
  7802,4.225690,0.631028,0.6
  7804,4.226949,0.628497,0.6
  7806,4.228200,0.624578,0.6
  7808,4.229442,0.619364,0.6
  7810,4.230671,0.612975,0.6
  7812,4.231886,0.605561,0.6
  7814,4.233085,0.597291,0.6
  7816,4.234266,0.588349,0.6
  7818,4.235428,0.578921,0.6
  7820,4.236572,0.569197,0.6
  7822,4.237695,0.559355,0.6
  7824,4.238800,0.549565,0.6
  7826,4.239884,0.539979,0.6
  7828,4.240950,0.530734,0.6
  7830,4.241999,0.521948,0.6
  7832,4.243030,0.513722,0.6
  7834,4.244046,0.506137,0.6
  7836,4.245048,0.499261,0.6
  7838,4.246037,0.493144,0.6
  7840,4.247015,0.487826,0.6
  7842,4.247983,0.483337,0.6
  7844,4.248945,0.479693,0.6
  7846,4.249900,0.476908,0.6
  7848,4.250851,0.474988,0.6
  7850,4.251799,0.473933,0.6
  7852,4.252747,0.473739,0.6
  7854,4.253695,0.474400,0.6
  7856,4.254646,0.475906,0.6
  7858,4.255601,0.478241,0.6
  7860,4.256562,0.481391,0.6
  7862,4.257531,0.485332,0.6
  7864,4.258509,0.490041,0.6
  7866,4.259497,0.495487,0.6
  7868,4.260497,0.501635,0.6
  7870,4.261510,0.508438,0.6
  7872,4.262538,0.515847,0.6
  7874,4.263581,0.523800,0.6
  7876,4.264641,0.532223,0.6
  7878,4.265719,0.541032,0.6
  7880,4.266815,0.550133,0.6
  7882,4.267929,0.559414,0.6
  7884,4.269062,0.568749,0.6
  7886,4.270213,0.578004,0.6
  7888,4.271382,0.587027,0.6
  7890,4.272569,0.595664,0.6
  7892,4.273773,0.603748,0.6
  7894,4.274992,0.611113,0.6
  7896,4.276224,0.617596,0.6
  7898,4.277467,0.623044,0.6
  7900,4.278720,0.627318,0.6
  7902,4.279979,0.630300,0.6
  7904,4.281242,0.631902,0.6
  7906,4.282507,0.632069,0.6
  7908,4.283770,0.630782,0.6
  7910,4.285027,0.628060,0.6
  7912,4.286277,0.623962,0.6
  7914,4.287517,0.618581,0.6
  7916,4.288745,0.612045,0.6
  7918,4.289958,0.604505,0.6
  7920,4.291154,0.596134,0.6
  7922,4.292333,0.587114,0.6
  7924,4.293493,0.577635,0.6
  7926,4.294633,0.567886,0.6
  7928,4.295754,0.558042,0.6
  7930,4.296856,0.548272,0.6
  7932,4.297938,0.538723,0.6
  7934,4.299002,0.529534,0.6
  7936,4.300048,0.520817,0.6
  7938,4.301077,0.512672,0.6
  7940,4.302091,0.505179,0.6
  7942,4.303091,0.498403,0.6
  7944,4.304079,0.492391,0.6
  7946,4.305056,0.487183,0.6
  7948,4.306024,0.482806,0.6
  7950,4.306984,0.479277,0.6
  7952,4.307939,0.476609,0.6
  7954,4.308889,0.474805,0.6
  7956,4.309838,0.473868,0.6
  7958,4.310785,0.473791,0.6
  7960,4.311734,0.474568,0.6
  7962,4.312685,0.476187,0.6
  7964,4.313642,0.478635,0.6
  7966,4.314604,0.481894,0.6
  7968,4.315574,0.485943,0.6
  7970,4.316553,0.490756,0.6
  7972,4.317543,0.496300,0.6
  7974,4.318544,0.502541,0.6
  7976,4.319560,0.509431,0.6
  7978,4.320590,0.516918,0.6
  7980,4.321635,0.524940,0.6
  7982,4.322698,0.533422,0.6
  7984,4.323778,0.542280,0.6
  7986,4.324876,0.551413,0.6
  7988,4.325993,0.560709,0.6
  7990,4.327128,0.570044,0.6
  7992,4.328282,0.579275,0.6
  7994,4.329454,0.588255,0.6
  7996,4.330644,0.596826,0.6
  7998,4.331850,0.604821,0.6
  8000,4.333070,0.612074,0.6
  8002,4.334304,0.618424,0.6
  8004,4.335549,0.623718,0.6
  8006,4.336803,0.627819,0.6
  8008,4.338063,0.630616,0.6
  8010,4.339326,0.632023,0.6
  8012,4.340590,0.631990,0.6
  8014,4.341852,0.630503,0.6
  8016,4.343109,0.627587,0.6
  8018,4.344358,0.623306,0.6
  8020,4.345597,0.617759,0.6
  8022,4.346823,0.611073,0.6
  8024,4.348033,0.603407,0.6
  8026,4.349228,0.594935,0.6
  8028,4.350404,0.585840,0.6
  8030,4.351562,0.576312,0.6
  8032,4.352700,0.566535,0.6
  8034,4.353818,0.556691,0.6
  8036,4.354917,0.546942,0.6
  8038,4.355996,0.537437,0.6
  8040,4.357057,0.528307,0.6
  8042,4.358101,0.519665,0.6
  8044,4.359128,0.511606,0.6
  8046,4.360140,0.504208,0.6
  8048,4.361138,0.497535,0.6
  8050,4.362124,0.491634,0.6
  8052,4.363099,0.486539,0.6
  8054,4.364066,0.482279,0.6
  8056,4.365025,0.478869,0.6
  8058,4.365979,0.476320,0.6
  8060,4.366929,0.474636,0.6
  8062,4.367877,0.473817,0.6
  8064,4.368824,0.473857,0.6
  8066,4.369773,0.474750,0.6
  8068,4.370725,0.476483,0.6
  8070,4.371682,0.479043,0.6
  8072,4.372645,0.482410,0.6
  8074,4.373616,0.486565,0.6
  8076,4.374596,0.491478,0.6
  8078,4.375587,0.497119,0.6
  8080,4.376591,0.503452,0.6
  8082,4.377608,0.510426,0.6
  8084,4.378640,0.517990,0.6
  8086,4.379688,0.526078,0.6
  8088,4.380753,0.534617,0.6
  8090,4.381835,0.543517,0.6
  8092,4.382936,0.552678,0.6
  8094,4.384056,0.561985,0.6
  8096,4.385193,0.571314,0.6
  8098,4.386350,0.580521,0.6
  8100,4.387524,0.589456,0.6
  8102,4.388716,0.597957,0.6
  8104,4.389924,0.605861,0.6
  8106,4.391146,0.613001,0.6
  8108,4.392382,0.619216,0.6
  8110,4.393628,0.624356,0.6
  8112,4.394883,0.628287,0.6
  8114,4.396143,0.630900,0.6
  8116,4.397408,0.632115,0.6
  8118,4.398672,0.631884,0.6
  8120,4.399933,0.630200,0.6
  8122,4.401189,0.627094,0.6
  8124,4.402437,0.622633,0.6
  8126,4.403674,0.616922,0.6
  8128,4.404898,0.610094,0.6
  8130,4.406106,0.602308,0.6
  8132,4.407298,0.593742,0.6
  8134,4.408472,0.584578,0.6
  8136,4.409627,0.575006,0.6
  8138,4.410762,0.565211,0.6
  8140,4.411878,0.555369,0.6
  8142,4.412974,0.545644,0.6
  8144,4.414051,0.536183,0.6
  8146,4.415109,0.527114,0.6
  8148,4.416150,0.518548,0.6
  8150,4.417175,0.510576,0.6
  8152,4.418185,0.503273,0.6
  8154,4.419182,0.496701,0.6
  8156,4.420166,0.490907,0.6
  8158,4.421141,0.485924,0.6
  8160,4.422106,0.481778,0.6
  8162,4.423064,0.478484,0.6
  8164,4.424017,0.476052,0.6
  8166,4.424967,0.474486,0.6
  8168,4.425915,0.473783,0.6
  8170,4.426863,0.473940,0.6
  8172,4.427812,0.474948,0.6
  8174,4.428765,0.476795,0.6
  8176,4.429722,0.479466,0.6
  8178,4.430686,0.482943,0.6
  8180,4.431659,0.487203,0.6
  8182,4.432641,0.492219,0.6
  8184,4.433633,0.497957,0.6
  8186,4.434639,0.504378,0.6
  8188,4.435658,0.511438,0.6
  8190,4.436693,0.519079,0.6
  8192,4.437743,0.527236,0.6
  8194,4.438811,0.535831,0.6
  8196,4.439896,0.544776,0.6
  8198,4.440999,0.553965,0.6
  8200,4.442121,0.563286,0.6
  8202,4.443262,0.572606,0.6
  8204,4.444421,0.581786,0.6
  8206,4.445598,0.590672,0.6
  8208,4.446792,0.599103,0.6
  8210,4.448002,0.606912,0.6
  8212,4.449227,0.613935,0.6
  8214,4.450464,0.620010,0.6
  8216,4.451712,0.624989,0.6
  8218,4.452968,0.628743,0.6
  8220,4.454229,0.631166,0.6
  8222,4.455493,0.632181,0.6
  8224,4.456757,0.631748,0.6
  8226,4.458018,0.629864,0.6
  8228,4.459273,0.626564,0.6
  8230,4.460519,0.621924,0.6
  8232,4.461754,0.616050,0.6
  8234,4.462976,0.609081,0.6
  8236,4.464182,0.601177,0.6
  8238,4.465372,0.592516,0.6
  8240,4.466543,0.583284,0.6
  8242,4.467695,0.573670,0.6
  8244,4.468827,0.563859,0.6
  8246,4.469940,0.554025,0.6
  8248,4.471034,0.544328,0.6
  8250,4.472109,0.534911,0.6
  8252,4.473165,0.525903,0.6
  8254,4.474204,0.517411,0.6
  8256,4.475227,0.509525,0.6
  8258,4.476235,0.502320,0.6
  8260,4.477230,0.495853,0.6
  8262,4.478213,0.490170,0.6
  8264,4.479187,0.485303,0.6
  8266,4.480151,0.481275,0.6
  8268,4.481109,0.478102,0.6
  8270,4.482061,0.475791,0.6
  8272,4.483011,0.474346,0.6
  8274,4.483959,0.473765,0.6
  8276,4.484907,0.474043,0.6
  8278,4.485857,0.475171,0.6
  8280,4.486810,0.477136,0.6
  8282,4.487768,0.479922,0.6
  8284,4.488733,0.483510,0.6
  8286,4.489706,0.487878,0.6
  8288,4.490689,0.492996,0.6
  8290,4.491684,0.498834,0.6
  8292,4.492692,0.505349,0.6
  8294,4.493713,0.512494,0.6
  8296,4.494750,0.520212,0.6
  8298,4.495802,0.528435,0.6
  8300,4.496871,0.537083,0.6
  8302,4.497959,0.546068,0.6
  8304,4.499065,0.555283,0.6
  8306,4.500190,0.564612,0.6
  8308,4.501333,0.573921,0.6
  8310,4.502495,0.583069,0.6
  8312,4.503674,0.591900,0.6
  8314,4.504870,0.600252,0.6
  8316,4.506083,0.607960,0.6
  8318,4.507308,0.614858,0.6
  8320,4.508547,0.620788,0.6
  8322,4.509796,0.625602,0.6
  8324,4.511053,0.629176,0.6
  8326,4.512314,0.631405,0.6
  8328,4.513578,0.632219,0.6
  8330,4.514843,0.631583,0.6
  8332,4.516103,0.629499,0.6
  8334,4.517357,0.626006,0.6
  8336,4.518602,0.621186,0.6
  8338,4.519835,0.615149,0.6
  8340,4.521055,0.608037,0.6
  8342,4.522259,0.600015,0.6
  8344,4.523446,0.591263,0.6
  8346,4.524614,0.581967,0.6
  8348,4.525764,0.572317,0.6
  8350,4.526894,0.562494,0.6
  8352,4.528004,0.552669,0.6
  8354,4.529095,0.543003,0.6
  8356,4.530167,0.533638,0.6
  8358,4.531220,0.524696,0.6
  8360,4.532257,0.516284,0.6
  8362,4.533278,0.508491,0.6
  8364,4.534284,0.501387,0.6
  8366,4.535277,0.495027,0.6
  8368,4.536258,0.489456,0.6
  8370,4.537230,0.484704,0.6
  8372,4.538193,0.480795,0.6
  8374,4.539150,0.477742,0.6
  8376,4.540102,0.475551,0.6
  8378,4.541051,0.474226,0.6
  8380,4.541999,0.473764,0.6
  8382,4.542947,0.474159,0.6
  8384,4.543897,0.475402,0.6
  8386,4.544850,0.477481,0.6
  8388,4.545809,0.480378,0.6
  8390,4.546775,0.484075,0.6
  8392,4.547750,0.488548,0.6
  8394,4.548736,0.493769,0.6
  8396,4.549732,0.499704,0.6
  8398,4.550742,0.506311,0.6
  8400,4.551765,0.513540,0.6
  8402,4.552804,0.521333,0.6
  8404,4.553859,0.529619,0.6
  8406,4.554931,0.538321,0.6
  8408,4.556021,0.547345,0.6
  8410,4.557130,0.556584,0.6
  8412,4.558257,0.565918,0.6
  8414,4.559403,0.575215,0.6
  8416,4.560567,0.584328,0.6
  8418,4.561749,0.593103,0.6
  8420,4.562948,0.601377,0.6
  8422,4.564162,0.608982,0.6
  8424,4.565390,0.615755,0.6
  8426,4.566630,0.621538,0.6
  8428,4.567880,0.626188,0.6
  8430,4.569138,0.629579,0.6
  8432,4.570400,0.631615,0.6
  8434,4.571665,0.632229,0.6
  8436,4.572928,0.631390,0.6
  8438,4.574187,0.629106,0.6
  8440,4.575440,0.625424,0.6
  8442,4.576684,0.620426,0.6
  8444,4.577916,0.614231,0.6
  8446,4.579134,0.606982,0.6
  8448,4.580336,0.598846,0.6
  8450,4.581520,0.590006,0.6
  8452,4.582686,0.580647,0.6
  8454,4.583833,0.570958,0.6
  8456,4.584960,0.561122,0.6
  8458,4.586068,0.551308,0.6
  8460,4.587156,0.541677,0.6
  8462,4.588225,0.532365,0.6
  8464,4.589276,0.523492,0.6
  8466,4.590311,0.515163,0.6
  8468,4.591329,0.507463,0.6
  8470,4.592334,0.500459,0.6
  8472,4.593325,0.494207,0.6
  8474,4.594305,0.488749,0.6
  8476,4.595275,0.484115,0.6
  8478,4.596238,0.480325,0.6
  8480,4.597194,0.477392,0.6
  8482,4.598145,0.475323,0.6
  8484,4.599094,0.474120,0.6
  8486,4.600042,0.473779,0.6
  8488,4.600990,0.474295,0.6
  8490,4.601941,0.475657,0.6
  8492,4.602896,0.477853,0.6
  8494,4.603856,0.480866,0.6
  8496,4.604823,0.484675,0.6
  8498,4.605799,0.489255,0.6
  8500,4.606785,0.494577,0.6
  8502,4.607783,0.500608,0.6
  8504,4.608794,0.507304,0.6
  8506,4.609819,0.514615,0.6
  8508,4.610860,0.522480,0.6
  8510,4.611917,0.530830,0.6
  8512,4.612992,0.539581,0.6
  8514,4.614085,0.548641,0.6
  8516,4.615196,0.557901,0.6
  8518,4.616326,0.567239,0.6
  8520,4.617475,0.576519,0.6
  8522,4.618641,0.585594,0.6
  8524,4.619825,0.594309,0.6
  8526,4.621027,0.602498,0.6
  8528,4.622243,0.609997,0.6
  8530,4.623473,0.616640,0.6
  8532,4.624714,0.622273,0.6
  8534,4.625966,0.626753,0.6
  8536,4.627224,0.629960,0.6
  8538,4.628487,0.631800,0.6
  8540,4.629751,0.632211,0.6
  8542,4.631014,0.631168,0.6
  8544,4.632273,0.628684,0.6
  8546,4.633524,0.624812,0.6
  8548,4.634766,0.619640,0.6
  8550,4.635996,0.613289,0.6
  8552,4.637212,0.605908,0.6
  8554,4.638411,0.597663,0.6
  8556,4.639593,0.588740,0.6
  8558,4.640757,0.579325,0.6
  8560,4.641901,0.569605,0.6
  8562,4.643025,0.559763,0.6
  8564,4.644130,0.549966,0.6
  8566,4.645216,0.540369,0.6
  8568,4.646282,0.531111,0.6
  8570,4.647331,0.522309,0.6
  8572,4.648363,0.514062,0.6
  8574,4.649380,0.506454,0.6
  8576,4.650383,0.499553,0.6
  8578,4.651372,0.493409,0.6
  8580,4.652351,0.488063,0.6
  8582,4.653321,0.483544,0.6
  8584,4.654282,0.479873,0.6
  8586,4.655237,0.477061,0.6
  8588,4.656188,0.475113,0.6
  8590,4.657136,0.474031,0.6
  8592,4.658084,0.473811,0.6
  8594,4.659033,0.474447,0.6
  8596,4.659984,0.475926,0.6
  8598,4.660939,0.478237,0.6
  8600,4.661900,0.481361,0.6
  8602,4.662868,0.485279,0.6
  8604,4.663846,0.489964,0.6
  8606,4.664834,0.495390,0.6
  8608,4.665833,0.501517,0.6
  8610,4.666847,0.508303,0.6
  8612,4.667874,0.515698,0.6
  8614,4.668918,0.523637,0.6
  8616,4.669978,0.532049,0.6
  8618,4.671055,0.540852,0.6
  8620,4.672150,0.549949,0.6
  8622,4.673264,0.559227,0.6
  8624,4.674397,0.568565,0.6
  8626,4.675548,0.577825,0.6
  8628,4.676717,0.586859,0.6
  8630,4.677904,0.595510,0.6
  8632,4.679107,0.603613,0.6
  8634,4.680326,0.611002,0.6
  8636,4.681557,0.617512,0.6
  8638,4.682801,0.622990,0.6
  8640,4.684053,0.627297,0.6
  8642,4.685313,0.630316,0.6
  8644,4.686576,0.631956,0.6
  8646,4.687840,0.632162,0.6
  8648,4.689103,0.630913,0.6
  8650,4.690361,0.628227,0.6
  8652,4.691612,0.624164,0.6
  8654,4.692852,0.618814,0.6
  8656,4.694080,0.612304,0.6
  8658,4.695293,0.604788,0.6
  8660,4.696491,0.596436,0.6
  8662,4.697670,0.587430,0.6
  8664,4.698831,0.577960,0.6
  8666,4.699973,0.568213,0.6
  8668,4.701094,0.558365,0.6
  8670,4.702196,0.548589,0.6
  8672,4.703279,0.539034,0.6
  8674,4.704343,0.529834,0.6
  8676,4.705389,0.521105,0.6
  8678,4.706419,0.512944,0.6
  8680,4.707434,0.505432,0.6
  8682,4.708435,0.498635,0.6
  8684,4.709423,0.492603,0.6
  8686,4.710400,0.487375,0.6
  8688,4.711368,0.482978,0.6
  8690,4.712328,0.479429,0.6
  8692,4.713283,0.476740,0.6
  8694,4.714234,0.474917,0.6
  8696,4.715182,0.473958,0.6
  8698,4.716130,0.473861,0.6
  8700,4.717079,0.474619,0.6
  8702,4.718030,0.476218,0.6
  8704,4.718987,0.478648,0.6
  8706,4.719949,0.481888,0.6
  8708,4.720919,0.485920,0.6
  8710,4.721898,0.490716,0.6
  8712,4.722888,0.496245,0.6
  8714,4.723889,0.502471,0.6
  8716,4.724905,0.509349,0.6
  8718,4.725935,0.516827,0.6
  8720,4.726980,0.524840,0.6
  8722,4.728042,0.533315,0.6
  8724,4.729122,0.542166,0.6
  8726,4.730220,0.551295,0.6
  8728,4.731337,0.560591,0.6
  8730,4.732472,0.569927,0.6
  8732,4.733626,0.579163,0.6
  8734,4.734797,0.588152,0.6
  8736,4.735987,0.596733,0.6
  8738,4.737192,0.604743,0.6
  8740,4.738412,0.612013,0.6
  8742,4.739646,0.618382,0.6
  8744,4.740891,0.623700,0.6
  8746,4.742145,0.627827,0.6
  8748,4.743405,0.630651,0.6
  8750,4.744669,0.632087,0.6
  8752,4.745934,0.632082,0.6
  8754,4.747196,0.630623,0.6
  8756,4.748453,0.627733,0.6
  8758,4.749702,0.623478,0.6
  8760,4.750941,0.617951,0.6
  8762,4.752167,0.611287,0.6
  8764,4.753378,0.603638,0.6
  8766,4.754572,0.595179,0.6
  8768,4.755749,0.586094,0.6
  8770,4.756907,0.576574,0.6
  8772,4.758046,0.566802,0.6
  8774,4.759164,0.556955,0.6
  8776,4.760264,0.547202,0.6
  8778,4.761344,0.537687,0.6
  8780,4.762406,0.528545,0.6
  8782,4.763450,0.519892,0.6
  8784,4.764477,0.511821,0.6
  8786,4.765490,0.504411,0.6
  8788,4.766489,0.497724,0.6
  8790,4.767475,0.491807,0.6
  8792,4.768451,0.486698,0.6
  8794,4.769418,0.482422,0.6
  8796,4.770378,0.478997,0.6
  8798,4.771332,0.476433,0.6
  8800,4.772282,0.474735,0.6
  8802,4.773230,0.473902,0.6
  8804,4.774178,0.473930,0.6
  8806,4.775127,0.474811,0.6
  8808,4.776079,0.476533,0.6
  8810,4.777036,0.479082,0.6
  8812,4.777999,0.482440,0.6
  8814,4.778970,0.486584,0.6
  8816,4.779951,0.491488,0.6
  8818,4.780942,0.497120,0.6
  8820,4.781946,0.503443,0.6
  8822,4.782963,0.510412,0.6
  8824,4.783995,0.517970,0.6
  8826,4.785043,0.526054,0.6
  8828,4.786108,0.534589,0.6
  8830,4.787190,0.543487,0.6
  8832,4.788291,0.552648,0.6
  8834,4.789410,0.561957,0.6
  8836,4.790548,0.571288,0.6
  8838,4.791704,0.580499,0.6
  8840,4.792879,0.589438,0.6
  8842,4.794070,0.597947,0.6
  8844,4.795278,0.605859,0.6
  8846,4.796501,0.613010,0.6
  8848,4.797736,0.619236,0.6
  8850,4.798982,0.624388,0.6
  8852,4.800237,0.628332,0.6
  8854,4.801498,0.630959,0.6
  8856,4.802762,0.632187,0.6
  8858,4.804026,0.631971,0.6
  8860,4.805288,0.630303,0.6
  8862,4.806544,0.627210,0.6
  8864,4.807792,0.622763,0.6
  8866,4.809029,0.617064,0.6
  8868,4.810253,0.610246,0.6
  8870,4.811461,0.602469,0.6
  8872,4.812654,0.593907,0.6
  8874,4.813828,0.584747,0.6
  8876,4.814983,0.575177,0.6
  8878,4.816119,0.565384,0.6
  8880,4.817235,0.555541,0.6
  8882,4.818331,0.545813,0.6
  8884,4.819409,0.536346,0.6
  8886,4.820468,0.527271,0.6
  8888,4.821510,0.518695,0.6
  8890,4.822535,0.510714,0.6
  8892,4.823545,0.503404,0.6
  8894,4.824543,0.496825,0.6
  8896,4.825528,0.491023,0.6
  8898,4.826502,0.486033,0.6
  8900,4.827468,0.481880,0.6
  8902,4.828427,0.478580,0.6
  8904,4.829381,0.476142,0.6
  8906,4.830330,0.474571,0.6
  8908,4.831278,0.473864,0.6
  8910,4.832226,0.474017,0.6
  8912,4.833176,0.475022,0.6
  8914,4.834128,0.476865,0.6
  8916,4.835086,0.479533,0.6
  8918,4.836051,0.483008,0.6
  8920,4.837023,0.487266,0.6
  8922,4.838005,0.492280,0.6
  8924,4.838997,0.498016,0.6
  8926,4.840003,0.504437,0.6
  8928,4.841022,0.511495,0.6
  8930,4.842057,0.519136,0.6
  8932,4.843108,0.527293,0.6
  8934,4.844175,0.535887,0.6
  8936,4.845261,0.544832,0.6
  8938,4.846364,0.554023,0.6
  8940,4.847486,0.563345,0.6
  8942,4.848627,0.572666,0.6
  8944,4.849786,0.581848,0.6
  8946,4.850963,0.590734,0.6
  8948,4.852158,0.599166,0.6
  8950,4.853368,0.606978,0.6
  8952,4.854593,0.614003,0.6
  8954,4.855830,0.620081,0.6
  8956,4.857078,0.625062,0.6
  8958,4.858334,0.628818,0.6
  8960,4.859595,0.631242,0.6
  8962,4.860859,0.632258,0.6
  8964,4.862123,0.631826,0.6
  8966,4.863384,0.629943,0.6
  8968,4.864639,0.626644,0.6
  8970,4.865886,0.622004,0.6
  8972,4.867121,0.616129,0.6
  8974,4.868343,0.609159,0.6
  8976,4.869549,0.601254,0.6
  8978,4.870739,0.592592,0.6
  8980,4.871910,0.583359,0.6
  8982,4.873062,0.573745,0.6
  8984,4.874195,0.563933,0.6
  8986,4.875308,0.554099,0.6
  8988,4.876402,0.544401,0.6
  8990,4.877477,0.534984,0.6
  8992,4.878533,0.525975,0.6
  8994,4.879572,0.517484,0.6
  8996,4.880595,0.509599,0.6
  8998,4.881604,0.502394,0.6
  9000,4.882599,0.495927,0.6
  9002,4.883582,0.490243,0.6
  9004,4.884555,0.485375,0.6
  9006,4.885520,0.481348,0.6
  9008,4.886477,0.478176,0.6
  9010,4.887430,0.475867,0.6
  9012,4.888380,0.474423,0.6
  9014,4.889328,0.473844,0.6
  9016,4.890275,0.474123,0.6
  9018,4.891225,0.475252,0.6
  9020,4.892179,0.477219,0.6
  9022,4.893138,0.480008,0.6
  9024,4.894103,0.483600,0.6
  9026,4.895077,0.487971,0.6
  9028,4.896060,0.493094,0.6
  9030,4.897055,0.498936,0.6
  9032,4.898063,0.505455,0.6
  9034,4.899084,0.512602,0.6
  9036,4.900121,0.520324,0.6
  9038,4.901174,0.528548,0.6
  9040,4.902244,0.537199,0.6
  9042,4.903331,0.546186,0.6
  9044,4.904438,0.555402,0.6
  9046,4.905562,0.564732,0.6
  9048,4.906706,0.574043,0.6
  9050,4.907868,0.583190,0.6
  9052,4.909048,0.592020,0.6
  9054,4.910244,0.600372,0.6
  9056,4.911456,0.608077,0.6
  9058,4.912683,0.614971,0.6
  9060,4.913922,0.620896,0.6
  9062,4.915171,0.625705,0.6
  9064,4.916428,0.629270,0.6
  9066,4.917689,0.631492,0.6
  9068,4.918954,0.632298,0.6
  9070,4.920218,0.631652,0.6
  9072,4.921478,0.629558,0.6
  9074,4.922732,0.626057,0.6
  9076,4.923977,0.621228,0.6
  9078,4.925211,0.615183,0.6
  9080,4.926431,0.608064,0.6
  9082,4.927635,0.600035,0.6
  9084,4.928822,0.591278,0.6
  9086,4.929990,0.581978,0.6
  9088,4.931139,0.572326,0.6
  9090,4.932269,0.562501,0.6
  9092,4.933379,0.552676,0.6
  9094,4.934470,0.543012,0.6
  9096,4.935542,0.533646,0.6
  9098,4.936596,0.524707,0.6
  9100,4.937633,0.516298,0.6
  9102,4.938653,0.508510,0.6
  9104,4.939660,0.501411,0.6
  9106,4.940653,0.495056,0.6
  9108,4.941635,0.489491,0.6
  9110,4.942606,0.484745,0.6
  9112,4.943570,0.480842,0.6
  9114,4.944527,0.477795,0.6
  9116,4.945478,0.475613,0.6
  9118,4.946428,0.474296,0.6
  9120,4.947376,0.473842,0.6
  9122,4.948324,0.474247,0.6
  9124,4.949275,0.475500,0.6
  9126,4.950229,0.477588,0.6
  9128,4.951188,0.480495,0.6
  9130,4.952154,0.484202,0.6
  9132,4.953129,0.488685,0.6
  9134,4.954114,0.493915,0.6
  9136,4.955111,0.499857,0.6
  9138,4.956120,0.506471,0.6
  9140,4.957144,0.513707,0.6
  9142,4.958183,0.521506,0.6
  9144,4.959239,0.529799,0.6
  9146,4.960311,0.538506,0.6
  9148,4.961401,0.547532,0.6
  9150,4.962511,0.556773,0.6
  9152,4.963638,0.566108,0.6
  9154,4.964784,0.575404,0.6
  9156,4.965949,0.584515,0.6
  9158,4.967131,0.593286,0.6
  9160,4.968330,0.601552,0.6
  9162,4.969544,0.609150,0.6
  9164,4.970773,0.615913,0.6
  9166,4.972014,0.621684,0.6
  9168,4.973264,0.626318,0.6
  9170,4.974522,0.629693,0.6
  9172,4.975785,0.631711,0.6
  9174,4.977049,0.632304,0.6
  9176,4.978313,0.631445,0.6
  9178,4.979572,0.629142,0.6
  9180,4.980825,0.625440,0.6
  9182,4.982069,0.620424,0.6
  9184,4.983301,0.614210,0.6
  9186,4.984519,0.606947,0.6
  9188,4.985721,0.598799,0.6
  9190,4.986905,0.589948,0.6
  9192,4.988071,0.580582,0.6
  9194,4.989217,0.570890,0.6
  9196,4.990345,0.561053,0.6
  9198,4.991452,0.551241,0.6
  9200,4.992540,0.541612,0.6
  9202,4.993609,0.532303,0.6
  9204,4.994660,0.523436,0.6
  9206,4.995695,0.515114,0.6
  9208,4.996713,0.507422,0.6
  9210,4.997717,0.500429,0.6
  9212,4.998709,0.494189,0.6
  9214,4.999689,0.488744,0.6
  9216,5.000659,0.484123,0.6
  9218,5.001621,0.480347,0.6
  9220,5.002577,0.477428,0.6
  9222,5.003529,0.475374,0.6
  9224,5.004478,0.474185,0.6
  9226,5.005425,0.473859,0.6
  9228,5.006374,0.474390,0.6
  9230,5.007325,0.475766,0.6
  9232,5.008279,0.477977,0.6
  9234,5.009240,0.481004,0.6
  9236,5.010208,0.484827,0.6
  9238,5.011184,0.489423,0.6
  9240,5.012171,0.494760,0.6
  9242,5.013169,0.500806,0.6
  9244,5.014181,0.507516,0.6
  9246,5.015207,0.514839,0.6
  9248,5.016248,0.522715,0.6
  9250,5.017306,0.531077,0.6
  9252,5.018382,0.539839,0.6
  9254,5.019475,0.548907,0.6
  9256,5.020587,0.558171,0.6
  9258,5.021717,0.567511,0.6
  9260,5.022866,0.576789,0.6
  9262,5.024034,0.585860,0.6
  9264,5.025218,0.594567,0.6
  9266,5.026420,0.602745,0.6
  9268,5.027637,0.610229,0.6
  9270,5.028868,0.616854,0.6
  9272,5.030110,0.622464,0.6
  9274,5.031362,0.626917,0.6
  9276,5.032620,0.630094,0.6
  9278,5.033883,0.631902,0.6
  9280,5.035148,0.632281,0.6
  9282,5.036411,0.631204,0.6
  9284,5.037669,0.628688,0.6
  9286,5.038921,0.624784,0.6
  9288,5.040163,0.619582,0.6
  9290,5.041392,0.613203,0.6
  9292,5.042607,0.605799,0.6
  9294,5.043807,0.597536,0.6
  9296,5.044988,0.588598,0.6
  9298,5.046152,0.579174,0.6
  9300,5.047295,0.569448,0.6
  9302,5.048419,0.559605,0.6
  9304,5.049524,0.549810,0.6
  9306,5.050609,0.540220,0.6
  9308,5.051676,0.530969,0.6
  9310,5.052724,0.522176,0.6
  9312,5.053756,0.513943,0.6
  9314,5.054773,0.506350,0.6
  9316,5.055775,0.499466,0.6
  9318,5.056765,0.493342,0.6
  9320,5.057743,0.488016,0.6
  9322,5.058712,0.483519,0.6
  9324,5.059674,0.479869,0.6
  9326,5.060629,0.477078,0.6
  9328,5.061580,0.475153,0.6
  9330,5.062529,0.474093,0.6
  9332,5.063477,0.473896,0.6
  9334,5.064425,0.474553,0.6
  9336,5.065376,0.476055,0.6
  9338,5.066332,0.478388,0.6
  9340,5.067293,0.481535,0.6
  9342,5.068262,0.485476,0.6
  9344,5.069240,0.490184,0.6
  9346,5.070229,0.495630,0.6
  9348,5.071229,0.501778,0.6
  9350,5.072243,0.508582,0.6
  9352,5.073271,0.515993,0.6
  9354,5.074315,0.523947,0.6
  9356,5.075375,0.532374,0.6
  9358,5.076453,0.541186,0.6
  9360,5.077549,0.550290,0.6
  9362,5.078664,0.559572,0.6
  9364,5.079797,0.568912,0.6
  9366,5.080949,0.578170,0.6
  9368,5.082119,0.587197,0.6
  9370,5.083306,0.595836,0.6
  9372,5.084510,0.603920,0.6
  9374,5.085729,0.611286,0.6
  9376,5.086962,0.617769,0.6
  9378,5.088206,0.623215,0.6
  9380,5.089459,0.627486,0.6
  9382,5.090718,0.630464,0.6
  9384,5.091982,0.632062,0.6
  9386,5.093246,0.632223,0.6
  9388,5.094509,0.630929,0.6
  9390,5.095767,0.628200,0.6
  9392,5.097017,0.624095,0.6
  9394,5.098258,0.618709,0.6
  9396,5.099485,0.612166,0.6
  9398,5.100698,0.604620,0.6
  9400,5.101895,0.596243,0.6
  9402,5.103074,0.587221,0.6
  9404,5.104234,0.577739,0.6
  9406,5.105375,0.567984,0.6
  9408,5.106496,0.558137,0.6
  9410,5.107597,0.548365,0.6
  9412,5.108680,0.538818,0.6
  9414,5.109744,0.529629,0.6
  9416,5.110789,0.520915,0.6
  9418,5.111819,0.512774,0.6
  9420,5.112833,0.505285,0.6
  9422,5.113833,0.498512,0.6
  9424,5.114821,0.492506,0.6
  9426,5.115798,0.487302,0.6
  9428,5.116766,0.482931,0.6
  9430,5.117726,0.479409,0.6
  9432,5.118681,0.476747,0.6
  9434,5.119632,0.474951,0.6
  9436,5.120580,0.474020,0.6
  9438,5.121528,0.473951,0.6
  9440,5.122478,0.474736,0.6
  9442,5.123429,0.476364,0.6
  9444,5.124385,0.478822,0.6
  9446,5.125348,0.482089,0.6
  9448,5.126318,0.486146,0.6
  9450,5.127297,0.490967,0.6
  9452,5.128287,0.496520,0.6
  9454,5.129290,0.502769,0.6
  9456,5.130305,0.509668,0.6
  9458,5.131336,0.517164,0.6
  9460,5.132382,0.525195,0.6
  9462,5.133445,0.533685,0.6
  9464,5.134526,0.542548,0.6
  9466,5.135624,0.551685,0.6
  9468,5.136742,0.560985,0.6
  9470,5.137877,0.570319,0.6
  9472,5.139032,0.579551,0.6
  9474,5.140204,0.588528,0.6
  9476,5.141394,0.597094,0.6
  9478,5.142601,0.605081,0.6
  9480,5.143822,0.612325,0.6
  9482,5.145056,0.618662,0.6
  9484,5.146301,0.623941,0.6
  9486,5.147555,0.628025,0.6
  9488,5.148815,0.630802,0.6
  9490,5.150079,0.632189,0.6
  9492,5.151344,0.632134,0.6
  9494,5.152606,0.630625,0.6
  9496,5.153863,0.627686,0.6
  9498,5.155112,0.623385,0.6
  9500,5.156351,0.617817,0.6
  9502,5.157577,0.611116,0.6
  9504,5.158787,0.603433,0.6
  9506,5.159982,0.594946,0.6
  9508,5.161158,0.585842,0.6
  9510,5.162316,0.576306,0.6
  9512,5.163454,0.566525,0.6
  9514,5.164572,0.556677,0.6
  9516,5.165670,0.546928,0.6
  9518,5.166750,0.537425,0.6
  9520,5.167811,0.528300,0.6
  9522,5.168855,0.519666,0.6
  9524,5.169882,0.511617,0.6
  9526,5.170894,0.504231,0.6
  9528,5.171892,0.497570,0.6
  9530,5.172878,0.491683,0.6
  9532,5.173853,0.486604,0.6
  9534,5.174820,0.482359,0.6
  9536,5.175780,0.478965,0.6
  9538,5.176734,0.476433,0.6
  9540,5.177684,0.474767,0.6
  9542,5.178633,0.473967,0.6
  9544,5.179581,0.474027,0.6
  9546,5.180530,0.474940,0.6
  9548,5.181483,0.476694,0.6
  9550,5.182440,0.479274,0.6
  9552,5.183403,0.482662,0.6
  9554,5.184374,0.486835,0.6
  9556,5.185355,0.491769,0.6
  9558,5.186347,0.497430,0.6
  9560,5.187352,0.503780,0.6
  9562,5.188370,0.510774,0.6
  9564,5.189403,0.518355,0.6
  9566,5.190451,0.526459,0.6
  9568,5.191517,0.535011,0.6
  9570,5.192600,0.543922,0.6
  9572,5.193702,0.553094,0.6
  9574,5.194822,0.562408,0.6
  9576,5.195961,0.571737,0.6
  9578,5.197118,0.580941,0.6
  9580,5.198293,0.589867,0.6
  9582,5.199486,0.598357,0.6
  9584,5.200694,0.606241,0.6
  9586,5.201917,0.613357,0.6
  9588,5.203153,0.619543,0.6
  9590,5.204400,0.624650,0.6
  9592,5.205655,0.628543,0.6
  9594,5.206916,0.631114,0.6
  9596,5.208180,0.632285,0.6
  9598,5.209445,0.632010,0.6
  9600,5.210706,0.630282,0.6
  9602,5.211962,0.627132,0.6
  9604,5.213210,0.622630,0.6
  9606,5.214447,0.616881,0.6
  9608,5.215671,0.610018,0.6
  9610,5.216879,0.602204,0.6
  9612,5.218071,0.593614,0.6
  9614,5.219244,0.584432,0.6
  9616,5.220399,0.574847,0.6
  9618,5.221534,0.565045,0.6
  9620,5.222649,0.555201,0.6
  9622,5.223745,0.545481,0.6
  9624,5.224822,0.536027,0.6
  9626,5.225880,0.526969,0.6
  9628,5.226921,0.518417,0.6
  9630,5.227946,0.510463,0.6
  9632,5.228956,0.503182,0.6
  9634,5.229953,0.496635,0.6
  9636,5.230937,0.490867,0.6
  9638,5.231911,0.485913,0.6
  9640,5.232876,0.481797,0.6
  9642,5.233835,0.478534,0.6
  9644,5.234789,0.476134,0.6
  9646,5.235739,0.474601,0.6
  9648,5.236687,0.473932,0.6
  9650,5.237635,0.474122,0.6
  9652,5.238584,0.475163,0.6
  9654,5.239537,0.477043,0.6
  9656,5.240495,0.479747,0.6
  9658,5.241459,0.483256,0.6
  9660,5.242432,0.487548,0.6
  9662,5.243415,0.492593,0.6
  9664,5.244409,0.498362,0.6
  9666,5.245415,0.504813,0.6
  9668,5.246436,0.511899,0.6
  9670,5.247471,0.519567,0.6
  9672,5.248522,0.527745,0.6
  9674,5.249591,0.536360,0.6
  9676,5.250677,0.545320,0.6
  9678,5.251781,0.554521,0.6
  9680,5.252904,0.563848,0.6
  9682,5.254046,0.573167,0.6
  9684,5.255206,0.582339,0.6
  9686,5.256384,0.591209,0.6
  9688,5.257579,0.599618,0.6
  9690,5.258790,0.607397,0.6
  9692,5.260015,0.614381,0.6
  9694,5.261253,0.620411,0.6
  9696,5.262502,0.625340,0.6
  9698,5.263758,0.629037,0.6
  9700,5.265020,0.631398,0.6
  9702,5.266284,0.632348,0.6
  9704,5.267549,0.631849,0.6
  9706,5.268809,0.629899,0.6
  9708,5.270064,0.626537,0.6
  9710,5.271310,0.621836,0.6
  9712,5.272545,0.615907,0.6
  9714,5.273767,0.608888,0.6
  9716,5.274973,0.600941,0.6
  9718,5.276162,0.592247,0.6
  9720,5.277332,0.582991,0.6
  9722,5.278484,0.573360,0.6
  9724,5.279616,0.563543,0.6
  9726,5.280728,0.553708,0.6
  9728,5.281821,0.544019,0.6
  9730,5.282895,0.534617,0.6
  9732,5.283951,0.525630,0.6
  9734,5.284989,0.517164,0.6
  9736,5.286012,0.509310,0.6
  9738,5.287019,0.502139,0.6
  9740,5.288014,0.495709,0.6
  9742,5.288997,0.490065,0.6
  9744,5.289969,0.485238,0.6
  9746,5.290934,0.481251,0.6
  9748,5.291892,0.478121,0.6
  9750,5.292844,0.475854,0.6
  9752,5.293794,0.474453,0.6
  9754,5.294742,0.473916,0.6
  9756,5.295690,0.474238,0.6
  9758,5.296640,0.475410,0.6
  9760,5.297594,0.477418,0.6
  9762,5.298553,0.480248,0.6
  9764,5.299519,0.483880,0.6
  9766,5.300493,0.488290,0.6
  9768,5.301477,0.493451,0.6
  9770,5.302473,0.499328,0.6
  9772,5.303482,0.505880,0.6
  9774,5.304504,0.513061,0.6
  9776,5.305542,0.520810,0.6
  9778,5.306596,0.529062,0.6
  9780,5.307667,0.537736,0.6
  9782,5.308756,0.546741,0.6
  9784,5.309864,0.555970,0.6
  9786,5.310990,0.565304,0.6
  9788,5.312134,0.574613,0.6
  9790,5.313297,0.583749,0.6
  9792,5.314478,0.592559,0.6
  9794,5.315676,0.600881,0.6
  9796,5.316889,0.608548,0.6
  9798,5.318117,0.615395,0.6
  9800,5.319357,0.621265,0.6
  9802,5.320607,0.626010,0.6
  9804,5.321864,0.629506,0.6
  9806,5.323127,0.631651,0.6
  9808,5.324391,0.632377,0.6
  9810,5.325655,0.631650,0.6
  9812,5.326916,0.629476,0.6
  9814,5.328170,0.625898,0.6
  9816,5.329414,0.620996,0.6
  9818,5.330647,0.614886,0.6
  9820,5.331866,0.607710,0.6
  9822,5.333070,0.599635,0.6
  9824,5.334256,0.590840,0.6
  9826,5.335423,0.581514,0.6
  9828,5.336572,0.571843,0.6
  9830,5.337701,0.562012,0.6
  9832,5.338810,0.552190,0.6
  9834,5.339900,0.542536,0.6
  9836,5.340971,0.533192,0.6
  9838,5.342024,0.524280,0.6
  9840,5.343060,0.515905,0.6
  9842,5.344080,0.508151,0.6
  9844,5.345086,0.501092,0.6
  9846,5.346079,0.494782,0.6
  9848,5.347060,0.489262,0.6
  9850,5.348032,0.484565,0.6
  9852,5.348995,0.480713,0.6
  9854,5.349952,0.477717,0.6
  9856,5.350904,0.475587,0.6
  9858,5.351853,0.474322,0.6
  9860,5.352801,0.473921,0.6
  9862,5.353749,0.474378,0.6
  9864,5.354700,0.475683,0.6
  9866,5.355655,0.477821,0.6
  9868,5.356615,0.480779,0.6
  9870,5.357582,0.484535,0.6
  9872,5.358558,0.489067,0.6
  9874,5.359544,0.494345,0.6
  9876,5.360541,0.500332,0.6
  9878,5.361552,0.506989,0.6
  9880,5.362576,0.514263,0.6
  9882,5.363617,0.522096,0.6
  9884,5.364674,0.530421,0.6
  9886,5.365747,0.539153,0.6
  9888,5.366839,0.548199,0.6
  9890,5.367949,0.557452,0.6
  9892,5.369079,0.566789,0.6
  9894,5.370226,0.576080,0.6
  9896,5.371392,0.585175,0.6
  9898,5.372575,0.593918,0.6
  9900,5.373775,0.602148,0.6
  9902,5.374991,0.609696,0.6
  9904,5.376221,0.616399,0.6
  9906,5.377463,0.622101,0.6
  9908,5.378714,0.626657,0.6
  9910,5.379972,0.629946,0.6
  9912,5.381235,0.631872,0.6
  9914,5.382500,0.632371,0.6
  9916,5.383763,0.631415,0.6
  9918,5.385023,0.629018,0.6
  9920,5.386275,0.625225,0.6
  9922,5.387518,0.620125,0.6
  9924,5.388749,0.613839,0.6
  9926,5.389966,0.606511,0.6
  9928,5.391167,0.598310,0.6
  9930,5.392350,0.589418,0.6
  9932,5.393515,0.580023,0.6
  9934,5.394660,0.570315,0.6
  9936,5.395786,0.560474,0.6
  9938,5.396892,0.550670,0.6
  9940,5.397979,0.541056,0.6
  9942,5.399047,0.531771,0.6
  9944,5.400098,0.522937,0.6
  9946,5.401131,0.514652,0.6
  9948,5.402149,0.507005,0.6
  9950,5.403152,0.500059,0.6
  9952,5.404143,0.493871,0.6
  9954,5.405123,0.488480,0.6
  9956,5.406093,0.483915,0.6
  9958,5.407055,0.480196,0.6
  9960,5.408011,0.477337,0.6
  9962,5.408963,0.475342,0.6
  9964,5.409911,0.474213,0.6
  9966,5.410859,0.473947,0.6
  9968,5.411808,0.474538,0.6
  9970,5.412758,0.475974,0.6
  9972,5.413713,0.478241,0.6
  9974,5.414674,0.481325,0.6
  9976,5.415643,0.485203,0.6
  9978,5.416620,0.489852,0.6
  9980,5.417608,0.495242,0.6
  9982,5.418607,0.501336,0.6
  9984,5.419620,0.508092,0.6
  9986,5.420647,0.515458,0.6
  9988,5.421690,0.523372,0.6
  9990,5.422749,0.531766,0.6
  9992,5.423826,0.540554,0.6
  9994,5.424921,0.549639,0.6
  9996,5.426033,0.558913,0.6
  9998,5.427166,0.568253,0.6
 10000,5.428316,0.577522,0.6
 10002,5.429484,0.586572,0.6
 10004,5.430670,0.595248,0.6
 10006,5.431873,0.603381,0.6
 10008,5.433091,0.610808,0.6
 10010,5.434322,0.617366,0.6
 10012,5.435565,0.622898,0.6
 10014,5.436818,0.627264,0.6
 10016,5.438077,0.630347,0.6
 10018,5.439341,0.632055,0.6
 10020,5.440605,0.632329,0.6
 10022,5.441868,0.631149,0.6
 10024,5.443127,0.628530,0.6
 10026,5.444378,0.624529,0.6
 10028,5.445620,0.619238,0.6
 10030,5.446848,0.612776,0.6
 10032,5.448062,0.605302,0.6
 10034,5.449261,0.596983,0.6
 10036,5.450441,0.588002,0.6
 10038,5.451603,0.578546,0.6
 10040,5.452745,0.568806,0.6
 10042,5.453868,0.558959,0.6
 10044,5.454972,0.549174,0.6
 10046,5.456056,0.539601,0.6
 10048,5.457121,0.530376,0.6
 10050,5.458169,0.521620,0.6
 10052,5.459200,0.513430,0.6
 10054,5.460216,0.505888,0.6
 10056,5.461217,0.499057,0.6
 10058,5.462206,0.492990,0.6
 10060,5.463184,0.487725,0.6
 10062,5.464153,0.483290,0.6
 10064,5.465115,0.479704,0.6
 10066,5.466070,0.476979,0.6
 10068,5.467021,0.475120,0.6
 10070,5.467969,0.474126,0.6
 10072,5.468917,0.473995,0.6
 10074,5.469866,0.474718,0.6
 10076,5.470818,0.476286,0.6
 10078,5.471774,0.478685,0.6
 10080,5.472736,0.481895,0.6
 10082,5.473706,0.485898,0.6
 10084,5.474685,0.490667,0.6
 10086,5.475675,0.496171,0.6
 10088,5.476677,0.502374,0.6
 10090,5.477692,0.509232,0.6
 10092,5.478722,0.516692,0.6
 10094,5.479767,0.524690,0.6
 10096,5.480829,0.533153,0.6
 10098,5.481909,0.541994,0.6
 10100,5.483006,0.551120,0.6
 10102,5.484123,0.560414,0.6
 10104,5.485258,0.569754,0.6
 10106,5.486411,0.578999,0.6
 10108,5.487583,0.588001,0.6
 10110,5.488771,0.596601,0.6
 10112,5.489977,0.604634,0.6
 10114,5.491197,0.611933,0.6
 10116,5.492431,0.618337,0.6
 10118,5.493676,0.623691,0.6
 10120,5.494930,0.627859,0.6
 10122,5.496190,0.630727,0.6
 10124,5.497454,0.632207,0.6
 10126,5.498719,0.632248,0.6
 10128,5.499981,0.630833,0.6
 10130,5.501239,0.627987,0.6
 10132,5.502489,0.623770,0.6
 10134,5.503728,0.618280,0.6
 10136,5.504955,0.611646,0.6
 10138,5.506167,0.604021,0.6
 10140,5.507363,0.595580,0.6
 10142,5.508541,0.586508,0.6
 10144,5.509699,0.576994,0.6
 10146,5.510839,0.567222,0.6
 10148,5.511959,0.557371,0.6
 10150,5.513059,0.547610,0.6
 10152,5.514139,0.538086,0.6
 10154,5.515202,0.528934,0.6
 10156,5.516246,0.520265,0.6
 10158,5.517274,0.512177,0.6
 10160,5.518288,0.504745,0.6
 10162,5.519287,0.498035,0.6
 10164,5.520274,0.492097,0.6
 10166,5.521250,0.486966,0.6
 10168,5.522217,0.482667,0.6
 10170,5.523177,0.479220,0.6
 10172,5.524132,0.476634,0.6
 10174,5.525083,0.474913,0.6
 10176,5.526031,0.474059,0.6
 10178,5.526979,0.474065,0.6
 10180,5.527928,0.474925,0.6
 10182,5.528881,0.476627,0.6
 10184,5.529838,0.479158,0.6
 10186,5.530801,0.482497,0.6
 10188,5.531773,0.486625,0.6
 10190,5.532753,0.491514,0.6
 10192,5.533744,0.497133,0.6
 10194,5.534748,0.503444,0.6
 10196,5.535765,0.510402,0.6
 10198,5.536797,0.517949,0.6
 10200,5.537845,0.526024,0.6
 10202,5.538910,0.534553,0.6
 10204,5.539992,0.543448,0.6
 10206,5.541093,0.552607,0.6
 10208,5.542212,0.561916,0.6
 10210,5.543350,0.571248,0.6
 10212,5.544506,0.580465,0.6
 10214,5.545681,0.589414,0.6
 10216,5.546872,0.597934,0.6
 10218,5.548080,0.605862,0.6
 10220,5.549303,0.613029,0.6
 10222,5.550538,0.619276,0.6
 10224,5.551785,0.624450,0.6
 10226,5.553040,0.628417,0.6
 10228,5.554300,0.631069,0.6
 10230,5.555564,0.632322,0.6
 10232,5.556829,0.632132,0.6
 10234,5.558091,0.630488,0.6
 10236,5.559347,0.627418,0.6
 10238,5.560596,0.622992,0.6
 10240,5.561833,0.617311,0.6
 10242,5.563058,0.610509,0.6
 10244,5.564267,0.602745,0.6
 10246,5.565460,0.594193,0.6
 10248,5.566635,0.585039,0.6
 10250,5.567791,0.575471,0.6
 10252,5.568927,0.565675,0.6
 10254,5.570044,0.555829,0.6
 10256,5.571140,0.546095,0.6
 10258,5.572218,0.536623,0.6
 10260,5.573277,0.527539,0.6
 10262,5.574319,0.518956,0.6
 10264,5.575346,0.510966,0.6
 10266,5.576356,0.503645,0.6
 10268,5.577353,0.497054,0.6
 10270,5.578339,0.491241,0.6
 10272,5.579314,0.486239,0.6
 10274,5.580280,0.482075,0.6
 10276,5.581239,0.478763,0.6
 10278,5.582192,0.476314,0.6
 10280,5.583143,0.474731,0.6
 10282,5.584091,0.474013,0.6
 10284,5.585039,0.474156,0.6
 10286,5.585989,0.475151,0.6
 10288,5.586941,0.476985,0.6
 10290,5.587899,0.479643,0.6
 10292,5.588863,0.483109,0.6
 10294,5.589836,0.487357,0.6
 10296,5.590818,0.492363,0.6
 10298,5.591811,0.498094,0.6
 10300,5.592817,0.504509,0.6
 10302,5.593836,0.511563,0.6
 10304,5.594871,0.519199,0.6
 10306,5.595922,0.527352,0.6
 10308,5.596989,0.535946,0.6
 10310,5.598074,0.544888,0.6
 10312,5.599178,0.554080,0.6
 10314,5.600300,0.563403,0.6
 10316,5.601441,0.572728,0.6
 10318,5.602600,0.581913,0.6
 10320,5.603777,0.590805,0.6
 10322,5.604972,0.599244,0.6
 10324,5.606182,0.607062,0.6
 10326,5.607407,0.614095,0.6
 10328,5.608645,0.620181,0.6
 10330,5.609893,0.625173,0.6
 10332,5.611149,0.628939,0.6
 10334,5.612411,0.631373,0.6
 10336,5.613675,0.632400,0.6
 10338,5.614939,0.631978,0.6
 10340,5.616200,0.630104,0.6
 10342,5.617456,0.626814,0.6
 10344,5.618703,0.622181,0.6
 10346,5.619938,0.616312,0.6
 10348,5.621161,0.609346,0.6
 10350,5.622367,0.601444,0.6
 10352,5.623557,0.592784,0.6
 10354,5.624729,0.583552,0.6
 10356,5.625882,0.573935,0.6
 10358,5.627015,0.564120,0.6
 10360,5.628129,0.554282,0.6
 10362,5.629222,0.544580,0.6
 10364,5.630297,0.535160,0.6
 10366,5.631354,0.526149,0.6
 10368,5.632393,0.517655,0.6
 10370,5.633417,0.509767,0.6
 10372,5.634425,0.502559,0.6
 10374,5.635420,0.496089,0.6
 10376,5.636404,0.490402,0.6
 10378,5.637377,0.485533,0.6
 10380,5.638342,0.481503,0.6
 10382,5.639300,0.478327,0.6
 10384,5.640253,0.476016,0.6
 10386,5.641202,0.474571,0.6
 10388,5.642150,0.473990,0.6
 10390,5.643099,0.474268,0.6
 10392,5.644049,0.475396,0.6
 10394,5.645003,0.477363,0.6
 10396,5.645962,0.480152,0.6
 10398,5.646927,0.483745,0.6
 10400,5.647902,0.488117,0.6
 10402,5.648885,0.493242,0.6
 10404,5.649880,0.499084,0.6
 10406,5.650888,0.505605,0.6
 10408,5.651910,0.512755,0.6
 10410,5.652947,0.520478,0.6
 10412,5.654000,0.528707,0.6
 10414,5.655071,0.537362,0.6
 10416,5.656159,0.546353,0.6
 10418,5.657265,0.555573,0.6
 10420,5.658391,0.564905,0.6
 10422,5.659534,0.574217,0.6
 10424,5.660696,0.583366,0.6
 10426,5.661876,0.592197,0.6
 10428,5.663073,0.600547,0.6
 10430,5.664286,0.608251,0.6
 10432,5.665513,0.615143,0.6
 10434,5.666752,0.621065,0.6
 10436,5.668002,0.625869,0.6
 10438,5.669260,0.629430,0.6
 10440,5.670522,0.631644,0.6
 10442,5.671787,0.632441,0.6
 10444,5.673051,0.631787,0.6
 10446,5.674312,0.629683,0.6
 10448,5.675566,0.626172,0.6
 10450,5.676811,0.621333,0.6
 10452,5.678044,0.615278,0.6
 10454,5.679264,0.608151,0.6
 10456,5.680469,0.600116,0.6
 10458,5.681656,0.591350,0.6
 10460,5.682825,0.582043,0.6
 10462,5.683975,0.572382,0.6
 10464,5.685105,0.562551,0.6
 10466,5.686215,0.552724,0.6
 10468,5.687306,0.543059,0.6
 10470,5.688378,0.533696,0.6
 10472,5.689432,0.524759,0.6
 10474,5.690469,0.516355,0.6
 10476,5.691490,0.508570,0.6
 10478,5.692497,0.501476,0.6
 10480,5.693490,0.495127,0.6
 10482,5.694472,0.489570,0.6
 10484,5.695444,0.484834,0.6
 10486,5.696408,0.480941,0.6
 10488,5.697365,0.477905,0.6
 10490,5.698318,0.475733,0.6
 10492,5.699267,0.474429,0.6
 10494,5.700215,0.473989,0.6
 10496,5.701163,0.474406,0.6
 10498,5.702114,0.475672,0.6
 10500,5.703069,0.477774,0.6
 10502,5.704029,0.480696,0.6
 10504,5.704996,0.484417,0.6
 10506,5.705971,0.488914,0.6
 10508,5.706956,0.494158,0.6
 10510,5.707953,0.500114,0.6
 10512,5.708964,0.506742,0.6
 10514,5.709988,0.513992,0.6
 10516,5.711028,0.521803,0.6
 10518,5.712084,0.530108,0.6
 10520,5.713157,0.538826,0.6
 10522,5.714248,0.547861,0.6
 10524,5.715358,0.557108,0.6
 10526,5.716486,0.566447,0.6
 10528,5.717633,0.575743,0.6
 10530,5.718798,0.584849,0.6
 10532,5.719981,0.593613,0.6
 10534,5.721181,0.601870,0.6
 10536,5.722396,0.609453,0.6
 10538,5.723625,0.616196,0.6
 10540,5.724866,0.621944,0.6
 10542,5.726117,0.626553,0.6
 10544,5.727375,0.629898,0.6
 10546,5.728638,0.631884,0.6
 10548,5.729902,0.632446,0.6
 10550,5.731166,0.631554,0.6
 10552,5.732426,0.629217,0.6
 10554,5.733679,0.625483,0.6
 10556,5.734922,0.620437,0.6
 10558,5.736154,0.614196,0.6
 10560,5.737372,0.606909,0.6
 10562,5.738574,0.598740,0.6
 10564,5.739758,0.589872,0.6
 10566,5.740923,0.580494,0.6
 10568,5.742070,0.570795,0.6
 10570,5.743196,0.560954,0.6
 10572,5.744304,0.551143,0.6
 10574,5.745392,0.541517,0.6
 10576,5.746461,0.532215,0.6
 10578,5.747512,0.523358,0.6
 10580,5.748547,0.515048,0.6
 10582,5.749565,0.507371,0.6
 10584,5.750569,0.500397,0.6
 10586,5.751561,0.494176,0.6
 10588,5.752541,0.488750,0.6
 10590,5.753511,0.484151,0.6
 10592,5.754473,0.480398,0.6
 10594,5.755429,0.477503,0.6
 10596,5.756381,0.475473,0.6
 10598,5.757330,0.474309,0.6
 10600,5.758278,0.474009,0.6
 10602,5.759227,0.474564,0.6
 10604,5.760178,0.475966,0.6
 10606,5.761133,0.478202,0.6
 10608,5.762094,0.481254,0.6
 10610,5.763062,0.485102,0.6
 10612,5.764039,0.489721,0.6
 10614,5.765026,0.495083,0.6
 10616,5.766025,0.501149,0.6
 10618,5.767037,0.507879,0.6
 10620,5.768064,0.515223,0.6
 10622,5.769106,0.523120,0.6
 10624,5.770165,0.531498,0.6
 10626,5.771242,0.540274,0.6
 10628,5.772336,0.549352,0.6
 10630,5.773448,0.558623,0.6
 10632,5.774580,0.567963,0.6
 10634,5.775730,0.577240,0.6
 10636,5.776898,0.586304,0.6
 10638,5.778084,0.594997,0.6
 10640,5.779286,0.603158,0.6
 10642,5.780504,0.610617,0.6
 10644,5.781735,0.617211,0.6
 10646,5.782979,0.622784,0.6
 10648,5.784231,0.627196,0.6
 10650,5.785490,0.630327,0.6
 10652,5.786754,0.632085,0.6
 10654,5.788018,0.632410,0.6
 10656,5.789281,0.631281,0.6
 10658,5.790541,0.628712,0.6
 10660,5.791792,0.624757,0.6
 10662,5.793034,0.619506,0.6
 10664,5.794264,0.613084,0.6
 10666,5.795479,0.605641,0.6
 10668,5.796678,0.597345,0.6
 10670,5.797859,0.588380,0.6
 10672,5.799022,0.578937,0.6
 10674,5.800165,0.569202,0.6
 10676,5.801289,0.559356,0.6
 10678,5.802393,0.549565,0.6
 10680,5.803477,0.539982,0.6
 10682,5.804543,0.530746,0.6
 10684,5.805592,0.521971,0.6
 10686,5.806623,0.513759,0.6
 10688,5.807640,0.506194,0.6
 10690,5.808641,0.499337,0.6
 10692,5.809631,0.493245,0.6
 10694,5.810609,0.487953,0.6
 10696,5.811578,0.483491,0.6
 10698,5.812540,0.479877,0.6
 10700,5.813495,0.477123,0.6
 10702,5.814446,0.475235,0.6
 10704,5.815395,0.474213,0.6
 10706,5.816343,0.474053,0.6
 10708,5.817292,0.474748,0.6
 10710,5.818244,0.476288,0.6
 10712,5.819200,0.478659,0.6
 10714,5.820162,0.481844,0.6
 10716,5.821132,0.485821,0.6
 10718,5.822111,0.490566,0.6
 10720,5.823100,0.496047,0.6
 10722,5.824101,0.502228,0.6
 10724,5.825116,0.509066,0.6
 10726,5.826145,0.516505,0.6
 10728,5.827189,0.524486,0.6
 10730,5.828251,0.532934,0.6
 10732,5.829330,0.541767,0.6
 10734,5.830428,0.550885,0.6
 10736,5.831543,0.560176,0.6
 10738,5.832678,0.569516,0.6
 10740,5.833831,0.578768,0.6
 10742,5.835002,0.587782,0.6
 10744,5.836191,0.596397,0.6
 10746,5.837396,0.604452,0.6
 10748,5.838616,0.611780,0.6
 10750,5.839849,0.618216,0.6
 10752,5.841094,0.623606,0.6
 10754,5.842348,0.627814,0.6
 10756,5.843608,0.630724,0.6
 10758,5.844872,0.632249,0.6
 10760,5.846137,0.632335,0.6
 10762,5.847399,0.630966,0.6
 10764,5.848657,0.628163,0.6
 10766,5.849907,0.623988,0.6
 10768,5.851147,0.618536,0.6
 10770,5.852375,0.611934,0.6
 10772,5.853587,0.604338,0.6
 10774,5.854784,0.595920,0.6
 10776,5.855962,0.586863,0.6
 10778,5.857121,0.577357,0.6
 10780,5.858262,0.567590,0.6
 10782,5.859382,0.557740,0.6
 10784,5.860483,0.547973,0.6
 10786,5.861564,0.538439,0.6
 10788,5.862627,0.529272,0.6
 10790,5.863673,0.520586,0.6
 10792,5.864702,0.512477,0.6
 10794,5.865716,0.505023,0.6
 10796,5.866715,0.498290,0.6
 10798,5.867703,0.492326,0.6
 10800,5.868680,0.487169,0.6
 10802,5.869648,0.482845,0.6
 10804,5.870608,0.479373,0.6
 10806,5.871563,0.476762,0.6
 10808,5.872514,0.475017,0.6
 10810,5.873462,0.474138,0.6
 10812,5.874410,0.474121,0.6
 10814,5.875360,0.474957,0.6
 10816,5.876312,0.476636,0.6
 10818,5.877269,0.479145,0.6
 10820,5.878232,0.482463,0.6
 10822,5.879203,0.486570,0.6
 10824,5.880184,0.491438,0.6
 10826,5.881175,0.497039,0.6
 10828,5.882178,0.503331,0.6
 10830,5.883195,0.510272,0.6
 10832,5.884227,0.517807,0.6
 10834,5.885275,0.525872,0.6
 10836,5.886340,0.534393,0.6
 10838,5.887422,0.543280,0.6
 10840,5.888522,0.552435,0.6
 10842,5.889641,0.561745,0.6
 10844,5.890779,0.571079,0.6
 10846,5.891934,0.580303,0.6
 10848,5.893108,0.589261,0.6
 10850,5.894300,0.597795,0.6
 10852,5.895507,0.605741,0.6
 10854,5.896729,0.612929,0.6
 10856,5.897965,0.619200,0.6
 10858,5.899211,0.624403,0.6
 10860,5.900466,0.628402,0.6
 10862,5.901727,0.631087,0.6
 10864,5.902991,0.632376,0.6
 10866,5.904255,0.632221,0.6
 10868,5.905518,0.630611,0.6
 10870,5.906775,0.627576,0.6
 10872,5.908023,0.623180,0.6
 10874,5.909261,0.617527,0.6
 10876,5.910486,0.610751,0.6
 10878,5.911696,0.603006,0.6
 10880,5.912890,0.594467,0.6
 10882,5.914065,0.585323,0.6
 10884,5.915222,0.575760,0.6
 10886,5.916358,0.565966,0.6
 10888,5.917476,0.556119,0.6
 10890,5.918573,0.546381,0.6
 10892,5.919652,0.536899,0.6
 10894,5.920712,0.527804,0.6
 10896,5.921755,0.519206,0.6
 10898,5.922781,0.511200,0.6
 10900,5.923792,0.503863,0.6
 10902,5.924790,0.497254,0.6
 10904,5.925776,0.491422,0.6
 10906,5.926751,0.486402,0.6
 10908,5.927717,0.482219,0.6
 10910,5.928677,0.478890,0.6
 10912,5.929630,0.476423,0.6
 10914,5.930581,0.474822,0.6
 10916,5.931529,0.474087,0.6
 10918,5.932477,0.474212,0.6
 10920,5.933427,0.475189,0.6
 10922,5.934380,0.477007,0.6
 10924,5.935338,0.479649,0.6
 10926,5.936302,0.483099,0.6
 10928,5.937274,0.487334,0.6
 10930,5.938256,0.492326,0.6
 10932,5.939249,0.498041,0.6
 10934,5.940254,0.504444,0.6
 10936,5.941274,0.511486,0.6
 10938,5.942308,0.519113,0.6
 10940,5.943359,0.527259,0.6
 10942,5.944427,0.535846,0.6
 10944,5.945511,0.544786,0.6
 10946,5.946615,0.553975,0.6
 10948,5.947737,0.563297,0.6
 10950,5.948877,0.572624,0.6
 10952,5.950037,0.581814,0.6
 10954,5.951214,0.590714,0.6
 10956,5.952408,0.599163,0.6
 10958,5.953619,0.606996,0.6
 10960,5.954844,0.614046,0.6
 10962,5.956081,0.620152,0.6
 10964,5.957329,0.625164,0.6
 10966,5.958585,0.628952,0.6
 10968,5.959846,0.631410,0.6
 10970,5.961111,0.632461,0.6
 10972,5.962376,0.632064,0.6
 10974,5.963637,0.630214,0.6
 10976,5.964893,0.626946,0.6
 10978,5.966140,0.622332,0.6
 10980,5.967376,0.616481,0.6
 10982,5.968599,0.609531,0.6
 10984,5.969806,0.601641,0.6
 10986,5.970997,0.592989,0.6
 10988,5.972169,0.583763,0.6
 10990,5.973322,0.574150,0.6
 10992,5.974456,0.564337,0.6
 10994,5.975570,0.554497,0.6
 10996,5.976665,0.544790,0.6
 10998,5.977740,0.535362,0.6
 11000,5.978797,0.526340,0.6
 11002,5.979837,0.517834,0.6
 11004,5.980861,0.509933,0.6
 11006,5.981870,0.502714,0.6
 11008,5.982866,0.496233,0.6
 11010,5.983850,0.490535,0.6
 11012,5.984823,0.485654,0.6
 11014,5.985788,0.481613,0.6
 11016,5.986746,0.478428,0.6
 11018,5.987699,0.476105,0.6
 11020,5.988649,0.474649,0.6
 11022,5.989597,0.474059,0.6
 11024,5.990546,0.474327,0.6
 11026,5.991496,0.475447,0.6
 11028,5.992450,0.477405,0.6
 11030,5.993409,0.480184,0.6
 11032,5.994375,0.483769,0.6
 11034,5.995349,0.488134,0.6
 11036,5.996333,0.493252,0.6
 11038,5.997328,0.499088,0.6
 11040,5.998335,0.505603,0.6
 11042,5.999357,0.512749,0.6
 11044,6.000394,0.520467,0.6
 11046,6.001447,0.528691,0.6
 11048,6.002518,0.537342,0.6
 11050,6.003606,0.546332,0.6
 11052,6.004712,0.555552,0.6
 11054,6.005837,0.564883,0.6
 11056,6.006981,0.574198,0.6
 11058,6.008143,0.583349,0.6
 11060,6.009323,0.592185,0.6
 11062,6.010520,0.600542,0.6
 11064,6.011733,0.608253,0.6
 11066,6.012960,0.615154,0.6
 11068,6.014200,0.621086,0.6
 11070,6.015450,0.625901,0.6
 11072,6.016707,0.629472,0.6
 11074,6.017970,0.631698,0.6
 11076,6.019234,0.632507,0.6
 11078,6.020498,0.631864,0.6
 11080,6.021759,0.629772,0.6
 11082,6.023013,0.626271,0.6
 11084,6.024259,0.621441,0.6
 11086,6.025493,0.615396,0.6
 11088,6.026713,0.608275,0.6
 11090,6.027917,0.600244,0.6
 11092,6.029105,0.591484,0.6
 11094,6.030274,0.582178,0.6
 11096,6.031424,0.572519,0.6
 11098,6.032554,0.562688,0.6
 11100,6.033665,0.552858,0.6
 11102,6.034756,0.543190,0.6
 11104,6.035828,0.533824,0.6
 11106,6.036882,0.524885,0.6
 11108,6.037920,0.516475,0.6
 11110,6.038941,0.508685,0.6
 11112,6.039948,0.501585,0.6
 11114,6.040941,0.495233,0.6
 11116,6.041924,0.489669,0.6
 11118,6.042896,0.484926,0.6
 11120,6.043860,0.481028,0.6
 11122,6.044817,0.477987,0.6
 11124,6.045770,0.475810,0.6
 11126,6.046719,0.474501,0.6
 11128,6.047667,0.474056,0.6
 11130,6.048615,0.474468,0.6
 11132,6.049566,0.475729,0.6
 11134,6.050521,0.477827,0.6
 11136,6.051481,0.480745,0.6
 11138,6.052448,0.484462,0.6
 11140,6.053423,0.488957,0.6
 11142,6.054409,0.494198,0.6
 11144,6.055406,0.500151,0.6
 11146,6.056417,0.506777,0.6
 11148,6.057441,0.514023,0.6
 11150,6.058480,0.521834,0.6
 11152,6.059536,0.530136,0.6
 11154,6.060610,0.538853,0.6
 11156,6.061701,0.547887,0.6
 11158,6.062810,0.557135,0.6
 11160,6.063939,0.566473,0.6
 11162,6.065085,0.575771,0.6
 11164,6.066251,0.584881,0.6
 11166,6.067434,0.593647,0.6
 11168,6.068634,0.601906,0.6
 11170,6.069849,0.609492,0.6
 11172,6.071078,0.616239,0.6
 11174,6.072319,0.621992,0.6
 11176,6.073570,0.626605,0.6
 11178,6.074829,0.629956,0.6
 11180,6.076092,0.631947,0.6
 11182,6.077356,0.632512,0.6
 11184,6.078620,0.631624,0.6
 11186,6.079881,0.629290,0.6
 11188,6.081134,0.625558,0.6
 11190,6.082377,0.620513,0.6
 11192,6.083609,0.614276,0.6
 11194,6.084827,0.606989,0.6
 11196,6.086029,0.598821,0.6
 11198,6.087214,0.589953,0.6
 11200,6.088379,0.580576,0.6
 11202,6.089526,0.570875,0.6
 11204,6.090653,0.561033,0.6
 11206,6.091760,0.551221,0.6
 11208,6.092848,0.541594,0.6
 11210,6.093917,0.532290,0.6
 11212,6.094969,0.523432,0.6
 11214,6.096003,0.515122,0.6
 11216,6.097022,0.507444,0.6
 11218,6.098026,0.500467,0.6
 11220,6.099018,0.494245,0.6
 11222,6.099998,0.488818,0.6
 11224,6.100969,0.484217,0.6
 11226,6.101932,0.480464,0.6
 11228,6.102888,0.477569,0.6
 11230,6.103840,0.475539,0.6
 11232,6.104789,0.474376,0.6
 11234,6.105737,0.474076,0.6
 11236,6.106686,0.474634,0.6
 11238,6.107637,0.476038,0.6
 11240,6.108593,0.478276,0.6
 11242,6.109553,0.481330,0.6
 11244,6.110521,0.485180,0.6
 11246,6.111498,0.489801,0.6
 11248,6.112486,0.495166,0.6
 11250,6.113485,0.501235,0.6
 11252,6.114498,0.507969,0.6
 11254,6.115525,0.515315,0.6
 11256,6.116567,0.523213,0.6
 11258,6.117626,0.531594,0.6
 11260,6.118702,0.540370,0.6
 11262,6.119797,0.549450,0.6
 11264,6.120910,0.558722,0.6
 11266,6.122041,0.568066,0.6
 11268,6.123191,0.577342,0.6
 11270,6.124360,0.586405,0.6
 11272,6.125546,0.595098,0.6
 11274,6.126748,0.603255,0.6
 11276,6.127966,0.610710,0.6
 11278,6.129198,0.617301,0.6
 11280,6.130441,0.622870,0.6
 11282,6.131693,0.627277,0.6
 11284,6.132952,0.630403,0.6
 11286,6.134216,0.632156,0.6
 11288,6.135480,0.632476,0.6
 11290,6.136744,0.631340,0.6
 11292,6.138003,0.628765,0.6
 11294,6.139255,0.624803,0.6
 11296,6.140497,0.619547,0.6
 11298,6.141726,0.613120,0.6
 11300,6.142941,0.605671,0.6
 11302,6.144141,0.597372,0.6
 11304,6.145322,0.588405,0.6
 11306,6.146485,0.578958,0.6
 11308,6.147628,0.569221,0.6
 11310,6.148752,0.559372,0.6
 11312,6.149856,0.549581,0.6
 11314,6.150940,0.539998,0.6
 11316,6.152007,0.530763,0.6
 11318,6.153055,0.521991,0.6
 11320,6.154087,0.513783,0.6
 11322,6.155103,0.506220,0.6
 11324,6.156105,0.499369,0.6
 11326,6.157094,0.493279,0.6
 11328,6.158072,0.487991,0.6
 11330,6.159041,0.483533,0.6
 11332,6.160003,0.479924,0.6
 11334,6.160958,0.477176,0.6
 11336,6.161910,0.475293,0.6
 11338,6.162859,0.474276,0.6
 11340,6.163807,0.474122,0.6
 11342,6.164756,0.474823,0.6
 11344,6.165708,0.476369,0.6
 11346,6.166664,0.478746,0.6
 11348,6.167626,0.481937,0.6
 11350,6.168596,0.485920,0.6
 11352,6.169575,0.490672,0.6
 11354,6.170565,0.496159,0.6
 11356,6.171566,0.502348,0.6
 11358,6.172582,0.509190,0.6
 11360,6.173611,0.516636,0.6
 11362,6.174656,0.524623,0.6
 11364,6.175718,0.533077,0.6
 11366,6.176797,0.541914,0.6
 11368,6.177895,0.551034,0.6
 11370,6.179011,0.560326,0.6
 11372,6.180146,0.569666,0.6
 11374,6.181299,0.578918,0.6
 11376,6.182470,0.587929,0.6
 11378,6.183659,0.596542,0.6
 11380,6.184865,0.604591,0.6
 11382,6.186085,0.611912,0.6
 11384,6.187318,0.618338,0.6
 11386,6.188563,0.623718,0.6
 11388,6.189817,0.627915,0.6
 11390,6.191078,0.630812,0.6
 11392,6.192342,0.632323,0.6
 11394,6.193607,0.632395,0.6
 11396,6.194870,0.631011,0.6
 11398,6.196127,0.628194,0.6
 11400,6.197378,0.624004,0.6
 11402,6.198617,0.618538,0.6
 11404,6.199845,0.611925,0.6
 11406,6.201057,0.604319,0.6
 11408,6.202254,0.595892,0.6
 11410,6.203432,0.586829,0.6
 11412,6.204592,0.577319,0.6
 11414,6.205732,0.567548,0.6
 11416,6.206852,0.557696,0.6
 11418,6.207953,0.547928,0.6
 11420,6.209034,0.538396,0.6
 11422,6.210097,0.529232,0.6
 11424,6.211143,0.520551,0.6
 11426,6.212172,0.512446,0.6
 11428,6.213186,0.505001,0.6
 11430,6.214186,0.498275,0.6
 11432,6.215173,0.492321,0.6
 11434,6.216150,0.487175,0.6
 11436,6.217118,0.482861,0.6
 11438,6.218079,0.479399,0.6
 11440,6.219033,0.476799,0.6
 11442,6.219984,0.475066,0.6
 11444,6.220932,0.474199,0.6
 11446,6.221880,0.474193,0.6
 11448,6.222830,0.475041,0.6
 11450,6.223783,0.476732,0.6
 11452,6.224740,0.479251,0.6
 11454,6.225703,0.482580,0.6
 11456,6.226674,0.486697,0.6
 11458,6.227655,0.491578,0.6
 11460,6.228647,0.497190,0.6
 11462,6.229650,0.503495,0.6
 11464,6.230668,0.510446,0.6
 11466,6.231699,0.517989,0.6
 11468,6.232748,0.526060,0.6
 11470,6.233812,0.534587,0.6
 11472,6.234895,0.543479,0.6
 11474,6.235995,0.552637,0.6
 11476,6.237114,0.561946,0.6
 11478,6.238252,0.571280,0.6
 11480,6.239408,0.580500,0.6
 11482,6.240583,0.589455,0.6
 11484,6.241775,0.597982,0.6
 11486,6.242983,0.605918,0.6
 11488,6.244205,0.613095,0.6
 11490,6.245441,0.619353,0.6
 11492,6.246688,0.624540,0.6
 11494,6.247943,0.628520,0.6
 11496,6.249205,0.631184,0.6
 11498,6.250469,0.632450,0.6
 11500,6.251734,0.632272,0.6
 11502,6.252996,0.630639,0.6
 11504,6.254253,0.627579,0.6
 11506,6.255502,0.623161,0.6
 11508,6.256740,0.617486,0.6
 11510,6.257965,0.610691,0.6
 11512,6.259175,0.602929,0.6
 11514,6.260368,0.594378,0.6
 11516,6.261543,0.585224,0.6
 11518,6.262699,0.575657,0.6
 11520,6.263836,0.565862,0.6
 11522,6.264953,0.556015,0.6
 11524,6.266050,0.546277,0.6
 11526,6.267129,0.536799,0.6
 11528,6.268189,0.527709,0.6
 11530,6.269232,0.519118,0.6
 11532,6.270258,0.511122,0.6
 11534,6.271269,0.503796,0.6
 11536,6.272267,0.497201,0.6
 11538,6.273252,0.491384,0.6
 11540,6.274228,0.486380,0.6
 11542,6.275194,0.482213,0.6
 11544,6.276153,0.478900,0.6
 11546,6.277107,0.476449,0.6
 11548,6.278058,0.474866,0.6
 11550,6.279006,0.474148,0.6
 11552,6.279954,0.474291,0.6
 11554,6.280904,0.475285,0.6
 11556,6.281857,0.477121,0.6
 11558,6.282815,0.479781,0.6
 11560,6.283780,0.483249,0.6
 11562,6.284753,0.487501,0.6
 11564,6.285735,0.492509,0.6
 11566,6.286729,0.498243,0.6
 11568,6.287735,0.504662,0.6
 11570,6.288754,0.511719,0.6
 11572,6.289789,0.519358,0.6
 11574,6.290840,0.527515,0.6
 11576,6.291908,0.536112,0.6
 11578,6.292994,0.545058,0.6
 11580,6.294097,0.554251,0.6
 11582,6.295220,0.563576,0.6
 11584,6.296361,0.572902,0.6
 11586,6.297521,0.582088,0.6
 11588,6.298698,0.590980,0.6
 11590,6.299892,0.599417,0.6
 11592,6.301103,0.607232,0.6
 11594,6.302328,0.614260,0.6
 11596,6.303566,0.620342,0.6
 11598,6.304813,0.625328,0.6
 11600,6.306070,0.629088,0.6
 11602,6.307332,0.631515,0.6
 11604,6.308597,0.632535,0.6
 11606,6.309861,0.632105,0.6
 11608,6.311123,0.630223,0.6
 11610,6.312379,0.626923,0.6
 11612,6.313626,0.622280,0.6
 11614,6.314862,0.616401,0.6
 11616,6.316084,0.609427,0.6
 11618,6.317291,0.601516,0.6
 11620,6.318481,0.592848,0.6
 11622,6.319654,0.583610,0.6
 11624,6.320807,0.573991,0.6
 11626,6.321939,0.564173,0.6
 11628,6.323053,0.554332,0.6
 11630,6.324147,0.544631,0.6
 11632,6.325222,0.535212,0.6
 11634,6.326279,0.526204,0.6
 11636,6.327319,0.517710,0.6
 11638,6.328342,0.509825,0.6
 11640,6.329350,0.502622,0.6
 11642,6.330346,0.496158,0.6
 11644,6.331330,0.490479,0.6
 11646,6.332303,0.485617,0.6
 11648,6.333268,0.481595,0.6
 11650,6.334226,0.478429,0.6
 11652,6.335180,0.476127,0.6
 11654,6.336130,0.474692,0.6
 11656,6.337079,0.474122,0.6
 11658,6.338027,0.474412,0.6
 11660,6.338977,0.475552,0.6
 11662,6.339931,0.477531,0.6
 11664,6.340890,0.480331,0.6
 11666,6.341856,0.483935,0.6
 11668,6.342830,0.488319,0.6
 11670,6.343814,0.493454,0.6
 11672,6.344810,0.499309,0.6
 11674,6.345819,0.505842,0.6
 11676,6.346841,0.513003,0.6
 11678,6.347878,0.520738,0.6
 11680,6.348932,0.528976,0.6
 11682,6.350003,0.537639,0.6
 11684,6.351092,0.546637,0.6
 11686,6.352199,0.555863,0.6
 11688,6.353325,0.565199,0.6
 11690,6.354469,0.574511,0.6
 11692,6.355632,0.583659,0.6
 11694,6.356812,0.592483,0.6
 11696,6.358010,0.600825,0.6
 11698,6.359223,0.608517,0.6
 11700,6.360451,0.615394,0.6
 11702,6.361691,0.621298,0.6
 11704,6.362940,0.626081,0.6
 11706,6.364198,0.629617,0.6
 11708,6.365460,0.631806,0.6
 11710,6.366725,0.632576,0.6
 11712,6.367990,0.631893,0.6
 11714,6.369250,0.629763,0.6
 11716,6.370504,0.626224,0.6
 11718,6.371750,0.621359,0.6
 11720,6.372983,0.615282,0.6
 11722,6.374203,0.608134,0.6
 11724,6.375407,0.600080,0.6
 11726,6.376594,0.591303,0.6
 11728,6.377763,0.581987,0.6
 11730,6.378912,0.572321,0.6
 11732,6.380042,0.562489,0.6
 11734,6.381152,0.552661,0.6
 11736,6.382243,0.542997,0.6
 11738,6.383315,0.533639,0.6
 11740,6.384369,0.524711,0.6
 11742,6.385406,0.516316,0.6
 11744,6.386426,0.508544,0.6
 11746,6.387433,0.501466,0.6
 11748,6.388426,0.495134,0.6
 11750,6.389408,0.489593,0.6
 11752,6.390380,0.484874,0.6
 11754,6.391344,0.480999,0.6
 11756,6.392301,0.477981,0.6
 11758,6.393254,0.475829,0.6
 11760,6.394203,0.474544,0.6
 11762,6.395152,0.474122,0.6
 11764,6.396101,0.474560,0.6
 11766,6.397051,0.475846,0.6
 11768,6.398006,0.477968,0.6
 11770,6.398966,0.480909,0.6
 11772,6.399933,0.484649,0.6
 11774,6.400909,0.489165,0.6
 11776,6.401896,0.494428,0.6
 11778,6.402893,0.500403,0.6
 11780,6.403903,0.507048,0.6
 11782,6.404929,0.514312,0.6
 11784,6.405969,0.522140,0.6
 11786,6.407026,0.530459,0.6
 11788,6.408100,0.539187,0.6
 11790,6.409192,0.548232,0.6
 11792,6.410302,0.557485,0.6
 11794,6.411431,0.566826,0.6
 11796,6.412579,0.576121,0.6
 11798,6.413744,0.585222,0.6
 11800,6.414928,0.593977,0.6
 11802,6.416129,0.602218,0.6
 11804,6.417345,0.609782,0.6
 11806,6.418574,0.616502,0.6
 11808,6.419816,0.622222,0.6
 11810,6.421067,0.626797,0.6
 11812,6.422326,0.630107,0.6
 11814,6.423589,0.632053,0.6
 11816,6.424854,0.632573,0.6
 11818,6.426118,0.631638,0.6
 11820,6.427379,0.629258,0.6
 11822,6.428632,0.625482,0.6
 11824,6.429875,0.620397,0.6
 11826,6.431107,0.614120,0.6
 11828,6.432324,0.606801,0.6
 11830,6.433526,0.598606,0.6
 11832,6.434710,0.589720,0.6
 11834,6.435875,0.580326,0.6
 11836,6.437021,0.570617,0.6
 11838,6.438148,0.560772,0.6
 11840,6.439254,0.550961,0.6
 11842,6.440341,0.541343,0.6
 11844,6.441410,0.532054,0.6
 11846,6.442461,0.523212,0.6
 11848,6.443494,0.514923,0.6
 11850,6.444513,0.507267,0.6
 11852,6.445517,0.500315,0.6
 11854,6.446508,0.494118,0.6
 11856,6.447488,0.488719,0.6
 11858,6.448458,0.484146,0.6
 11860,6.449421,0.480420,0.6
 11862,6.450377,0.477554,0.6
 11864,6.451329,0.475553,0.6
 11866,6.452279,0.474419,0.6
 11868,6.453227,0.474148,0.6
 11870,6.454176,0.474735,0.6
 11872,6.455128,0.476167,0.6
 11874,6.456083,0.478434,0.6
 11876,6.457045,0.481517,0.6
 11878,6.458014,0.485396,0.6
 11880,6.458992,0.490046,0.6
 11882,6.459980,0.495438,0.6
 11884,6.460979,0.501534,0.6
 11886,6.461993,0.508292,0.6
 11888,6.463020,0.515662,0.6
 11890,6.464064,0.523581,0.6
 11892,6.465124,0.531979,0.6
 11894,6.466201,0.540772,0.6
 11896,6.467296,0.549862,0.6
 11898,6.468410,0.559141,0.6
 11900,6.469542,0.568484,0.6
 11902,6.470693,0.577757,0.6
 11904,6.471862,0.586811,0.6
 11906,6.473049,0.595488,0.6
 11908,6.474253,0.603623,0.6
 11910,6.475471,0.611050,0.6
 11912,6.476703,0.617604,0.6
 11914,6.477947,0.623131,0.6
 11916,6.479200,0.627490,0.6
 11918,6.480460,0.630564,0.6
 11920,6.481724,0.632262,0.6
 11922,6.482989,0.632524,0.6
 11924,6.484252,0.631330,0.6
 11926,6.485511,0.628697,0.6
 11928,6.486763,0.624682,0.6
 11930,6.488005,0.619374,0.6
 11932,6.489233,0.612902,0.6
 11934,6.490448,0.605415,0.6
 11936,6.491647,0.597083,0.6
 11938,6.492827,0.588092,0.6
 11940,6.493989,0.578631,0.6
 11942,6.495131,0.568887,0.6
 11944,6.496254,0.559038,0.6
 11946,6.497358,0.549253,0.6
 11948,6.498442,0.539681,0.6
 11950,6.499507,0.530460,0.6
 11952,6.500555,0.521709,0.6
 11954,6.501586,0.513525,0.6
 11956,6.502602,0.505989,0.6
 11958,6.503603,0.499167,0.6
 11960,6.504592,0.493110,0.6
 11962,6.505570,0.487856,0.6
 11964,6.506539,0.483433,0.6
 11966,6.507501,0.479859,0.6
 11968,6.508456,0.477146,0.6
 11970,6.509408,0.475300,0.6
 11972,6.510357,0.474319,0.6
 11974,6.511305,0.474202,0.6
 11976,6.512254,0.474939,0.6
 11978,6.513206,0.476521,0.6
 11980,6.514163,0.478933,0.6
 11982,6.515125,0.482158,0.6
 11984,6.516096,0.486175,0.6
 11986,6.517075,0.490958,0.6
 11988,6.518065,0.496477,0.6
 11990,6.519067,0.502694,0.6
 11992,6.520083,0.509564,0.6
 11994,6.521113,0.517035,0.6
 11996,6.522159,0.525043,0.6
 11998,6.523222,0.533517,0.6
 12000,6.524302,0.542369,0.6
 12002,6.525401,0.551500,0.6
 12004,6.526517,0.560799,0.6
 12006,6.527653,0.570140,0.6
 12008,6.528807,0.579386,0.6
 12010,6.529980,0.588383,0.6
 12012,6.531169,0.596976,0.6
 12014,6.532376,0.604998,0.6
 12016,6.533597,0.612283,0.6
 12018,6.534831,0.618668,0.6
 12020,6.536077,0.623999,0.6
 12022,6.537331,0.628140,0.6
 12024,6.538591,0.630976,0.6
 12026,6.539855,0.632424,0.6
 12028,6.541121,0.632431,0.6
 12030,6.542383,0.630982,0.6
 12032,6.543641,0.628102,0.6
 12034,6.544891,0.623852,0.6
 12036,6.546131,0.618332,0.6
 12038,6.547358,0.611670,0.6
 12040,6.548570,0.604020,0.6
 12042,6.549765,0.595559,0.6
 12044,6.550943,0.586470,0.6
 12046,6.552102,0.576944,0.6
 12048,6.553241,0.567165,0.6
 12050,6.554360,0.557313,0.6
 12052,6.555460,0.547554,0.6
 12054,6.556540,0.538036,0.6
 12056,6.557603,0.528891,0.6
 12058,6.558648,0.520234,0.6
 12060,6.559676,0.512159,0.6
 12062,6.560689,0.504745,0.6
 12064,6.561688,0.498054,0.6
 12066,6.562675,0.492136,0.6
 12068,6.563652,0.487026,0.6
 12070,6.564619,0.482751,0.6
 12072,6.565579,0.479328,0.6
 12074,6.566534,0.476768,0.6
 12076,6.567485,0.475074,0.6
 12078,6.568434,0.474246,0.6
 12080,6.569382,0.474281,0.6
 12082,6.570332,0.475168,0.6
 12084,6.571285,0.476899,0.6
 12086,6.572242,0.479457,0.6
 12088,6.573206,0.482825,0.6
 12090,6.574178,0.486981,0.6
 12092,6.575160,0.491897,0.6
 12094,6.576151,0.497543,0.6
 12096,6.577156,0.503879,0.6
 12098,6.578174,0.510860,0.6
 12100,6.579207,0.518431,0.6
 12102,6.580256,0.526527,0.6
 12104,6.581322,0.535074,0.6
 12106,6.582405,0.543981,0.6
 12108,6.583507,0.553152,0.6
 12110,6.584627,0.562468,0.6
 12112,6.585766,0.571803,0.6
 12114,6.586923,0.581014,0.6
 12116,6.588099,0.589951,0.6
 12118,6.589291,0.598453,0.6
 12120,6.590500,0.606356,0.6
 12122,6.591724,0.613493,0.6
 12124,6.592960,0.619702,0.6
 12126,6.594207,0.624832,0.6
 12128,6.595463,0.628750,0.6
 12130,6.596725,0.631347,0.6
 12132,6.597990,0.632542,0.6
 12134,6.599255,0.632290,0.6
 12136,6.600517,0.630583,0.6
 12138,6.601774,0.627453,0.6
 12140,6.603023,0.622969,0.6
 12142,6.604260,0.617233,0.6
 12144,6.605484,0.610383,0.6
 12146,6.606694,0.602576,0.6
 12148,6.607886,0.593989,0.6
 12150,6.609060,0.584808,0.6
 12152,6.610215,0.575223,0.6
 12154,6.611351,0.565420,0.6
 12156,6.612467,0.555575,0.6
 12158,6.613564,0.545849,0.6
 12160,6.614641,0.536387,0.6
 12162,6.615700,0.527319,0.6
 12164,6.616742,0.518759,0.6
 12166,6.617767,0.510796,0.6
 12168,6.618778,0.503507,0.6
 12170,6.619775,0.496950,0.6
 12172,6.620760,0.491174,0.6
 12174,6.621735,0.486211,0.6
 12176,6.622701,0.482087,0.6
 12178,6.623660,0.478818,0.6
 12180,6.624614,0.476413,0.6
 12182,6.625564,0.474874,0.6
 12184,6.626513,0.474201,0.6
 12186,6.627461,0.474388,0.6
 12188,6.628411,0.475427,0.6
 12190,6.629365,0.477306,0.6
 12192,6.630324,0.480011,0.6
 12194,6.631289,0.483522,0.6
 12196,6.632262,0.487815,0.6
 12198,6.633245,0.492864,0.6
 12200,6.634240,0.498636,0.6
 12202,6.635246,0.505091,0.6
 12204,6.636267,0.512182,0.6
 12206,6.637303,0.519854,0.6
 12208,6.638355,0.528037,0.6
 12210,6.639423,0.536654,0.6
 12212,6.640510,0.545616,0.6
 12214,6.641615,0.554821,0.6
 12216,6.642739,0.564149,0.6
 12218,6.643881,0.573472,0.6
 12220,6.645042,0.582648,0.6
 12222,6.646221,0.591521,0.6
 12224,6.647416,0.599929,0.6
 12226,6.648627,0.607707,0.6
 12228,6.649853,0.614688,0.6
 12230,6.651092,0.620714,0.6
 12232,6.652341,0.625636,0.6
 12234,6.653598,0.629325,0.6
 12236,6.654860,0.631676,0.6
 12238,6.656126,0.632615,0.6
 12240,6.657391,0.632103,0.6
 12242,6.658652,0.630138,0.6
 12244,6.659907,0.626761,0.6
 12246,6.661154,0.622046,0.6
 12248,6.662389,0.616100,0.6
 12250,6.663611,0.609066,0.6
 12252,6.664817,0.601106,0.6
 12254,6.666007,0.592400,0.6
 12256,6.667178,0.583133,0.6
 12258,6.668330,0.573495,0.6
 12260,6.669462,0.563671,0.6
 12262,6.670574,0.553833,0.6
 12264,6.671667,0.544144,0.6
 12266,6.672741,0.534744,0.6
 12268,6.673797,0.525762,0.6
 12270,6.674836,0.517301,0.6
 12272,6.675858,0.509452,0.6
 12274,6.676867,0.502290,0.6
 12276,6.677861,0.495871,0.6
 12278,6.678844,0.490237,0.6
 12280,6.679818,0.485424,0.6
 12282,6.680783,0.481452,0.6
 12284,6.681741,0.478336,0.6
 12286,6.682694,0.476085,0.6
 12288,6.683644,0.474701,0.6
 12290,6.684593,0.474183,0.6
 12292,6.685542,0.474524,0.6
 12294,6.686492,0.475715,0.6
 12296,6.687447,0.477745,0.6
 12298,6.688407,0.480596,0.6
 12300,6.689374,0.484250,0.6
 12302,6.690349,0.488684,0.6
 12304,6.691334,0.493867,0.6
 12306,6.692331,0.499767,0.6
 12308,6.693340,0.506342,0.6
 12310,6.694364,0.513543,0.6
 12312,6.695402,0.521312,0.6
 12314,6.696457,0.529581,0.6
 12316,6.697530,0.538271,0.6
 12318,6.698620,0.547287,0.6
 12320,6.699728,0.556524,0.6
 12322,6.700855,0.565864,0.6
 12324,6.702001,0.575171,0.6
 12326,6.703165,0.584303,0.6
 12328,6.704347,0.593103,0.6
 12330,6.705545,0.601410,0.6
 12332,6.706759,0.609055,0.6
 12334,6.707988,0.615874,0.6
 12336,6.709229,0.621710,0.6
 12338,6.710480,0.626416,0.6
 12340,6.711738,0.629868,0.6
 12342,6.713001,0.631966,0.6
 12344,6.714266,0.632641,0.6
 12346,6.715530,0.631864,0.6
 12348,6.716790,0.629638,0.6
 12350,6.718044,0.626011,0.6
 12352,6.719289,0.621062,0.6
 12354,6.720522,0.614909,0.6
 12356,6.721741,0.607694,0.6
 12358,6.722944,0.599587,0.6
 12360,6.724130,0.590766,0.6
 12362,6.725297,0.581420,0.6
 12364,6.726445,0.571737,0.6
 12366,6.727574,0.561897,0.6
 12368,6.728683,0.552076,0.6
 12370,6.729773,0.542428,0.6
 12372,6.730844,0.533092,0.6
 12374,6.731897,0.524195,0.6
 12376,6.732933,0.515840,0.6
 12378,6.733953,0.508110,0.6
 12380,6.734959,0.501077,0.6
 12382,6.735951,0.494796,0.6
 12384,6.736933,0.489309,0.6
 12386,6.737904,0.484646,0.6
 12388,6.738867,0.480830,0.6
 12390,6.739824,0.477871,0.6
 12392,6.740777,0.475779,0.6
 12394,6.741726,0.474553,0.6
 12396,6.742675,0.474192,0.6
 12398,6.743624,0.474689,0.6
 12400,6.744575,0.476033,0.6
 12402,6.745530,0.478213,0.6
 12404,6.746491,0.481211,0.6
 12406,6.747459,0.485006,0.6
 12408,6.748436,0.489578,0.6
 12410,6.749423,0.494892,0.6
 12412,6.750422,0.500917,0.6
 12414,6.751433,0.507607,0.6
 12416,6.752460,0.514916,0.6
 12418,6.753501,0.522782,0.6
 12420,6.754559,0.531132,0.6
 12422,6.755634,0.539886,0.6
 12424,6.756728,0.548951,0.6
 12426,6.757840,0.558217,0.6
 12428,6.758970,0.567559,0.6
 12430,6.760119,0.576846,0.6
 12432,6.761286,0.585931,0.6
 12434,6.762471,0.594654,0.6
 12436,6.763673,0.602854,0.6
 12438,6.764890,0.610362,0.6
 12440,6.766120,0.617015,0.6
 12442,6.767363,0.622657,0.6
 12444,6.768615,0.627146,0.6
 12446,6.769875,0.630360,0.6
 12448,6.771138,0.632206,0.6
 12450,6.772404,0.632620,0.6
 12452,6.773668,0.631579,0.6
 12454,6.774927,0.629095,0.6
 12456,6.776180,0.625221,0.6
 12458,6.777422,0.620045,0.6
 12460,6.778653,0.613688,0.6
 12462,6.779870,0.606299,0.6
 12464,6.781070,0.598047,0.6
 12466,6.782252,0.589116,0.6
 12468,6.783417,0.579694,0.6
 12470,6.784562,0.569966,0.6
 12472,6.785687,0.560116,0.6
 12474,6.786792,0.550315,0.6
 12476,6.787879,0.540714,0.6
 12478,6.788946,0.531451,0.6
 12480,6.789996,0.522644,0.6
 12482,6.791028,0.514397,0.6
 12484,6.792046,0.506789,0.6
 12486,6.793049,0.499890,0.6
 12488,6.794039,0.493751,0.6
 12490,6.795019,0.488413,0.6
 12492,6.795989,0.483903,0.6
 12494,6.796951,0.480241,0.6
 12496,6.797907,0.477439,0.6
 12498,6.798859,0.475504,0.6
 12500,6.799808,0.474435,0.6
 12502,6.800757,0.474230,0.6
 12504,6.801706,0.474882,0.6
 12506,6.802658,0.476379,0.6
 12508,6.803614,0.478709,0.6
 12510,6.804576,0.481854,0.6
 12512,6.805546,0.485793,0.6
 12514,6.806525,0.490503,0.6
 12516,6.807514,0.495950,0.6
 12518,6.808515,0.502100,0.6
 12520,6.809529,0.508908,0.6
 12522,6.810558,0.516321,0.6
 12524,6.811602,0.524280,0.6
 12526,6.812663,0.532711,0.6
 12528,6.813742,0.541529,0.6
 12530,6.814838,0.550639,0.6
 12532,6.815953,0.559926,0.6
 12534,6.817087,0.569270,0.6
 12536,6.818240,0.578531,0.6
 12538,6.819410,0.587561,0.6
 12540,6.820598,0.596201,0.6
 12542,6.821803,0.604287,0.6
 12544,6.823022,0.611651,0.6
 12546,6.824255,0.618132,0.6
 12548,6.825500,0.623575,0.6
 12550,6.826754,0.627840,0.6
 12552,6.828014,0.630811,0.6
 12554,6.829278,0.632400,0.6
 12556,6.830544,0.632550,0.6
 12558,6.831808,0.631244,0.6
 12560,6.833066,0.628501,0.6
 12562,6.834317,0.624382,0.6
 12564,6.835557,0.618980,0.6
 12566,6.836786,0.612423,0.6
 12568,6.837999,0.604863,0.6
 12570,6.839197,0.596474,0.6
 12572,6.840376,0.587438,0.6
 12574,6.841537,0.577944,0.6
 12576,6.842679,0.568183,0.6
 12578,6.843800,0.558329,0.6
 12580,6.844902,0.548551,0.6
 12582,6.845984,0.539002,0.6
 12584,6.847049,0.529814,0.6
 12586,6.848095,0.521103,0.6
 12588,6.849125,0.512967,0.6
 12590,6.850140,0.505484,0.6
 12592,6.851141,0.498720,0.6
 12594,6.852129,0.492725,0.6
 12596,6.853106,0.487535,0.6
 12598,6.854075,0.483179,0.6
 12600,6.855036,0.479674,0.6
 12602,6.855991,0.477031,0.6
 12604,6.856942,0.475254,0.6
 12606,6.857891,0.474344,0.6
 12608,6.858840,0.474296,0.6
 12610,6.859789,0.475103,0.6
 12612,6.860742,0.476754,0.6
 12614,6.861699,0.479233,0.6
 12616,6.862662,0.482525,0.6
 12618,6.863633,0.486606,0.6
 12620,6.864613,0.491451,0.6
 12622,6.865604,0.497028,0.6
 12624,6.866607,0.503300,0.6
 12626,6.867624,0.510222,0.6
 12628,6.868656,0.517740,0.6
 12630,6.869704,0.525792,0.6
 12632,6.870768,0.534300,0.6
 12634,6.871850,0.543181,0.6
 12636,6.872950,0.552334,0.6
 12638,6.874069,0.561643,0.6
 12640,6.875206,0.570983,0.6
 12642,6.876362,0.580214,0.6
 12644,6.877536,0.589185,0.6
 12646,6.878727,0.597737,0.6
 12648,6.879935,0.605705,0.6
 12650,6.881157,0.612921,0.6
 12652,6.882392,0.619223,0.6
 12654,6.883639,0.624459,0.6
 12656,6.884894,0.628495,0.6
 12658,6.886155,0.631219,0.6
 12660,6.887420,0.632547,0.6
 12662,6.888685,0.632430,0.6
 12664,6.889948,0.630859,0.6
 12666,6.891205,0.627859,0.6
 12668,6.892455,0.623496,0.6
 12670,6.893693,0.617872,0.6
 12672,6.894919,0.611117,0.6
 12674,6.896130,0.603391,0.6
 12676,6.897325,0.594868,0.6
 12678,6.898500,0.585732,0.6
 12680,6.899657,0.576178,0.6
 12682,6.900795,0.566387,0.6
 12684,6.901913,0.556536,0.6
 12686,6.903011,0.546791,0.6
 12688,6.904091,0.537298,0.6
 12690,6.905152,0.528189,0.6
 12692,6.906196,0.519575,0.6
 12694,6.907223,0.511551,0.6
 12696,6.908235,0.504196,0.6
 12698,6.909233,0.497570,0.6
 12700,6.910219,0.491721,0.6
 12702,6.911195,0.486683,0.6
 12704,6.912162,0.482482,0.6
 12706,6.913122,0.479134,0.6
 12708,6.914076,0.476650,0.6
 12710,6.915027,0.475033,0.6
 12712,6.915976,0.474282,0.6
 12714,6.916925,0.474393,0.6
 12716,6.917875,0.475357,0.6
 12718,6.918829,0.477163,0.6
 12720,6.919787,0.479796,0.6
 12722,6.920752,0.483236,0.6
 12724,6.921724,0.487463,0.6
 12726,6.922707,0.492447,0.6
 12728,6.923700,0.498159,0.6
 12730,6.924706,0.504557,0.6
 12732,6.925725,0.511594,0.6
 12734,6.926760,0.519218,0.6
 12736,6.927811,0.527360,0.6
 12738,6.928878,0.535946,0.6
 12740,6.929964,0.544885,0.6
 12742,6.931067,0.554074,0.6
 12744,6.932189,0.563400,0.6
 12746,6.933330,0.572731,0.6
 12748,6.934489,0.581924,0.6
 12750,6.935667,0.590830,0.6
 12752,6.936861,0.599285,0.6
 12754,6.938071,0.607125,0.6
 12756,6.939296,0.614183,0.6
 12758,6.940534,0.620297,0.6
 12760,6.941782,0.625319,0.6
 12762,6.943038,0.629117,0.6
 12764,6.944301,0.631585,0.6
 12766,6.945566,0.632647,0.6
 12768,6.946831,0.632258,0.6
 12770,6.948092,0.630417,0.6
 12772,6.949348,0.627157,0.6
 12774,6.950596,0.622550,0.6
 12776,6.951833,0.616703,0.6
 12778,6.953056,0.609757,0.6
 12780,6.954264,0.601867,0.6
 12782,6.955454,0.593217,0.6
 12784,6.956627,0.583990,0.6
 12786,6.957781,0.574374,0.6
 12788,6.958915,0.564555,0.6
 12790,6.960030,0.554711,0.6
 12792,6.961124,0.545002,0.6
 12794,6.962200,0.535573,0.6
 12796,6.963258,0.526549,0.6
 12798,6.964298,0.518039,0.6
 12800,6.965322,0.510137,0.6
 12802,6.966331,0.502914,0.6
 12804,6.967328,0.496430,0.6
 12806,6.968312,0.490729,0.6
 12808,6.969286,0.485845,0.6
 12810,6.970251,0.481802,0.6
 12812,6.971210,0.478615,0.6
 12814,6.972164,0.476293,0.6
 12816,6.973114,0.474838,0.6
 12818,6.974063,0.474248,0.6
 12820,6.975012,0.474519,0.6
 12822,6.975962,0.475642,0.6
 12824,6.976916,0.477602,0.6
 12826,6.977875,0.480386,0.6
 12828,6.978841,0.483974,0.6
 12830,6.979815,0.488344,0.6
 12832,6.980800,0.493466,0.6
 12834,6.981795,0.499307,0.6
 12836,6.982804,0.505828,0.6
 12838,6.983826,0.512980,0.6
 12840,6.984864,0.520705,0.6
 12842,6.985918,0.528937,0.6
 12844,6.986988,0.537596,0.6
 12846,6.988077,0.546589,0.6
 12848,6.989184,0.555812,0.6
 12850,6.990309,0.565147,0.6
 12852,6.991454,0.574464,0.6
 12854,6.992616,0.583615,0.6
 12856,6.993796,0.592450,0.6
 12858,6.994994,0.600802,0.6
 12860,6.996207,0.608508,0.6
 12862,6.997435,0.615402,0.6
 12864,6.998674,0.621326,0.6
 12866,6.999924,0.626130,0.6
 12868,7.001182,0.629690,0.6
 12870,7.002445,0.631902,0.6
 12872,7.003710,0.632696,0.6
 12874,7.004974,0.632038,0.6
 12876,7.006236,0.629929,0.6
 12878,7.007491,0.626412,0.6
 12880,7.008737,0.621566,0.6
 12882,7.009971,0.615504,0.6
 12884,7.011191,0.608368,0.6
 12886,7.012396,0.600323,0.6
 12888,7.013584,0.591548,0.6
 12890,7.014753,0.582234,0.6
 12892,7.015903,0.572567,0.6
 12894,7.017034,0.562732,0.6
 12896,7.018145,0.552901,0.6
 12898,7.019236,0.543232,0.6
 12900,7.020308,0.533870,0.6
 12902,7.021362,0.524934,0.6
 12904,7.022399,0.516531,0.6
 12906,7.023421,0.508749,0.6
 12908,7.024427,0.501659,0.6
 12910,7.025421,0.495318,0.6
 12912,7.026403,0.489768,0.6
 12914,7.027376,0.485039,0.6
 12916,7.028340,0.481154,0.6
 12918,7.029298,0.478128,0.6
 12920,7.030251,0.475967,0.6
 12922,7.031200,0.474674,0.6
 12924,7.032149,0.474245,0.6
 12926,7.033098,0.474676,0.6
 12928,7.034050,0.475956,0.6
 12930,7.035005,0.478071,0.6
 12932,7.035965,0.481008,0.6
 12934,7.036932,0.484744,0.6
 12936,7.037909,0.489257,0.6
 12938,7.038895,0.494516,0.6
 12940,7.039893,0.500487,0.6
 12942,7.040904,0.507130,0.6
 12944,7.041929,0.514394,0.6
 12946,7.042969,0.522219,0.6
 12948,7.044026,0.530537,0.6
 12950,7.045101,0.539268,0.6
 12952,7.046193,0.548314,0.6
 12954,7.047303,0.557570,0.6
 12956,7.048432,0.566912,0.6
 12958,7.049580,0.576209,0.6
 12960,7.050746,0.585316,0.6
 12962,7.051930,0.594072,0.6
 12964,7.053131,0.602318,0.6
 12966,7.054347,0.609884,0.6
 12968,7.055576,0.616608,0.6
 12970,7.056818,0.622330,0.6
 12972,7.058070,0.626909,0.6
 12974,7.059329,0.630222,0.6
 12976,7.060593,0.632172,0.6
 12978,7.061858,0.632694,0.6
 12980,7.063122,0.631761,0.6
 12982,7.064383,0.629382,0.6
 12984,7.065636,0.625607,0.6
 12986,7.066879,0.620523,0.6
 12988,7.068111,0.614247,0.6
 12990,7.069329,0.606928,0.6
 12992,7.070530,0.598733,0.6
 12994,7.071714,0.589843,0.6
 12996,7.072880,0.580450,0.6
 12998,7.074026,0.570740,0.6
 13000,7.075153,0.560893,0.6
 13002,7.076260,0.551082,0.6
 13004,7.077348,0.541460,0.6
 13006,7.078417,0.532165,0.6
 13008,7.079468,0.523320,0.6
 13010,7.080503,0.515027,0.6
 13012,7.081521,0.507371,0.6
 13014,7.082525,0.500417,0.6
 13016,7.083517,0.494222,0.6
 13018,7.084497,0.488824,0.6
 13020,7.085468,0.484253,0.6
 13022,7.086431,0.480529,0.6
 13024,7.087388,0.477666,0.6
 13026,7.088340,0.475668,0.6
 13028,7.089289,0.474538,0.6
 13030,7.090238,0.474272,0.6
 13032,7.091187,0.474864,0.6
 13034,7.092139,0.476303,0.6
 13036,7.093095,0.478575,0.6
 13038,7.094057,0.481664,0.6
 13040,7.095026,0.485550,0.6
 13042,7.096004,0.490206,0.6
 13044,7.096992,0.495604,0.6
 13046,7.097993,0.501707,0.6
 13048,7.099006,0.508472,0.6
 13050,7.100034,0.515847,0.6
 13052,7.101078,0.523772,0.6
 13054,7.102138,0.532173,0.6
 13056,7.103215,0.540969,0.6
 13058,7.104311,0.550061,0.6
 13060,7.105424,0.559342,0.6
 13062,7.106557,0.568687,0.6
 13064,7.107708,0.577961,0.6
 13066,7.108878,0.587012,0.6
 13068,7.110065,0.595685,0.6
 13070,7.111269,0.603815,0.6
 13072,7.112487,0.611234,0.6
 13074,7.113720,0.617781,0.6
 13076,7.114964,0.623299,0.6
 13078,7.116217,0.627648,0.6
 13080,7.117477,0.630709,0.6
 13082,7.118742,0.632393,0.6
 13084,7.120007,0.632641,0.6
 13086,7.121271,0.631432,0.6
 13088,7.122530,0.628784,0.6
 13090,7.123782,0.624753,0.6
 13092,7.125023,0.619433,0.6
 13094,7.126253,0.612947,0.6
 13096,7.127468,0.605447,0.6
 13098,7.128666,0.597106,0.6
 13100,7.129847,0.588107,0.6
 13102,7.131009,0.578638,0.6
 13104,7.132151,0.568888,0.6
 13106,7.133274,0.559035,0.6
 13108,7.134377,0.549249,0.6
 13110,7.135462,0.539679,0.6
 13112,7.136527,0.530463,0.6
 13114,7.137575,0.521716,0.6
 13116,7.138606,0.513538,0.6
 13118,7.139621,0.506011,0.6
 13120,7.140623,0.499198,0.6
 13122,7.141612,0.493151,0.6
 13124,7.142591,0.487908,0.6
 13126,7.143559,0.483496,0.6
 13128,7.144521,0.479934,0.6
 13130,7.145476,0.477233,0.6
 13132,7.146428,0.475400,0.6
 13134,7.147377,0.474433,0.6
 13136,7.148326,0.474329,0.6
 13138,7.149276,0.475081,0.6
 13140,7.150229,0.476678,0.6
 13142,7.151186,0.479106,0.6
 13144,7.152149,0.482347,0.6
 13146,7.153120,0.486381,0.6
 13148,7.154099,0.491180,0.6
 13150,7.155090,0.496716,0.6
 13152,7.156093,0.502948,0.6
 13154,7.157109,0.509833,0.6
 13156,7.158140,0.517318,0.6
 13158,7.159187,0.525340,0.6
 13160,7.160251,0.533825,0.6
 13162,7.161332,0.542688,0.6
 13164,7.162431,0.551827,0.6
 13166,7.163548,0.561131,0.6
 13168,7.164685,0.570478,0.6
 13170,7.165840,0.579720,0.6
 13172,7.167013,0.588712,0.6
 13174,7.168203,0.597295,0.6
 13176,7.169410,0.605303,0.6
 13178,7.170631,0.612568,0.6
 13180,7.171866,0.618930,0.6
 13182,7.173112,0.624235,0.6
 13184,7.174367,0.628346,0.6
 13186,7.175629,0.631151,0.6
 13188,7.176893,0.632563,0.6
 13190,7.178159,0.632533,0.6
 13192,7.179421,0.631046,0.6
 13194,7.180679,0.628128,0.6
 13196,7.181929,0.623844,0.6
 13198,7.183169,0.618290,0.6
 13200,7.184396,0.611597,0.6
 13202,7.185608,0.603923,0.6
 13204,7.186803,0.595440,0.6
 13206,7.187981,0.586334,0.6
 13208,7.189139,0.576796,0.6
 13210,7.190278,0.567010,0.6
 13212,7.191397,0.557157,0.6
 13214,7.192497,0.547400,0.6
 13216,7.193577,0.537888,0.6
 13218,7.194639,0.528753,0.6
 13220,7.195684,0.520109,0.6
 13222,7.196712,0.512048,0.6
 13224,7.197725,0.504653,0.6
 13226,7.198724,0.497984,0.6
 13228,7.199711,0.492089,0.6
 13230,7.200687,0.487004,0.6
 13232,7.201654,0.482754,0.6
 13234,7.202615,0.479358,0.6
 13236,7.203569,0.476824,0.6
 13238,7.204520,0.475157,0.6
 13240,7.205469,0.474357,0.6
 13242,7.206418,0.474418,0.6
 13244,7.207368,0.475334,0.6
 13246,7.208322,0.477092,0.6
 13248,7.209280,0.479677,0.6
 13250,7.210244,0.483072,0.6
 13252,7.211216,0.487254,0.6
 13254,7.212198,0.492197,0.6
 13256,7.213191,0.497867,0.6
 13258,7.214196,0.504227,0.6
 13260,7.215215,0.511231,0.6
 13262,7.216249,0.518824,0.6
 13264,7.217298,0.526939,0.6
 13266,7.218365,0.535501,0.6
 13268,7.219449,0.544423,0.6
 13270,7.220551,0.553601,0.6
 13272,7.221673,0.562922,0.6
 13274,7.222813,0.572257,0.6
 13276,7.223971,0.581465,0.6
 13278,7.225147,0.590391,0.6
 13280,7.226341,0.598876,0.6
 13282,7.227550,0.606755,0.6
 13284,7.228774,0.613861,0.6
 13286,7.230011,0.620033,0.6
 13288,7.231259,0.625121,0.6
 13290,7.232515,0.628992,0.6
 13292,7.233777,0.631538,0.6
 13294,7.235042,0.632680,0.6
 13296,7.236307,0.632375,0.6
 13298,7.237569,0.630615,0.6
 13300,7.238826,0.627433,0.6
 13302,7.240074,0.622900,0.6
 13304,7.241311,0.617120,0.6
 13306,7.242535,0.610230,0.6
 13308,7.243744,0.602390,0.6
 13310,7.244936,0.593776,0.6
 13312,7.246109,0.584577,0.6
 13314,7.247264,0.574979,0.6
 13316,7.248400,0.565167,0.6
 13318,7.249516,0.555320,0.6
 13320,7.250611,0.545596,0.6
 13322,7.251688,0.536146,0.6
 13324,7.252747,0.527097,0.6
 13326,7.253788,0.518557,0.6
 13328,7.254813,0.510618,0.6
 13330,7.255823,0.503355,0.6
 13332,7.256820,0.496827,0.6
 13334,7.257805,0.491081,0.6
 13336,7.258780,0.486151,0.6
 13338,7.259746,0.482060,0.6
 13340,7.260705,0.478825,0.6
 13342,7.261659,0.476454,0.6
 13344,7.262609,0.474951,0.6
 13346,7.263558,0.474314,0.6
 13348,7.264507,0.474537,0.6
 13350,7.265457,0.475612,0.6
 13352,7.266411,0.477528,0.6
 13354,7.267370,0.480266,0.6
 13356,7.268336,0.483810,0.6
 13358,7.269310,0.488138,0.6
 13360,7.270294,0.493221,0.6
 13362,7.271289,0.499025,0.6
 13364,7.272296,0.505512,0.6
 13366,7.273318,0.512631,0.6
 13368,7.274354,0.520326,0.6
 13370,7.275407,0.528533,0.6
 13372,7.276477,0.537169,0.6
 13374,7.277565,0.546147,0.6
 13376,7.278671,0.555362,0.6
 13378,7.279796,0.564697,0.6
 13380,7.280939,0.574018,0.6
 13382,7.282101,0.583183,0.6
 13384,7.283280,0.592039,0.6
 13386,7.284477,0.600424,0.6
 13388,7.285689,0.608170,0.6
 13390,7.286916,0.615112,0.6
 13392,7.288156,0.621091,0.6
 13394,7.289406,0.625960,0.6
 13396,7.290663,0.629588,0.6
 13398,7.291926,0.631874,0.6
 13400,7.293191,0.632745,0.6
 13402,7.294456,0.632163,0.6
 13404,7.295717,0.630130,0.6
 13406,7.296972,0.626686,0.6
 13408,7.298219,0.621907,0.6
 13410,7.299454,0.615905,0.6
 13412,7.300675,0.608823,0.6
 13414,7.301881,0.600823,0.6
 13416,7.303070,0.592083,0.6
 13418,7.304240,0.582790,0.6
 13420,7.305391,0.573139,0.6
 13422,7.306522,0.563307,0.6
 13424,7.307634,0.553472,0.6
 13426,7.308727,0.543789,0.6
 13428,7.309800,0.534406,0.6
 13430,7.310855,0.525444,0.6
 13432,7.311893,0.517010,0.6
 13434,7.312916,0.509193,0.6
 13436,7.313923,0.502066,0.6
 13438,7.314918,0.495684,0.6
 13440,7.315901,0.490090,0.6
 13442,7.316874,0.485319,0.6
 13444,7.317839,0.481390,0.6
 13446,7.318797,0.478319,0.6
 13448,7.319750,0.476113,0.6
 13450,7.320700,0.474775,0.6
 13452,7.321649,0.474302,0.6
 13454,7.322598,0.474689,0.6
 13456,7.323549,0.475926,0.6
 13458,7.324504,0.478001,0.6
 13460,7.325464,0.480896,0.6
 13462,7.326431,0.484593,0.6
 13464,7.327407,0.489066,0.6
 13466,7.328393,0.494290,0.6
 13468,7.329391,0.500230,0.6
 13470,7.330401,0.506843,0.6
 13472,7.331426,0.514078,0.6
 13474,7.332465,0.521878,0.6
 13476,7.333521,0.530173,0.6
 13478,7.334595,0.538884,0.6
 13480,7.335686,0.547917,0.6
 13482,7.336796,0.557166,0.6
 13484,7.337924,0.566508,0.6
 13486,7.339071,0.575811,0.6
 13488,7.340237,0.584931,0.6
 13490,7.341420,0.593710,0.6
 13492,7.342619,0.601986,0.6
 13494,7.343835,0.609589,0.6
 13496,7.345065,0.616357,0.6
 13498,7.346306,0.622133,0.6
 13500,7.347558,0.626772,0.6
 13502,7.348816,0.630148,0.6
 13504,7.350080,0.632165,0.6
 13506,7.351346,0.632757,0.6
 13508,7.352610,0.631893,0.6
 13510,7.353870,0.629583,0.6
 13512,7.355124,0.625874,0.6
 13514,7.356369,0.620848,0.6
 13516,7.357601,0.614624,0.6
 13518,7.358820,0.607350,0.6
 13520,7.360023,0.599190,0.6
 13522,7.361207,0.590328,0.6
 13524,7.362374,0.580951,0.6
 13526,7.363521,0.571252,0.6
 13528,7.364649,0.561408,0.6
 13530,7.365757,0.551591,0.6
 13532,7.366846,0.541956,0.6
 13534,7.367916,0.532643,0.6
 13536,7.368968,0.523774,0.6
 13538,7.370003,0.515453,0.6
 13540,7.371023,0.507764,0.6
 13542,7.372027,0.500775,0.6
 13544,7.373019,0.494544,0.6
 13546,7.374000,0.489108,0.6
 13548,7.374971,0.484499,0.6
 13550,7.375935,0.480736,0.6
 13552,7.376892,0.477833,0.6
 13554,7.377844,0.475796,0.6
 13556,7.378794,0.474626,0.6
 13558,7.379743,0.474321,0.6
 13560,7.380692,0.474874,0.6
 13562,7.381644,0.476275,0.6
 13564,7.382600,0.478510,0.6
 13566,7.383561,0.481562,0.6
 13568,7.384530,0.485413,0.6
 13570,7.385508,0.490036,0.6
 13572,7.386496,0.495402,0.6
 13574,7.387496,0.501476,0.6
 13576,7.388509,0.508214,0.6
 13578,7.389536,0.515564,0.6
 13580,7.390579,0.523467,0.6
 13582,7.391638,0.531850,0.6
 13584,7.392715,0.540631,0.6
 13586,7.393810,0.549713,0.6
 13588,7.394923,0.558988,0.6
 13590,7.396055,0.568333,0.6
 13592,7.397206,0.577614,0.6
 13594,7.398375,0.586680,0.6
 13596,7.399561,0.595374,0.6
 13598,7.400764,0.603532,0.6
 13600,7.401983,0.610988,0.6
 13602,7.403214,0.617576,0.6
 13604,7.404458,0.623140,0.6
 13606,7.405711,0.627541,0.6
 13608,7.406971,0.630661,0.6
 13610,7.408236,0.632405,0.6
 13612,7.409501,0.632715,0.6
 13614,7.410765,0.631567,0.6
 13616,7.412024,0.628980,0.6
 13618,7.413276,0.625008,0.6
 13620,7.414519,0.619738,0.6
 13622,7.415749,0.613298,0.6
 13624,7.416965,0.605837,0.6
 13626,7.418164,0.597527,0.6
 13628,7.419345,0.588551,0.6
 13630,7.420508,0.579097,0.6
 13632,7.421651,0.569355,0.6
 13634,7.422775,0.559503,0.6
 13636,7.423880,0.549710,0.6
 13638,7.424965,0.540127,0.6
 13640,7.426031,0.530893,0.6
 13642,7.427080,0.522124,0.6
 13644,7.428112,0.513920,0.6
 13646,7.429128,0.506362,0.6
 13648,7.430131,0.499517,0.6
 13650,7.431121,0.493436,0.6
 13652,7.432100,0.488158,0.6
 13654,7.433069,0.483711,0.6
 13656,7.434031,0.480114,0.6
 13658,7.434987,0.477380,0.6
 13660,7.435939,0.475511,0.6
 13662,7.436888,0.474510,0.6
 13664,7.437837,0.474373,0.6
 13666,7.438787,0.475092,0.6
 13668,7.439739,0.476656,0.6
 13670,7.440696,0.479052,0.6
 13672,7.441659,0.482262,0.6
 13674,7.442629,0.486265,0.6
 13676,7.443609,0.491036,0.6
 13678,7.444599,0.496542,0.6
 13680,7.445601,0.502748,0.6
 13682,7.446617,0.509609,0.6
 13684,7.447647,0.517070,0.6
 13686,7.448693,0.525073,0.6
 13688,7.449756,0.533541,0.6
 13690,7.450836,0.542390,0.6
 13692,7.451935,0.551518,0.6
 13694,7.453052,0.560818,0.6
 13696,7.454187,0.570165,0.6
 13698,7.455341,0.579413,0.6
 13700,7.456514,0.588418,0.6
 13702,7.457704,0.597020,0.6
 13704,7.458910,0.605054,0.6
 13706,7.460131,0.612353,0.6
 13708,7.461366,0.618754,0.6
 13710,7.462612,0.624103,0.6
 13712,7.463867,0.628264,0.6
 13714,7.465128,0.631122,0.6
 13716,7.466393,0.632590,0.6
 13718,7.467658,0.632616,0.6
 13720,7.468922,0.631184,0.6
 13722,7.470180,0.628320,0.6
 13724,7.471431,0.624083,0.6
 13726,7.472671,0.618574,0.6
 13728,7.473898,0.611922,0.6
 13730,7.475111,0.604279,0.6
 13732,7.476307,0.595824,0.6
 13734,7.477485,0.586737,0.6
 13736,7.478644,0.577211,0.6
 13738,7.479784,0.567433,0.6
 13740,7.480904,0.557579,0.6
 13742,7.482004,0.547815,0.6
 13744,7.483086,0.538291,0.6
 13746,7.484149,0.529138,0.6
 13748,7.485194,0.520473,0.6
 13750,7.486223,0.512391,0.6
 13752,7.487236,0.504966,0.6
 13754,7.488236,0.498268,0.6
 13756,7.489224,0.492342,0.6
 13758,7.490201,0.487226,0.6
 13760,7.491169,0.482945,0.6
 13762,7.492130,0.479518,0.6
 13764,7.493085,0.476953,0.6
 13766,7.494037,0.475256,0.6
 13768,7.494986,0.474426,0.6
 13770,7.495935,0.474460,0.6
 13772,7.496885,0.475347,0.6
 13774,7.497838,0.477077,0.6
 13776,7.498796,0.479637,0.6
 13778,7.499761,0.483007,0.6
 13780,7.500733,0.487165,0.6
 13782,7.501715,0.492085,0.6
 13784,7.502707,0.497734,0.6
 13786,7.503712,0.504074,0.6
 13788,7.504731,0.511059,0.6
 13790,7.505764,0.518635,0.6
 13792,7.506814,0.526737,0.6
 13794,7.507881,0.535292,0.6
 13796,7.508965,0.544208,0.6
 13798,7.510067,0.553383,0.6
 13800,7.511188,0.562704,0.6
 13802,7.512327,0.572042,0.6
 13804,7.513485,0.581255,0.6
 13806,7.514661,0.590194,0.6
 13808,7.515854,0.598695,0.6
 13810,7.517064,0.606596,0.6
 13812,7.518288,0.613728,0.6
 13814,7.519525,0.619929,0.6
 13816,7.520772,0.625050,0.6
 13818,7.522028,0.628958,0.6
 13820,7.523290,0.631542,0.6
 13822,7.524555,0.632723,0.6
 13824,7.525820,0.632457,0.6
 13826,7.527083,0.630737,0.6
 13828,7.528340,0.627592,0.6
 13830,7.529589,0.623093,0.6
 13832,7.530827,0.617344,0.6
 13834,7.532051,0.610478,0.6
 13836,7.533260,0.602661,0.6
 13838,7.534453,0.594064,0.6
 13840,7.535627,0.584876,0.6
 13842,7.536783,0.575285,0.6
 13844,7.537919,0.565477,0.6
 13846,7.539035,0.555627,0.6
 13848,7.540132,0.545898,0.6
 13850,7.541209,0.536439,0.6
 13852,7.542268,0.527376,0.6
 13854,7.543310,0.518819,0.6
 13856,7.544336,0.510862,0.6
 13858,7.545347,0.503580,0.6
 13860,7.546344,0.497033,0.6
 13862,7.547329,0.491267,0.6
 13864,7.548304,0.486316,0.6
 13866,7.549270,0.482205,0.6
 13868,7.550230,0.478949,0.6
 13870,7.551184,0.476557,0.6
 13872,7.552135,0.475033,0.6
 13874,7.553083,0.474375,0.6
 13876,7.554032,0.474578,0.6
 13878,7.554983,0.475634,0.6
 13880,7.555936,0.477529,0.6
 13882,7.556895,0.480249,0.6
 13884,7.557861,0.483775,0.6
 13886,7.558836,0.488086,0.6
 13888,7.559819,0.493153,0.6
 13890,7.560814,0.498943,0.6
 13892,7.561821,0.505414,0.6
 13894,7.562843,0.512519,0.6
 13896,7.563879,0.520206,0.6
 13898,7.564932,0.528403,0.6
 13900,7.566001,0.537032,0.6
 13902,7.567089,0.546005,0.6
 13904,7.568195,0.555217,0.6
 13906,7.569319,0.564551,0.6
 13908,7.570463,0.573875,0.6
 13910,7.571624,0.583048,0.6
 13912,7.572803,0.591915,0.6
 13914,7.574000,0.600311,0.6
 13916,7.575212,0.608073,0.6
 13918,7.576439,0.615034,0.6
 13920,7.577678,0.621034,0.6
 13922,7.578928,0.625926,0.6
 13924,7.580185,0.629582,0.6
 13926,7.581448,0.631896,0.6
 13928,7.582713,0.632796,0.6
 13930,7.583978,0.632245,0.6
 13932,7.585240,0.630241,0.6
 13934,7.586495,0.626823,0.6
 13936,7.587742,0.622070,0.6
 13938,7.588978,0.616090,0.6
 13940,7.590199,0.609024,0.6
 13942,7.591405,0.601038,0.6
 13944,7.592594,0.592312,0.6
 13946,7.593765,0.583030,0.6
 13948,7.594917,0.573382,0.6
 13950,7.596049,0.563552,0.6
 13952,7.597161,0.553713,0.6
 13954,7.598254,0.544027,0.6
 13956,7.599328,0.534635,0.6
 13958,7.600384,0.525662,0.6
 13960,7.601422,0.517218,0.6
 13962,7.602445,0.509388,0.6
 13964,7.603453,0.502246,0.6
 13966,7.604447,0.495851,0.6
 13968,7.605431,0.490242,0.6
 13970,7.606404,0.485454,0.6
 13972,7.607369,0.481509,0.6
 13974,7.608327,0.478422,0.6
 13976,7.609281,0.476200,0.6
 13978,7.610231,0.474847,0.6
 13980,7.611180,0.474359,0.6
 13982,7.612129,0.474730,0.6
 13984,7.613081,0.475953,0.6
 13986,7.614035,0.478013,0.6
 13988,7.614995,0.480894,0.6
 13990,7.615963,0.484578,0.6
 13992,7.616939,0.489040,0.6
 13994,7.617925,0.494251,0.6
 13996,7.618922,0.500180,0.6
 13998,7.619933,0.506783,0.6
 14000,7.620957,0.514011,0.6
 14002,7.621996,0.521803,0.6
 14004,7.623053,0.530093,0.6
 14006,7.624126,0.538800,0.6
 14008,7.625217,0.547830,0.6
 14010,7.626327,0.557077,0.6
 14012,7.627455,0.566419,0.6
 14014,7.628602,0.575727,0.6
 14016,7.629767,0.584851,0.6
 14018,7.630950,0.593637,0.6
 14020,7.632150,0.601922,0.6
 14022,7.633365,0.609538,0.6
 14024,7.634595,0.616322,0.6
 14026,7.635837,0.622114,0.6
 14028,7.637088,0.626770,0.6
 14030,7.638347,0.630165,0.6
 14032,7.639610,0.632202,0.6
 14034,7.640876,0.632814,0.6
 14036,7.642140,0.631970,0.6
 14038,7.643401,0.629679,0.6
 14040,7.644655,0.625987,0.6
 14042,7.645900,0.620978,0.6
 14044,7.647132,0.614770,0.6
 14046,7.648351,0.607509,0.6
 14048,7.649554,0.599360,0.6
 14050,7.650740,0.590506,0.6
 14052,7.651907,0.581135,0.6
 14054,7.653055,0.571434,0.6
 14056,7.654183,0.561588,0.6
 14058,7.655291,0.551767,0.6
 14060,7.656380,0.542128,0.6
 14062,7.657450,0.532812,0.6
 14064,7.658503,0.523938,0.6
 14066,7.659538,0.515610,0.6
 14068,7.660557,0.507913,0.6
 14070,7.661562,0.500915,0.6
 14072,7.662555,0.494674,0.6
 14074,7.663536,0.489227,0.6
 14076,7.664507,0.484607,0.6
 14078,7.665470,0.480833,0.6
 14080,7.666427,0.477919,0.6
 14082,7.667380,0.475871,0.6
 14084,7.668330,0.474691,0.6
 14086,7.669279,0.474375,0.6
 14088,7.670228,0.474917,0.6
 14090,7.671180,0.476308,0.6
 14092,7.672136,0.478532,0.6
 14094,7.673098,0.481576,0.6
 14096,7.674067,0.485419,0.6
 14098,7.675045,0.490034,0.6
 14100,7.676033,0.495392,0.6
 14102,7.677032,0.501459,0.6
 14104,7.678046,0.508191,0.6
 14106,7.679073,0.515536,0.6
 14108,7.680116,0.523433,0.6
 14110,7.681175,0.531811,0.6
 14112,7.682251,0.540589,0.6
 14114,7.683346,0.549670,0.6
 14116,7.684459,0.558946,0.6
 14118,7.685591,0.568291,0.6
 14120,7.686742,0.577574,0.6
 14122,7.687911,0.586645,0.6
 14124,7.689097,0.595344,0.6
 14126,7.690300,0.603509,0.6
 14128,7.691519,0.610973,0.6
 14130,7.692750,0.617571,0.6
 14132,7.693994,0.623147,0.6
 14134,7.695247,0.627560,0.6
 14136,7.696507,0.630692,0.6
 14138,7.697772,0.632450,0.6
 14140,7.699037,0.632773,0.6
 14142,7.700301,0.631640,0.6
 14144,7.701560,0.629065,0.6
 14146,7.702813,0.625104,0.6
 14148,7.704055,0.619848,0.6
 14150,7.705285,0.613417,0.6
 14152,7.706501,0.605966,0.6
 14154,7.707700,0.597663,0.6
 14156,7.708882,0.588692,0.6
 14158,7.710046,0.579241,0.6
 14160,7.711190,0.569498,0.6
 14162,7.712314,0.559644,0.6
 14164,7.713418,0.549847,0.6
 14166,7.714504,0.540260,0.6
 14168,7.715570,0.531023,0.6
 14170,7.716619,0.522248,0.6
 14172,7.717651,0.514039,0.6
 14174,7.718668,0.506476,0.6
 14176,7.719670,0.499626,0.6
 14178,7.720660,0.493538,0.6
 14180,7.721639,0.488254,0.6
 14182,7.722609,0.483800,0.6
 14184,7.723571,0.480196,0.6
 14186,7.724527,0.477453,0.6
 14188,7.725479,0.475578,0.6
 14190,7.726429,0.474570,0.6
 14192,7.727377,0.474426,0.6
 14194,7.728327,0.475138,0.6
 14196,7.729280,0.476696,0.6
 14198,7.730237,0.479086,0.6
 14200,7.731199,0.482290,0.6
 14202,7.732170,0.486287,0.6
 14204,7.733150,0.491052,0.6
 14206,7.734139,0.496554,0.6
 14208,7.735142,0.502755,0.6
 14210,7.736157,0.509612,0.6
 14212,7.737187,0.517070,0.6
 14214,7.738234,0.525069,0.6
 14216,7.739296,0.533534,0.6
 14218,7.740376,0.542380,0.6
 14220,7.741475,0.551509,0.6
 14222,7.742592,0.560810,0.6
 14224,7.743728,0.570158,0.6
 14226,7.744882,0.579408,0.6
 14228,7.746054,0.588417,0.6
 14230,7.747244,0.597023,0.6
 14232,7.748450,0.605062,0.6
 14234,7.749671,0.612367,0.6
 14236,7.750906,0.618774,0.6
 14238,7.752152,0.624130,0.6
 14240,7.753407,0.628299,0.6
 14242,7.754668,0.631164,0.6
 14244,7.755933,0.632640,0.6
 14246,7.757199,0.632675,0.6
 14248,7.758462,0.631251,0.6
 14250,7.759721,0.628395,0.6
 14252,7.760972,0.624166,0.6
 14254,7.762212,0.618662,0.6
 14256,7.763439,0.612015,0.6
 14258,7.764652,0.604379,0.6
 14260,7.765848,0.595927,0.6
 14262,7.767026,0.586844,0.6
 14264,7.768186,0.577319,0.6
 14266,7.769326,0.567537,0.6
 14268,7.770447,0.557681,0.6
 14270,7.771547,0.547913,0.6
 14272,7.772629,0.538387,0.6
 14274,7.773692,0.529233,0.6
 14276,7.774737,0.520564,0.6
 14278,7.775766,0.512477,0.6
 14280,7.776780,0.505051,0.6
 14282,7.777780,0.498349,0.6
 14284,7.778768,0.492421,0.6
 14286,7.779745,0.487300,0.6
 14288,7.780713,0.483016,0.6
 14290,7.781674,0.479585,0.6
 14292,7.782629,0.477017,0.6
 14294,7.783580,0.475316,0.6
 14296,7.784530,0.474483,0.6
 14298,7.785479,0.474513,0.6
 14300,7.786429,0.475397,0.6
 14302,7.787383,0.477124,0.6
 14304,7.788341,0.479681,0.6
 14306,7.789305,0.483047,0.6
 14308,7.790277,0.487201,0.6
 14310,7.791259,0.492119,0.6
 14312,7.792252,0.497766,0.6
 14314,7.793256,0.504105,0.6
 14316,7.794275,0.511088,0.6
 14318,7.795309,0.518663,0.6
 14320,7.796358,0.526764,0.6
 14322,7.797425,0.535315,0.6
 14324,7.798509,0.544230,0.6
 14326,7.799611,0.553405,0.6
 14328,7.800732,0.562727,0.6
 14330,7.801871,0.572065,0.6
 14332,7.803029,0.581281,0.6
 14334,7.804205,0.590221,0.6
 14336,7.805399,0.598726,0.6
 14338,7.806608,0.606629,0.6
 14340,7.807832,0.613764,0.6
 14342,7.809069,0.619969,0.6
 14344,7.810317,0.625093,0.6
 14346,7.811573,0.629004,0.6
 14348,7.812835,0.631592,0.6
 14350,7.814100,0.632777,0.6
 14352,7.815365,0.632514,0.6
 14354,7.816628,0.630797,0.6
 14356,7.817885,0.627655,0.6
 14358,7.819134,0.623159,0.6
 14360,7.820372,0.617412,0.6
 14362,7.821596,0.610550,0.6
 14364,7.822805,0.602734,0.6
 14366,7.823998,0.594139,0.6
 14368,7.825172,0.584953,0.6
 14370,7.826328,0.575363,0.6
 14372,7.827464,0.565553,0.6
 14374,7.828580,0.555702,0.6
 14376,7.829677,0.545974,0.6
 14378,7.830755,0.536513,0.6
 14380,7.831814,0.527447,0.6
 14382,7.832856,0.518889,0.6
 14384,7.833882,0.510931,0.6
 14386,7.834893,0.503647,0.6
 14388,7.835890,0.497099,0.6
 14390,7.836875,0.491331,0.6
 14392,7.837850,0.486379,0.6
 14394,7.838816,0.482266,0.6
 14396,7.839776,0.479009,0.6
 14398,7.840731,0.476615,0.6
 14400,7.841681,0.475090,0.6
 14402,7.842630,0.474431,0.6
 14404,7.843579,0.474633,0.6
 14406,7.844530,0.475688,0.6
 14408,7.845484,0.477583,0.6
 14410,7.846443,0.480304,0.6
 14412,7.847409,0.483832,0.6
 14414,7.848383,0.488142,0.6
 14416,7.849367,0.493209,0.6
 14418,7.850362,0.498999,0.6
 14420,7.851369,0.505470,0.6
 14422,7.852391,0.512576,0.6
 14424,7.853427,0.520262,0.6
 14426,7.854480,0.528459,0.6
 14428,7.855550,0.537091,0.6
 14430,7.856637,0.546064,0.6
 14432,7.857743,0.555276,0.6
 14434,7.858868,0.564610,0.6
 14436,7.860011,0.573934,0.6
 14438,7.861173,0.583107,0.6
 14440,7.862352,0.591974,0.6
 14442,7.863548,0.600370,0.6
 14444,7.864760,0.608131,0.6
 14446,7.865987,0.615092,0.6
 14448,7.867227,0.621093,0.6
 14450,7.868477,0.625985,0.6
 14452,7.869734,0.629640,0.6
 14454,7.870997,0.631953,0.6
 14456,7.872262,0.632852,0.6
 14458,7.873528,0.632299,0.6
 14460,7.874789,0.630293,0.6
 14462,7.876045,0.626872,0.6
 14464,7.877292,0.622116,0.6
 14466,7.878528,0.616133,0.6
 14468,7.879749,0.609067,0.6
 14470,7.880956,0.601080,0.6
 14472,7.882145,0.592348,0.6
 14474,7.883316,0.583063,0.6
 14476,7.884468,0.573413,0.6
 14478,7.885600,0.563580,0.6
 14480,7.886713,0.553740,0.6
 14482,7.887805,0.544053,0.6
 14484,7.888879,0.534662,0.6
 14486,7.889935,0.525690,0.6
 14488,7.890974,0.517247,0.6
 14490,7.891996,0.509418,0.6
 14492,7.893004,0.502279,0.6
 14494,7.893999,0.495885,0.6
 14496,7.894982,0.490279,0.6
 14498,7.895955,0.485494,0.6
 14500,7.896920,0.481552,0.6
 14502,7.897878,0.478467,0.6
 14504,7.898832,0.476249,0.6
 14506,7.899782,0.474898,0.6
 14508,7.900731,0.474414,0.6
 14510,7.901680,0.474789,0.6
 14512,7.902632,0.476014,0.6
 14514,7.903587,0.478077,0.6
 14516,7.904547,0.480963,0.6
 14518,7.905514,0.484650,0.6
 14520,7.906490,0.489114,0.6
 14522,7.907476,0.494330,0.6
 14524,7.908474,0.500261,0.6
 14526,7.909484,0.506865,0.6
 14528,7.910509,0.514096,0.6
 14530,7.911548,0.521890,0.6
 14532,7.912604,0.530180,0.6
 14534,7.913678,0.538889,0.6
 14536,7.914769,0.547921,0.6
 14538,7.915879,0.557169,0.6
 14540,7.917007,0.566512,0.6
 14542,7.918154,0.575819,0.6
 14544,7.919320,0.584943,0.6
 14546,7.920503,0.593728,0.6
 14548,7.921703,0.602011,0.6
 14550,7.922918,0.609625,0.6
 14552,7.924148,0.616405,0.6
 14554,7.925390,0.622192,0.6
 14556,7.926641,0.626843,0.6
 14558,7.927900,0.630232,0.6
 14560,7.929164,0.632263,0.6
 14562,7.930429,0.632868,0.6
 14564,7.931694,0.632018,0.6
 14566,7.932955,0.629721,0.6
 14568,7.934209,0.626022,0.6
 14570,7.935453,0.621007,0.6
 14572,7.936686,0.614793,0.6
 14574,7.937905,0.607526,0.6
 14576,7.939108,0.599373,0.6
 14578,7.940293,0.590515,0.6
 14580,7.941461,0.581140,0.6
 14582,7.942608,0.571438,0.6
 14584,7.943737,0.561592,0.6
 14586,7.944845,0.551771,0.6
 14588,7.945934,0.542133,0.6
 14590,7.947004,0.532818,0.6
 14592,7.948056,0.523946,0.6
 14594,7.949091,0.515621,0.6
 14596,7.950111,0.507927,0.6
 14598,7.951117,0.500934,0.6
 14600,7.952109,0.494694,0.6
 14602,7.953090,0.489252,0.6
 14604,7.954062,0.484636,0.6
 14606,7.955025,0.480867,0.6
 14608,7.955982,0.477958,0.6
 14610,7.956934,0.475916,0.6
 14612,7.957885,0.474741,0.6
 14614,7.958834,0.474432,0.6
 14616,7.959783,0.474981,0.6
 14618,7.960735,0.476377,0.6
 14620,7.961691,0.478608,0.6
 14622,7.962653,0.481659,0.6
 14624,7.963622,0.485507,0.6
 14626,7.964600,0.490126,0.6
 14628,7.965588,0.495491,0.6
 14630,7.966588,0.501561,0.6
 14632,7.967601,0.508298,0.6
 14634,7.968628,0.515648,0.6
 14636,7.969672,0.523551,0.6
 14638,7.970732,0.531936,0.6
 14640,7.971809,0.540720,0.6
 14642,7.972904,0.549806,0.6
 14644,7.974017,0.559083,0.6
 14646,7.975149,0.568431,0.6
 14648,7.976300,0.577712,0.6
 14650,7.977469,0.586780,0.6
 14652,7.978656,0.595478,0.6
 14654,7.979860,0.603638,0.6
 14656,7.981079,0.611095,0.6
 14658,7.982311,0.617685,0.6
 14660,7.983555,0.623251,0.6
 14662,7.984808,0.627653,0.6
 14664,7.986068,0.630772,0.6
 14666,7.987332,0.632515,0.6
 14668,7.988598,0.632824,0.6
 14670,7.989862,0.631676,0.6
 14672,7.991121,0.629087,0.6
 14674,7.992373,0.625111,0.6
 14676,7.993616,0.619840,0.6
 14678,7.994846,0.613399,0.6
 14680,7.996062,0.605937,0.6
 14682,7.997261,0.597625,0.6
 14684,7.998443,0.588645,0.6
 14686,7.999606,0.579190,0.6
 14688,8.000750,0.569446,0.6
 14690,8.001874,0.559591,0.6
 14692,8.002979,0.549795,0.6
 14694,8.004064,0.540210,0.6
 14696,8.005131,0.530974,0.6
 14698,8.006180,0.522204,0.6
 14700,8.007212,0.514000,0.6
 14702,8.008228,0.506443,0.6
 14704,8.009231,0.499600,0.6
 14706,8.010221,0.493522,0.6
 14708,8.011200,0.488247,0.6
 14710,8.012170,0.483803,0.6
 14712,8.013132,0.480210,0.6
 14714,8.014089,0.477478,0.6
 14716,8.015041,0.475614,0.6
 14718,8.015991,0.474618,0.6
 14720,8.016940,0.474487,0.6
 14722,8.017890,0.475213,0.6
 14724,8.018843,0.476784,0.6
 14726,8.019799,0.479187,0.6
 14728,8.020762,0.482403,0.6
 14730,8.021733,0.486413,0.6
 14732,8.022713,0.491191,0.6
 14734,8.023704,0.496704,0.6
 14736,8.024706,0.502917,0.6
 14738,8.025723,0.509784,0.6
 14740,8.026752,0.517254,0.6
 14742,8.027800,0.525262,0.6
 14744,8.028863,0.533736,0.6
 14746,8.029943,0.542590,0.6
 14748,8.031043,0.551727,0.6
 14750,8.032160,0.561031,0.6
 14752,8.033296,0.570381,0.6
 14754,8.034451,0.579627,0.6
 14756,8.035624,0.588631,0.6
 14758,8.036814,0.597229,0.6
 14760,8.038021,0.605257,0.6
 14762,8.039243,0.612549,0.6
 14764,8.040478,0.618939,0.6
 14766,8.041724,0.624276,0.6
 14768,8.042979,0.628421,0.6
 14770,8.044241,0.631260,0.6
 14772,8.045506,0.632709,0.6
 14774,8.046771,0.632715,0.6
 14776,8.048035,0.631264,0.6
 14778,8.049294,0.628379,0.6
 14780,8.050544,0.624123,0.6
 14782,8.051785,0.618596,0.6
 14784,8.053012,0.611927,0.6
 14786,8.054225,0.604269,0.6
 14788,8.055421,0.595800,0.6
 14790,8.056599,0.586703,0.6
 14792,8.057757,0.577170,0.6
 14794,8.058897,0.567389,0.6
 14796,8.060018,0.557534,0.6
 14798,8.061117,0.547771,0.6
 14800,8.062198,0.538252,0.6
 14802,8.063261,0.529107,0.6
 14804,8.064306,0.520448,0.6
 14806,8.065334,0.512374,0.6
 14808,8.066347,0.504965,0.6
 14810,8.067347,0.498279,0.6
 14812,8.068334,0.492368,0.6
 14814,8.069311,0.487265,0.6
 14816,8.070279,0.482997,0.6
 14818,8.071240,0.479583,0.6
 14820,8.072195,0.477031,0.6
 14822,8.073146,0.475348,0.6
 14824,8.074096,0.474531,0.6
 14826,8.075045,0.474576,0.6
 14828,8.075995,0.475477,0.6
 14830,8.076948,0.477221,0.6
 14832,8.077907,0.479793,0.6
 14834,8.078872,0.483175,0.6
 14836,8.079844,0.487347,0.6
 14838,8.080827,0.492280,0.6
 14840,8.081820,0.497943,0.6
 14842,8.082825,0.504296,0.6
 14844,8.083843,0.511292,0.6
 14846,8.084877,0.518877,0.6
 14848,8.085927,0.526987,0.6
 14850,8.086994,0.535548,0.6
 14852,8.088078,0.544469,0.6
 14854,8.089182,0.553650,0.6
 14856,8.090302,0.562973,0.6
 14858,8.091442,0.572310,0.6
 14860,8.092601,0.581521,0.6
 14862,8.093777,0.590454,0.6
 14864,8.094971,0.598947,0.6
 14866,8.096180,0.606836,0.6
 14868,8.097404,0.613953,0.6
 14870,8.098641,0.620137,0.6
 14872,8.099890,0.625238,0.6
 14874,8.101147,0.629124,0.6
 14876,8.102408,0.631684,0.6
 14878,8.103674,0.632841,0.6
 14880,8.104939,0.632548,0.6
 14882,8.106202,0.630800,0.6
 14884,8.107459,0.627629,0.6
 14886,8.108707,0.623105,0.6
 14888,8.109945,0.617333,0.6
 14890,8.111170,0.610450,0.6
 14892,8.112379,0.602615,0.6
 14894,8.113571,0.594005,0.6
 14896,8.114745,0.584806,0.6
 14898,8.115900,0.575209,0.6
 14900,8.117036,0.565398,0.6
 14902,8.118153,0.555548,0.6
 14904,8.119248,0.545820,0.6
 14906,8.120325,0.536366,0.6
 14908,8.121385,0.527312,0.6
 14910,8.122426,0.518767,0.6
 14912,8.123452,0.510821,0.6
 14914,8.124463,0.503552,0.6
 14916,8.125460,0.497019,0.6
 14918,8.126445,0.491268,0.6
 14920,8.127419,0.486334,0.6
 14922,8.128386,0.482240,0.6
 14924,8.129346,0.479001,0.6
 14926,8.130301,0.476627,0.6
 14928,8.131251,0.475121,0.6
 14930,8.132201,0.474482,0.6
 14932,8.133151,0.474705,0.6
 14934,8.134102,0.475781,0.6
 14936,8.135056,0.477698,0.6
 14938,8.136016,0.480439,0.6
 14940,8.136982,0.483988,0.6
 14942,8.137957,0.488320,0.6
 14944,8.138941,0.493408,0.6
 14946,8.139935,0.499215,0.6
 14948,8.140944,0.505704,0.6
 14950,8.141966,0.512826,0.6
 14952,8.143003,0.520528,0.6
 14954,8.144056,0.528740,0.6
 14956,8.145126,0.537382,0.6
 14958,8.146214,0.546363,0.6
 14960,8.147322,0.555581,0.6
 14962,8.148446,0.564917,0.6
 14964,8.149590,0.574240,0.6
 14966,8.150752,0.583406,0.6
 14968,8.151932,0.592262,0.6
 14970,8.153129,0.600643,0.6
 14972,8.154342,0.608387,0.6
 14974,8.155569,0.615325,0.6
 14976,8.156808,0.621297,0.6
 14978,8.158058,0.626156,0.6
 14980,8.159316,0.629776,0.6
 14982,8.160580,0.632051,0.6
 14984,8.161845,0.632911,0.6
 14986,8.163111,0.632317,0.6
 14988,8.164372,0.630271,0.6
 14990,8.165627,0.626813,0.6
 14992,8.166874,0.622021,0.6
 14994,8.168109,0.616009,0.6
 14996,8.169330,0.608915,0.6
 14998,8.170535,0.600908,0.6
 15000,8.171724,0.592161,0.6
 15002,8.172894,0.582865,0.6
 15004,8.174046,0.573210,0.6
 15006,8.175178,0.563376,0.6
 15008,8.176290,0.553536,0.6
 15010,8.177382,0.543854,0.6
 15012,8.178454,0.534473,0.6
 15014,8.179510,0.525516,0.6
 15016,8.180549,0.517087,0.6
 15018,8.181571,0.509275,0.6
 15020,8.182579,0.502154,0.6
 15022,8.183574,0.495778,0.6
 15024,8.184557,0.490193,0.6
 15026,8.185530,0.485430,0.6
 15028,8.186495,0.481511,0.6
 15030,8.187453,0.478450,0.6
 15032,8.188406,0.476255,0.6
 15034,8.189357,0.474929,0.6
 15036,8.190307,0.474468,0.6
 15038,8.191257,0.474868,0.6
 15040,8.192207,0.476119,0.6
 15042,8.193162,0.478206,0.6
 15044,8.194122,0.481113,0.6
 15046,8.195089,0.484822,0.6
 15048,8.196066,0.489309,0.6
 15050,8.197053,0.494546,0.6
 15052,8.198051,0.500499,0.6
 15054,8.199062,0.507124,0.6
 15056,8.200087,0.514372,0.6
 15058,8.201127,0.522182,0.6
 15060,8.202184,0.530488,0.6
 15062,8.203258,0.539209,0.6
 15064,8.204350,0.548247,0.6
 15066,8.205461,0.557501,0.6
 15068,8.206589,0.566847,0.6
 15070,8.207736,0.576150,0.6
 15072,8.208902,0.585266,0.6
 15074,8.210086,0.594038,0.6
 15076,8.211287,0.602302,0.6
 15078,8.212503,0.609894,0.6
 15080,8.213734,0.616648,0.6
 15082,8.214976,0.622405,0.6
 15084,8.216228,0.627020,0.6
 15086,8.217486,0.630370,0.6
 15088,8.218750,0.632358,0.6
 15090,8.220016,0.632919,0.6
 15092,8.221281,0.632024,0.6
 15094,8.222542,0.629681,0.6
 15096,8.223795,0.625940,0.6
 15098,8.225039,0.620888,0.6
 15100,8.226272,0.614638,0.6
 15102,8.227490,0.607341,0.6
 15104,8.228693,0.599162,0.6
 15106,8.229878,0.590284,0.6
 15108,8.231045,0.580896,0.6
 15110,8.232192,0.571186,0.6
 15112,8.233320,0.561337,0.6
 15114,8.234427,0.551517,0.6
 15116,8.235516,0.541886,0.6
 15118,8.236585,0.532585,0.6
 15120,8.237637,0.523729,0.6
 15122,8.238671,0.515422,0.6
 15124,8.239690,0.507751,0.6
 15126,8.240695,0.500781,0.6
 15128,8.241688,0.494567,0.6
 15130,8.242669,0.489149,0.6
 15132,8.243640,0.484559,0.6
 15134,8.244603,0.480817,0.6
 15136,8.245561,0.477935,0.6
 15138,8.246513,0.475920,0.6
 15140,8.247463,0.474773,0.6
 15142,8.248413,0.474492,0.6
 15144,8.249363,0.475069,0.6
 15146,8.250316,0.476495,0.6
 15148,8.251272,0.478755,0.6
 15150,8.252234,0.481835,0.6
 15152,8.253203,0.485711,0.6
 15154,8.254182,0.490357,0.6
 15156,8.255171,0.495748,0.6
 15158,8.256171,0.501844,0.6
 15160,8.257185,0.508604,0.6
 15162,8.258213,0.515974,0.6
 15164,8.259256,0.523895,0.6
 15166,8.260317,0.532294,0.6
 15168,8.261395,0.541090,0.6
 15170,8.262490,0.550184,0.6
 15172,8.263605,0.559469,0.6
 15174,8.264738,0.568820,0.6
 15176,8.265889,0.578096,0.6
 15178,8.267059,0.587152,0.6
 15180,8.268247,0.595834,0.6
 15182,8.269450,0.603971,0.6
 15184,8.270669,0.611399,0.6
 15186,8.271902,0.617955,0.6
 15188,8.273147,0.623482,0.6
 15190,8.274400,0.627841,0.6
 15192,8.275661,0.630912,0.6
 15194,8.276925,0.632606,0.6
 15196,8.278192,0.632863,0.6
 15198,8.279455,0.631661,0.6
 15200,8.280715,0.629021,0.6
 15202,8.281967,0.624995,0.6
 15204,8.283210,0.619679,0.6
 15206,8.284440,0.613193,0.6
 15208,8.285655,0.605694,0.6
 15210,8.286854,0.597352,0.6
 15212,8.288035,0.588352,0.6
 15214,8.289198,0.578879,0.6
 15216,8.290341,0.569123,0.6
 15218,8.291465,0.559265,0.6
 15220,8.292568,0.549476,0.6
 15222,8.293653,0.539904,0.6
 15224,8.294718,0.530686,0.6
 15226,8.295766,0.521939,0.6
 15228,8.296798,0.513760,0.6
 15230,8.297814,0.506227,0.6
 15232,8.298817,0.499411,0.6
 15234,8.299806,0.493362,0.6
 15236,8.300784,0.488119,0.6
 15238,8.301753,0.483708,0.6
 15240,8.302714,0.480148,0.6
 15242,8.303671,0.477449,0.6
 15244,8.304624,0.475617,0.6
 15246,8.305573,0.474653,0.6
 15248,8.306523,0.474553,0.6
 15250,8.307473,0.475311,0.6
 15252,8.308426,0.476913,0.6
 15254,8.309383,0.479347,0.6
 15256,8.310347,0.482594,0.6
 15258,8.311317,0.486635,0.6
 15260,8.312298,0.491441,0.6
 15262,8.313289,0.496981,0.6
 15264,8.314292,0.503219,0.6
 15266,8.315309,0.510110,0.6
 15268,8.316340,0.517602,0.6
 15270,8.317388,0.525631,0.6
 15272,8.318452,0.534123,0.6
 15274,8.319533,0.542992,0.6
 15276,8.320633,0.552138,0.6
 15278,8.321752,0.561445,0.6
 15280,8.322889,0.570792,0.6
 15282,8.324044,0.580041,0.6
 15284,8.325218,0.589034,0.6
 15286,8.326409,0.597614,0.6
 15288,8.327617,0.605616,0.6
 15290,8.328839,0.612875,0.6
 15292,8.330074,0.619227,0.6
 15294,8.331321,0.624518,0.6
 15296,8.332576,0.628613,0.6
 15298,8.333838,0.631400,0.6
 15300,8.335103,0.632792,0.6
 15302,8.336369,0.632741,0.6
 15304,8.337632,0.631233,0.6
 15306,8.338891,0.628292,0.6
 15308,8.340141,0.623982,0.6
 15310,8.341381,0.618407,0.6
 15312,8.342607,0.611695,0.6
 15314,8.343819,0.604005,0.6
 15316,8.345014,0.595512,0.6
 15318,8.346191,0.586398,0.6
 15320,8.347350,0.576852,0.6
 15322,8.348490,0.567062,0.6
 15324,8.349608,0.557204,0.6
 15326,8.350708,0.547447,0.6
 15328,8.351789,0.537939,0.6
 15330,8.352850,0.528810,0.6
 15332,8.353894,0.520173,0.6
 15334,8.354922,0.512124,0.6
 15336,8.355935,0.504741,0.6
 15338,8.356935,0.498084,0.6
 15340,8.357922,0.492203,0.6
 15342,8.358898,0.487132,0.6
 15344,8.359865,0.482898,0.6
 15346,8.360826,0.479518,0.6
 15348,8.361780,0.477002,0.6
 15350,8.362731,0.475353,0.6
 15352,8.363681,0.474571,0.6
 15354,8.364631,0.474651,0.6
 15356,8.365582,0.475586,0.6
 15358,8.366536,0.477365,0.6
 15360,8.367495,0.479973,0.6
 15362,8.368460,0.483389,0.6
 15364,8.369432,0.487592,0.6
 15366,8.370415,0.492555,0.6
 15368,8.371408,0.498245,0.6
 15370,8.372414,0.504623,0.6
 15372,8.373434,0.511647,0.6
 15374,8.374468,0.519257,0.6
 15376,8.375519,0.527386,0.6
 15378,8.376586,0.535964,0.6
 15380,8.377671,0.544897,0.6
 15382,8.378775,0.554083,0.6
 15384,8.379897,0.563411,0.6
 15386,8.381039,0.572750,0.6
 15388,8.382197,0.581954,0.6
 15390,8.383375,0.590873,0.6
 15392,8.384569,0.599348,0.6
 15394,8.385780,0.607209,0.6
 15396,8.387006,0.614293,0.6
 15398,8.388244,0.620435,0.6
 15400,8.389492,0.625487,0.6
 15402,8.390749,0.629318,0.6
 15404,8.392012,0.631819,0.6
 15406,8.393277,0.632913,0.6
 15408,8.394543,0.632557,0.6
 15410,8.395805,0.630745,0.6
 15412,8.397062,0.627513,0.6
 15414,8.398311,0.622930,0.6
 15416,8.399548,0.617106,0.6
 15418,8.400772,0.610175,0.6
 15420,8.401981,0.602298,0.6
 15422,8.403172,0.593655,0.6
 15424,8.404346,0.584431,0.6
 15426,8.405501,0.574818,0.6
 15428,8.406636,0.564996,0.6
 15430,8.407751,0.555147,0.6
 15432,8.408847,0.545429,0.6
 15434,8.409924,0.535991,0.6
 15436,8.410982,0.526956,0.6
 15438,8.412024,0.518433,0.6
 15440,8.413048,0.510516,0.6
 15442,8.414058,0.503281,0.6
 15444,8.415054,0.496784,0.6
 15446,8.416039,0.491071,0.6
 15448,8.417014,0.486176,0.6
 15450,8.417981,0.482121,0.6
 15452,8.418941,0.478922,0.6
 15454,8.419895,0.476590,0.6
 15456,8.420846,0.475125,0.6
 15458,8.421796,0.474529,0.6
 15460,8.422746,0.474794,0.6
 15462,8.423697,0.475911,0.6
 15464,8.424651,0.477869,0.6
 15466,8.425611,0.480650,0.6
 15468,8.426578,0.484238,0.6
 15470,8.427552,0.488607,0.6
 15472,8.428537,0.493730,0.6
 15474,8.429534,0.499574,0.6
 15476,8.430543,0.506099,0.6
 15478,8.431565,0.513255,0.6
 15480,8.432603,0.520983,0.6
 15482,8.433658,0.529217,0.6
 15484,8.434729,0.537878,0.6
 15486,8.435818,0.546877,0.6
 15488,8.436925,0.556104,0.6
 15490,8.438051,0.565443,0.6
 15492,8.439197,0.574763,0.6
 15494,8.440360,0.583920,0.6
 15496,8.441542,0.592758,0.6
 15498,8.442739,0.601117,0.6
 15500,8.443953,0.608822,0.6
 15502,8.445181,0.615714,0.6
 15504,8.446422,0.621633,0.6
 15506,8.447673,0.626432,0.6
 15508,8.448932,0.629984,0.6
 15510,8.450195,0.632187,0.6
 15512,8.451461,0.632970,0.6
 15514,8.452726,0.632298,0.6
 15516,8.453988,0.630175,0.6
 15518,8.455243,0.626642,0.6
 15520,8.456490,0.621780,0.6
 15522,8.457725,0.615703,0.6
 15524,8.458945,0.608553,0.6
 15526,8.460151,0.600497,0.6
 15528,8.461338,0.591711,0.6
 15530,8.462508,0.582386,0.6
 15532,8.463659,0.572709,0.6
 15534,8.464789,0.562866,0.6
 15536,8.465900,0.553031,0.6
 15538,8.466992,0.543363,0.6
 15540,8.468065,0.533998,0.6
 15542,8.469120,0.525065,0.6
 15544,8.470158,0.516666,0.6
 15546,8.471180,0.508891,0.6
 15548,8.472187,0.501809,0.6
 15550,8.473182,0.495478,0.6
 15552,8.474165,0.489938,0.6
 15554,8.475138,0.485222,0.6
 15556,8.476103,0.481353,0.6
 15558,8.477061,0.478345,0.6
 15560,8.478014,0.476203,0.6
 15562,8.478965,0.474930,0.6
 15564,8.479915,0.474524,0.6
 15566,8.480865,0.474979,0.6
 15568,8.481816,0.476283,0.6
 15570,8.482772,0.478423,0.6
 15572,8.483733,0.481385,0.6
 15574,8.484702,0.485147,0.6
 15576,8.485679,0.489686,0.6
 15578,8.486666,0.494971,0.6
 15580,8.487664,0.500969,0.6
 15582,8.488676,0.507635,0.6
 15584,8.489702,0.514920,0.6
 15586,8.490744,0.522766,0.6
 15588,8.491801,0.531102,0.6
 15590,8.492876,0.539845,0.6
 15592,8.493970,0.548903,0.6
 15594,8.495081,0.558166,0.6
 15596,8.496211,0.567513,0.6
 15598,8.497360,0.576808,0.6
 15600,8.498528,0.585907,0.6
 15602,8.499713,0.594653,0.6
 15604,8.500915,0.602882,0.6
 15606,8.502131,0.610424,0.6
 15608,8.503363,0.617116,0.6
 15610,8.504605,0.622801,0.6
 15612,8.505858,0.627336,0.6
 15614,8.507118,0.630599,0.6
 15616,8.508382,0.632494,0.6
 15618,8.509648,0.632959,0.6
 15620,8.510913,0.631967,0.6
 15622,8.512174,0.629529,0.6
 15624,8.513427,0.625697,0.6
 15626,8.514671,0.620557,0.6
 15628,8.515903,0.614231,0.6
 15630,8.517120,0.606866,0.6
 15632,8.518322,0.598635,0.6
 15634,8.519506,0.589716,0.6
 15636,8.520670,0.580302,0.6
 15638,8.521815,0.570579,0.6
 15640,8.522942,0.560731,0.6
 15642,8.524049,0.550922,0.6
 15644,8.525137,0.541308,0.6
 15646,8.526206,0.532026,0.6
 15648,8.527257,0.523200,0.6
 15650,8.528291,0.514930,0.6
 15652,8.529309,0.507300,0.6
 15654,8.530313,0.500378,0.6
 15656,8.531304,0.494216,0.6
 15658,8.532285,0.488856,0.6
 15660,8.533256,0.484325,0.6
 15662,8.534219,0.480642,0.6
 15664,8.535175,0.477821,0.6
 15666,8.536128,0.475867,0.6
 15668,8.537078,0.474781,0.6
 15670,8.538028,0.474560,0.6
 15672,8.538978,0.475197,0.6
 15674,8.539930,0.476682,0.6
 15676,8.540887,0.479001,0.6
 15678,8.541850,0.482135,0.6
 15680,8.542821,0.486068,0.6
 15682,8.543800,0.490773,0.6
 15684,8.544789,0.496218,0.6
 15686,8.545791,0.502361,0.6
 15688,8.546805,0.509165,0.6
 15690,8.547835,0.516577,0.6
 15692,8.548881,0.524538,0.6
 15694,8.549942,0.532970,0.6
 15696,8.551021,0.541793,0.6
 15698,8.552118,0.550903,0.6
 15700,8.553234,0.560197,0.6
 15702,8.554368,0.569548,0.6
 15704,8.555521,0.578813,0.6
 15706,8.556692,0.587851,0.6
 15708,8.557880,0.596497,0.6
 15710,8.559086,0.604588,0.6
 15712,8.560307,0.611960,0.6
 15714,8.561540,0.618448,0.6
 15716,8.562784,0.623894,0.6
 15718,8.564039,0.628163,0.6
 15720,8.565300,0.631138,0.6
 15722,8.566565,0.632728,0.6
 15724,8.567831,0.632880,0.6
 15726,8.569095,0.631573,0.6
 15728,8.570354,0.628830,0.6
 15730,8.571605,0.624709,0.6
 15732,8.572845,0.619304,0.6
 15734,8.574075,0.612745,0.6
 15736,8.575290,0.605179,0.6
 15738,8.576488,0.596782,0.6
 15740,8.577667,0.587738,0.6
 15742,8.578828,0.578242,0.6
 15744,8.579969,0.568476,0.6
 15746,8.581092,0.558620,0.6
 15748,8.582194,0.548837,0.6
 15750,8.583277,0.539286,0.6
 15752,8.584342,0.530097,0.6
 15754,8.585389,0.521386,0.6
 15756,8.586419,0.513249,0.6
 15758,8.587434,0.505767,0.6
 15760,8.588435,0.499007,0.6
 15762,8.589424,0.493015,0.6
 15764,8.590403,0.487829,0.6
 15766,8.591372,0.483477,0.6
 15768,8.592333,0.479978,0.6
 15770,8.593289,0.477341,0.6
 15772,8.594241,0.475573,0.6
 15774,8.595191,0.474672,0.6
 15776,8.596141,0.474636,0.6
 15778,8.597092,0.475456,0.6
 15780,8.598044,0.477121,0.6
 15782,8.599002,0.479615,0.6
 15784,8.599966,0.482922,0.6
 15786,8.600938,0.487018,0.6
 15788,8.601919,0.491879,0.6
 15790,8.602912,0.497476,0.6
 15792,8.603916,0.503768,0.6
 15794,8.604935,0.510710,0.6
 15796,8.605967,0.518249,0.6
 15798,8.607016,0.526318,0.6
 15800,8.608081,0.534839,0.6
 15802,8.609163,0.543731,0.6
 15804,8.610265,0.552891,0.6
 15806,8.611385,0.562209,0.6
 15808,8.612523,0.571556,0.6
 15810,8.613680,0.580785,0.6
 15812,8.614855,0.589753,0.6
 15814,8.616047,0.598294,0.6
 15816,8.617256,0.606246,0.6
 15818,8.618480,0.613443,0.6
 15820,8.619717,0.619720,0.6
 15822,8.620964,0.624927,0.6
 15824,8.622220,0.628927,0.6
 15826,8.623482,0.631610,0.6
 15828,8.624747,0.632895,0.6
 15830,8.626013,0.632732,0.6
 15832,8.627276,0.631113,0.6
 15834,8.628534,0.628066,0.6
 15836,8.629784,0.623657,0.6
 15838,8.631022,0.617990,0.6
 15840,8.632249,0.611199,0.6
 15842,8.633460,0.603437,0.6
 15844,8.634654,0.594883,0.6
 15846,8.635830,0.585727,0.6
 15848,8.636987,0.576155,0.6
 15850,8.638124,0.566354,0.6
 15852,8.639243,0.556497,0.6
 15854,8.640341,0.546752,0.6
 15856,8.641419,0.537268,0.6
 15858,8.642481,0.528173,0.6
 15860,8.643524,0.519577,0.6
 15862,8.644551,0.511574,0.6
 15864,8.645563,0.504244,0.6
 15866,8.646562,0.497645,0.6
 15868,8.647549,0.491826,0.6
 15870,8.648524,0.486818,0.6
 15872,8.649491,0.482652,0.6
 15874,8.650452,0.479340,0.6
 15876,8.651406,0.476893,0.6
 15878,8.652357,0.475314,0.6
 15880,8.653307,0.474602,0.6
 15882,8.654257,0.474752,0.6
 15884,8.655208,0.475757,0.6
 15886,8.656162,0.477604,0.6
 15888,8.657122,0.480278,0.6
 15890,8.658087,0.483760,0.6
 15892,8.659060,0.488026,0.6
 15894,8.660044,0.493051,0.6
 15896,8.661038,0.498800,0.6
 15898,8.662045,0.505235,0.6
 15900,8.663066,0.512308,0.6
 15902,8.664102,0.519964,0.6
 15904,8.665154,0.528135,0.6
 15906,8.666223,0.536744,0.6
 15908,8.667309,0.545703,0.6
 15910,8.668414,0.554907,0.6
 15912,8.669538,0.564238,0.6
 15914,8.670681,0.573573,0.6
 15916,8.671842,0.582758,0.6
 15918,8.673020,0.591647,0.6
 15920,8.674216,0.600076,0.6
 15922,8.675427,0.607880,0.6
 15924,8.676654,0.614889,0.6
 15926,8.677893,0.620947,0.6
 15928,8.679142,0.625903,0.6
 15930,8.680399,0.629629,0.6
 15932,8.681663,0.632017,0.6
 15934,8.682928,0.632994,0.6
 15936,8.684194,0.632518,0.6
 15938,8.685455,0.630590,0.6
 15940,8.686712,0.627245,0.6
 15942,8.687960,0.622556,0.6
 15944,8.689197,0.616635,0.6
 15946,8.690419,0.609621,0.6
 15948,8.691627,0.601677,0.6
 15950,8.692817,0.592980,0.6
 15952,8.693989,0.583719,0.6
 15954,8.695142,0.574083,0.6
 15956,8.696276,0.564252,0.6
 15958,8.697389,0.554406,0.6
 15960,8.698483,0.544706,0.6
 15962,8.699557,0.535296,0.6
 15964,8.700615,0.526298,0.6
 15966,8.701654,0.517823,0.6
 15968,8.702679,0.509959,0.6
 15970,8.703688,0.502779,0.6
 15972,8.704683,0.496343,0.6
 15974,8.705667,0.490695,0.6
 15976,8.706641,0.485866,0.6
 15978,8.707606,0.481881,0.6
 15980,8.708566,0.478754,0.6
 15982,8.709520,0.476493,0.6
 15984,8.710471,0.475099,0.6
 15986,8.711421,0.474573,0.6
 15988,8.712371,0.474908,0.6
 15990,8.713322,0.476095,0.6
 15992,8.714276,0.478119,0.6
 15994,8.715237,0.480968,0.6
 15996,8.716204,0.484618,0.6
 15998,8.717179,0.489049,0.6
 16000,8.718164,0.494229,0.6
 16002,8.719161,0.500128,0.6
 16004,8.720171,0.506703,0.6
 16006,8.721195,0.513905,0.6
 16008,8.722235,0.521678,0.6
 16010,8.723290,0.529952,0.6
 16012,8.724363,0.538645,0.6
 16014,8.725454,0.547665,0.6
 16016,8.726563,0.556909,0.6
 16018,8.727692,0.566256,0.6
 16020,8.728839,0.575570,0.6
 16022,8.730003,0.584709,0.6
 16024,8.731186,0.593514,0.6
 16026,8.732386,0.601824,0.6
 16028,8.733601,0.609471,0.6
 16030,8.734830,0.616290,0.6
 16032,8.736071,0.622124,0.6
 16034,8.737322,0.626825,0.6
 16036,8.738581,0.630270,0.6
 16038,8.739844,0.632360,0.6
 16040,8.741111,0.633026,0.6
 16042,8.742376,0.632235,0.6
 16044,8.743638,0.629995,0.6
 16046,8.744893,0.626351,0.6
 16048,8.746139,0.621386,0.6
 16050,8.747372,0.615214,0.6
 16052,8.748591,0.607985,0.6
 16054,8.749795,0.599863,0.6
 16056,8.750981,0.591028,0.6
 16058,8.752150,0.581668,0.6
 16060,8.753299,0.571971,0.6
 16062,8.754428,0.562124,0.6
 16064,8.755537,0.552296,0.6
 16066,8.756627,0.542645,0.6
 16068,8.757698,0.533315,0.6
 16070,8.758751,0.524423,0.6
 16072,8.759787,0.516075,0.6
 16074,8.760807,0.508356,0.6
 16076,8.761813,0.501334,0.6
 16078,8.762806,0.495065,0.6
 16080,8.763787,0.489593,0.6
 16082,8.764760,0.484946,0.6
 16084,8.765724,0.481145,0.6
 16086,8.766682,0.478203,0.6
 16088,8.767634,0.476129,0.6
 16090,8.768585,0.474924,0.6
 16092,8.769535,0.474583,0.6
 16094,8.770485,0.475103,0.6
 16096,8.771438,0.476472,0.6
 16098,8.772394,0.478678,0.6
 16100,8.773355,0.481701,0.6
 16102,8.774324,0.485526,0.6
 16104,8.775302,0.490122,0.6
 16106,8.776291,0.495464,0.6
 16108,8.777291,0.501518,0.6
 16110,8.778304,0.508237,0.6
 16112,8.779332,0.515573,0.6
 16114,8.780375,0.523466,0.6
 16116,8.781435,0.531840,0.6
 16118,8.782512,0.540616,0.6
 16120,8.783607,0.549699,0.6
 16122,8.784719,0.558977,0.6
 16124,8.785851,0.568325,0.6
 16126,8.787003,0.577612,0.6
 16128,8.788171,0.586690,0.6
 16130,8.789357,0.595399,0.6
 16132,8.790561,0.603577,0.6
 16134,8.791780,0.611057,0.6
 16136,8.793012,0.617674,0.6
 16138,8.794256,0.623271,0.6
 16140,8.795509,0.627707,0.6
 16142,8.796770,0.630861,0.6
 16144,8.798035,0.632641,0.6
 16146,8.799301,0.632986,0.6
 16148,8.800566,0.631874,0.6
 16150,8.801826,0.629318,0.6
 16152,8.803079,0.625374,0.6
 16154,8.804321,0.620131,0.6
 16156,8.805552,0.613714,0.6
 16158,8.806769,0.606269,0.6
 16160,8.807969,0.597971,0.6
 16162,8.809152,0.589004,0.6
 16164,8.810316,0.579552,0.6
 16166,8.811460,0.569805,0.6
 16168,8.812585,0.559948,0.6
 16170,8.813690,0.550148,0.6
 16172,8.814776,0.540557,0.6
 16174,8.815844,0.531310,0.6
 16176,8.816893,0.522529,0.6
 16178,8.817925,0.514311,0.6
 16180,8.818942,0.506740,0.6
 16182,8.819945,0.499882,0.6
 16184,8.820936,0.493786,0.6
 16186,8.821916,0.488494,0.6
 16188,8.822886,0.484033,0.6
 16190,8.823850,0.480422,0.6
 16192,8.824806,0.477674,0.6
 16194,8.825759,0.475795,0.6
 16196,8.826709,0.474784,0.6
 16198,8.827659,0.474638,0.6
 16200,8.828609,0.475349,0.6
 16202,8.829561,0.476907,0.6
 16204,8.830519,0.479296,0.6
 16206,8.831482,0.482503,0.6
 16208,8.832453,0.486502,0.6
 16210,8.833433,0.491270,0.6
 16212,8.834424,0.496776,0.6
 16214,8.835426,0.502982,0.6
 16216,8.836443,0.509842,0.6
 16218,8.837473,0.517307,0.6
 16220,8.838520,0.525311,0.6
 16222,8.839583,0.533781,0.6
 16224,8.840664,0.542634,0.6
 16226,8.841763,0.551768,0.6
 16228,8.842880,0.561072,0.6
 16230,8.844016,0.570418,0.6
 16232,8.845171,0.579670,0.6
 16234,8.846344,0.588680,0.6
 16236,8.847534,0.597287,0.6
 16238,8.848742,0.605324,0.6
 16240,8.849963,0.612626,0.6
 16242,8.851198,0.619028,0.6
 16244,8.852445,0.624377,0.6
 16246,8.853700,0.628537,0.6
 16248,8.854961,0.631392,0.6
 16250,8.856227,0.632855,0.6
 16252,8.857493,0.632876,0.6
 16254,8.858757,0.631437,0.6
 16256,8.860016,0.628565,0.6
 16258,8.861267,0.624322,0.6
 16260,8.862508,0.618803,0.6
 16262,8.863736,0.612141,0.6
 16264,8.864949,0.604490,0.6
 16266,8.866146,0.596023,0.6
 16268,8.867324,0.586928,0.6
 16270,8.868483,0.577398,0.6
 16272,8.869622,0.567615,0.6
 16274,8.870743,0.557759,0.6
 16276,8.871844,0.547993,0.6
 16278,8.872927,0.538465,0.6
 16280,8.873990,0.529312,0.6
 16282,8.875035,0.520647,0.6
 16284,8.876064,0.512566,0.6
 16286,8.877078,0.505150,0.6
 16288,8.878078,0.498458,0.6
 16290,8.879066,0.492540,0.6
 16292,8.880043,0.487432,0.6
 16294,8.881012,0.483161,0.6
 16296,8.881973,0.479743,0.6
 16298,8.882929,0.477189,0.6
 16300,8.883881,0.475504,0.6
 16302,8.884830,0.474687,0.6
 16304,8.885780,0.474733,0.6
 16306,8.886731,0.475635,0.6
 16308,8.887686,0.477382,0.6
 16310,8.888644,0.479958,0.6
 16312,8.889609,0.483344,0.6
 16314,8.890582,0.487519,0.6
 16316,8.891564,0.492455,0.6
 16318,8.892557,0.498122,0.6
 16320,8.893563,0.504478,0.6
 16322,8.894583,0.511482,0.6
 16324,8.895617,0.519071,0.6
 16326,8.896667,0.527184,0.6
 16328,8.897734,0.535749,0.6
 16330,8.898818,0.544672,0.6
 16332,8.899921,0.553854,0.6
 16334,8.901044,0.563179,0.6
 16336,8.902184,0.572521,0.6
 16338,8.903342,0.581732,0.6
 16340,8.904519,0.590666,0.6
 16342,8.905713,0.599159,0.6
 16344,8.906923,0.607044,0.6
 16346,8.908148,0.614157,0.6
 16348,8.909385,0.620335,0.6
 16350,8.910633,0.625427,0.6
 16352,8.911890,0.629303,0.6
 16354,8.913153,0.631853,0.6
 16356,8.914418,0.632998,0.6
 16358,8.915684,0.632693,0.6
 16360,8.916947,0.630933,0.6
 16362,8.918204,0.627748,0.6
 16364,8.919453,0.623212,0.6
 16366,8.920691,0.617429,0.6
 16368,8.921915,0.610534,0.6
 16370,8.923124,0.602688,0.6
 16372,8.924317,0.594070,0.6
 16374,8.925491,0.584862,0.6
 16376,8.926646,0.575260,0.6
 16378,8.927782,0.565445,0.6
 16380,8.928899,0.555594,0.6
 16382,8.929995,0.545867,0.6
 16384,8.931071,0.536416,0.6
 16386,8.932131,0.527365,0.6
 16388,8.933172,0.518823,0.6
 16390,8.934198,0.510885,0.6
 16392,8.935209,0.503621,0.6
 16394,8.936207,0.497095,0.6
 16396,8.937192,0.491353,0.6
 16398,8.938168,0.486428,0.6
 16400,8.939135,0.482343,0.6
 16402,8.940094,0.479116,0.6
 16404,8.941049,0.476754,0.6
 16406,8.941999,0.475260,0.6
 16408,8.942949,0.474634,0.6
 16410,8.943899,0.474870,0.6
 16412,8.944850,0.475959,0.6
 16414,8.945805,0.477888,0.6
 16416,8.946764,0.480642,0.6
 16418,8.947731,0.484203,0.6
 16420,8.948706,0.488548,0.6
 16422,8.949691,0.493648,0.6
 16424,8.950687,0.499470,0.6
 16426,8.951696,0.505975,0.6
 16428,8.952719,0.513115,0.6
 16430,8.953756,0.520827,0.6
 16432,8.954810,0.529048,0.6
 16434,8.955881,0.537700,0.6
 16436,8.956969,0.546690,0.6
 16438,8.958076,0.555913,0.6
 16440,8.959203,0.565252,0.6
 16442,8.960347,0.574578,0.6
 16444,8.961510,0.583742,0.6
 16446,8.962690,0.592592,0.6
 16448,8.963888,0.600966,0.6
 16450,8.965101,0.608696,0.6
 16452,8.966330,0.615616,0.6
 16454,8.967570,0.621568,0.6
 16456,8.968821,0.626404,0.6
 16458,8.970079,0.629995,0.6
 16460,8.971343,0.632240,0.6
 16462,8.972610,0.633066,0.6
 16464,8.973875,0.632437,0.6
 16466,8.975137,0.630357,0.6
 16468,8.976392,0.626865,0.6
 16470,8.977638,0.622042,0.6
 16472,8.978873,0.616000,0.6
 16474,8.980094,0.608881,0.6
 16476,8.981299,0.600852,0.6
 16478,8.982489,0.592086,0.6
 16480,8.983659,0.582773,0.6
 16482,8.984810,0.573106,0.6
 16484,8.985942,0.563266,0.6
 16486,8.987053,0.553428,0.6
 16488,8.988145,0.543752,0.6
 16490,8.989218,0.534379,0.6
 16492,8.990273,0.525431,0.6
 16494,8.991311,0.517015,0.6
 16496,8.992333,0.509221,0.6
 16498,8.993341,0.502119,0.6
 16500,8.994336,0.495764,0.6
 16502,8.995319,0.490200,0.6
 16504,8.996292,0.485459,0.6
 16506,8.997257,0.481563,0.6
 16508,8.998216,0.478527,0.6
 16510,8.999169,0.476358,0.6
 16512,9.000120,0.475058,0.6
 16514,9.001070,0.474623,0.6
 16516,9.002020,0.475050,0.6
 16518,9.002972,0.476327,0.6
 16520,9.003927,0.478440,0.6
 16522,9.004889,0.481376,0.6
 16524,9.005857,0.485115,0.6
 16526,9.006834,0.489631,0.6
 16528,9.007821,0.494895,0.6
 16530,9.008820,0.500872,0.6
 16532,9.009831,0.507519,0.6
 16534,9.010858,0.514790,0.6
 16536,9.011899,0.522624,0.6
 16538,9.012957,0.530949,0.6
 16540,9.014031,0.539686,0.6
 16542,9.015124,0.548738,0.6
 16544,9.016235,0.557998,0.6
 16546,9.017365,0.567348,0.6
 16548,9.018515,0.576650,0.6
 16550,9.019681,0.585759,0.6
 16552,9.020865,0.594518,0.6
 16554,9.022067,0.602762,0.6
 16556,9.023284,0.610325,0.6
 16558,9.024515,0.617044,0.6
 16560,9.025758,0.622759,0.6
 16562,9.027011,0.627328,0.6
 16564,9.028271,0.630627,0.6
 16566,9.029534,0.632560,0.6
 16568,9.030801,0.633064,0.6
 16570,9.032066,0.632110,0.6
 16572,9.033327,0.629709,0.6
 16574,9.034580,0.625913,0.6
 16576,9.035825,0.620807,0.6
 16578,9.037057,0.614510,0.6
 16580,9.038276,0.607169,0.6
 16582,9.039477,0.598954,0.6
 16584,9.040662,0.590051,0.6
 16586,9.041828,0.580644,0.6
 16588,9.042975,0.570922,0.6
 16590,9.044102,0.561067,0.6
 16592,9.045209,0.551251,0.6
 16594,9.046297,0.541629,0.6
 16596,9.047366,0.532341,0.6
 16598,9.048417,0.523504,0.6
 16600,9.049452,0.515222,0.6
 16602,9.050470,0.507575,0.6
 16604,9.051475,0.500636,0.6
 16606,9.052466,0.494456,0.6
 16608,9.053448,0.489075,0.6
 16610,9.054419,0.484522,0.6
 16612,9.055382,0.480819,0.6
 16614,9.056339,0.477977,0.6
 16616,9.057292,0.476002,0.6
 16618,9.058242,0.474896,0.6
 16620,9.059192,0.474655,0.6
 16622,9.060142,0.475272,0.6
 16624,9.061094,0.476737,0.6
 16626,9.062051,0.479037,0.6
 16628,9.063014,0.482153,0.6
 16630,9.063985,0.486068,0.6
 16632,9.064964,0.490754,0.6
 16634,9.065953,0.496182,0.6
 16636,9.066955,0.502312,0.6
 16638,9.067969,0.509104,0.6
 16640,9.068999,0.516509,0.6
 16642,9.070045,0.524461,0.6
 16644,9.071106,0.532887,0.6
 16646,9.072185,0.541703,0.6
 16648,9.073282,0.550814,0.6
 16650,9.074397,0.560107,0.6
 16652,9.075531,0.569457,0.6
 16654,9.076684,0.578728,0.6
 16656,9.077855,0.587772,0.6
 16658,9.079043,0.596429,0.6
 16660,9.080249,0.604536,0.6
 16662,9.081470,0.611924,0.6
 16664,9.082703,0.618431,0.6
 16666,9.083947,0.623901,0.6
 16668,9.085202,0.628193,0.6
 16670,9.086463,0.631193,0.6
 16672,9.087729,0.632810,0.6
 16674,9.088995,0.632988,0.6
 16676,9.090259,0.631707,0.6
 16678,9.091518,0.628988,0.6
 16680,9.092771,0.624887,0.6
 16682,9.094013,0.619500,0.6
 16684,9.095243,0.612954,0.6
 16686,9.096457,0.605401,0.6
 16688,9.097656,0.597012,0.6
 16690,9.098837,0.587974,0.6
 16692,9.099999,0.578479,0.6
 16694,9.101141,0.568709,0.6
 16696,9.102263,0.558850,0.6
 16698,9.103367,0.549065,0.6
 16700,9.104451,0.539503,0.6
 16702,9.105516,0.530305,0.6
 16704,9.106564,0.521584,0.6
 16706,9.107594,0.513437,0.6
 16708,9.108610,0.505946,0.6
 16710,9.109612,0.499173,0.6
 16712,9.110600,0.493171,0.6
 16714,9.111579,0.487976,0.6
 16716,9.112548,0.483615,0.6
 16718,9.113509,0.480107,0.6
 16720,9.114466,0.477462,0.6
 16722,9.115418,0.475685,0.6
 16724,9.116368,0.474776,0.6
 16726,9.117318,0.474732,0.6
 16728,9.118269,0.475544,0.6
 16730,9.119222,0.477201,0.6
 16732,9.120180,0.479689,0.6
 16734,9.121144,0.482991,0.6
 16736,9.122116,0.487081,0.6
 16738,9.123097,0.491936,0.6
 16740,9.124090,0.497528,0.6
 16742,9.125094,0.503816,0.6
 16744,9.126113,0.510753,0.6
 16746,9.127145,0.518289,0.6
 16748,9.128194,0.526353,0.6
 16750,9.129259,0.534874,0.6
 16752,9.130342,0.543765,0.6
 16754,9.131443,0.552924,0.6
 16756,9.132564,0.562243,0.6
 16758,9.133701,0.571590,0.6
 16760,9.134858,0.580822,0.6
 16762,9.136033,0.589792,0.6
 16764,9.137225,0.598338,0.6
 16766,9.138434,0.606295,0.6
 16768,9.139658,0.613498,0.6
 16770,9.140895,0.619782,0.6
 16772,9.142142,0.624997,0.6
 16774,9.143399,0.629005,0.6
 16776,9.144661,0.631696,0.6
 16778,9.145926,0.632989,0.6
 16780,9.147193,0.632835,0.6
 16782,9.148457,0.631222,0.6
 16784,9.149714,0.628182,0.6
 16786,9.150965,0.623778,0.6
 16788,9.152204,0.618115,0.6
 16790,9.153430,0.611326,0.6
 16792,9.154641,0.603570,0.6
 16794,9.155835,0.595020,0.6
 16796,9.157011,0.585864,0.6
 16798,9.158168,0.576293,0.6
 16800,9.159306,0.566494,0.6
 16802,9.160424,0.556638,0.6
 16804,9.161523,0.546890,0.6
 16806,9.162602,0.537402,0.6
 16808,9.163664,0.528301,0.6
 16810,9.164707,0.519701,0.6
 16812,9.165735,0.511696,0.6
 16814,9.166748,0.504360,0.6
 16816,9.167747,0.497755,0.6
 16818,9.168734,0.491932,0.6
 16820,9.169710,0.486923,0.6
 16822,9.170677,0.482754,0.6
 16824,9.171638,0.479440,0.6
 16826,9.172592,0.476993,0.6
 16828,9.173544,0.475413,0.6
 16830,9.174494,0.474702,0.6
 16832,9.175444,0.474853,0.6
 16834,9.176394,0.475858,0.6
 16836,9.177349,0.477705,0.6
 16838,9.178308,0.480380,0.6
 16840,9.179274,0.483862,0.6
 16842,9.180248,0.488132,0.6
 16844,9.181231,0.493160,0.6
 16846,9.182226,0.498911,0.6
 16848,9.183233,0.505347,0.6
 16850,9.184255,0.512423,0.6
 16852,9.185290,0.520080,0.6
 16854,9.186343,0.528254,0.6
 16856,9.187412,0.536868,0.6
 16858,9.188499,0.545831,0.6
 16860,9.189605,0.555037,0.6
 16862,9.190729,0.564373,0.6
 16864,9.191873,0.573708,0.6
 16866,9.193033,0.582899,0.6
 16868,9.194213,0.591788,0.6
 16870,9.195409,0.600216,0.6
 16872,9.196622,0.608018,0.6
 16874,9.197848,0.615027,0.6
 16876,9.199087,0.621080,0.6
 16878,9.200336,0.626030,0.6
 16880,9.201594,0.629747,0.6
 16882,9.202858,0.632127,0.6
 16884,9.204124,0.633093,0.6
 16886,9.205390,0.632607,0.6
 16888,9.206653,0.630666,0.6
 16890,9.207910,0.627308,0.6
 16892,9.209157,0.622608,0.6
 16894,9.210394,0.616676,0.6
 16896,9.211617,0.609650,0.6
 16898,9.212824,0.601695,0.6
 16900,9.214014,0.592992,0.6
 16902,9.215186,0.583725,0.6
 16904,9.216339,0.574083,0.6
 16906,9.217473,0.564253,0.6
 16908,9.218586,0.554405,0.6
 16910,9.219680,0.544708,0.6
 16912,9.220755,0.535298,0.6
 16914,9.221812,0.526305,0.6
 16916,9.222852,0.517833,0.6
 16918,9.223876,0.509975,0.6
 16920,9.224885,0.502803,0.6
 16922,9.225881,0.496374,0.6
 16924,9.226865,0.490735,0.6
 16926,9.227839,0.485916,0.6
 16928,9.228805,0.481939,0.6
 16930,9.229764,0.478821,0.6
 16932,9.230719,0.476570,0.6
 16934,9.231669,0.475187,0.6
 16936,9.232619,0.474672,0.6
 16938,9.233569,0.475018,0.6
 16940,9.234521,0.476216,0.6
 16942,9.235476,0.478253,0.6
 16944,9.236436,0.481112,0.6
 16946,9.237403,0.484774,0.6
 16948,9.238379,0.489216,0.6
 16950,9.239366,0.494412,0.6
 16952,9.240363,0.500320,0.6
 16954,9.241374,0.506909,0.6
 16956,9.242398,0.514125,0.6
 16958,9.243438,0.521906,0.6
 16960,9.244494,0.530189,0.6
 16962,9.245567,0.538890,0.6
 16964,9.246659,0.547917,0.6
 16966,9.247768,0.557163,0.6
 16968,9.248897,0.566512,0.6
 16970,9.250044,0.575823,0.6
 16972,9.251209,0.584961,0.6
 16974,9.252393,0.593759,0.6
 16976,9.253592,0.602060,0.6
 16978,9.254807,0.609695,0.6
 16980,9.256037,0.616498,0.6
 16982,9.257279,0.622314,0.6
 16984,9.258531,0.626996,0.6
 16986,9.259789,0.630418,0.6
 16988,9.261053,0.632483,0.6
 16990,9.262320,0.633123,0.6
 16992,9.263585,0.632306,0.6
 16994,9.264847,0.630040,0.6
 16996,9.266102,0.626370,0.6
 16998,9.267347,0.621382,0.6
 17000,9.268580,0.615189,0.6
 17002,9.269799,0.607941,0.6
 17004,9.271003,0.599805,0.6
 17006,9.272189,0.590960,0.6
 17008,9.273357,0.581590,0.6
 17010,9.274507,0.571888,0.6
 17012,9.275636,0.562037,0.6
 17014,9.276745,0.552208,0.6
 17016,9.277835,0.542560,0.6
 17018,9.278906,0.533233,0.6
 17020,9.279959,0.524347,0.6
 17022,9.280994,0.516009,0.6
 17024,9.282015,0.508301,0.6
 17026,9.283021,0.501293,0.6
 17028,9.284014,0.495039,0.6
 17030,9.284995,0.489583,0.6
 17032,9.285968,0.484953,0.6
 17034,9.286932,0.481170,0.6
 17036,9.287889,0.478247,0.6
 17038,9.288842,0.476192,0.6
 17040,9.289793,0.475006,0.6
 17042,9.290743,0.474685,0.6
 17044,9.291693,0.475224,0.6
 17046,9.292645,0.476612,0.6
 17048,9.293602,0.478837,0.6
 17050,9.294564,0.481882,0.6
 17052,9.295533,0.485724,0.6
 17054,9.296512,0.490340,0.6
 17056,9.297501,0.495701,0.6
 17058,9.298501,0.501770,0.6
 17060,9.299515,0.508506,0.6
 17062,9.300543,0.515858,0.6
 17064,9.301586,0.523760,0.6
 17066,9.302647,0.532147,0.6
 17068,9.303724,0.540932,0.6
 17070,9.304820,0.550022,0.6
 17072,9.305934,0.559305,0.6
 17074,9.307066,0.568657,0.6
 17076,9.308217,0.577940,0.6
 17078,9.309387,0.587011,0.6
 17080,9.310575,0.595712,0.6
 17082,9.311778,0.603877,0.6
 17084,9.312997,0.611338,0.6
 17086,9.314230,0.617931,0.6
 17088,9.315475,0.623500,0.6
 17090,9.316728,0.627905,0.6
 17092,9.317988,0.631024,0.6
 17094,9.319254,0.632768,0.6
 17096,9.320520,0.633074,0.6
 17098,9.321785,0.631924,0.6
 17100,9.323045,0.629331,0.6
 17102,9.324298,0.625350,0.6
 17104,9.325541,0.620073,0.6
 17106,9.326771,0.613626,0.6
 17108,9.327988,0.606158,0.6
 17110,9.329187,0.597838,0.6
 17112,9.330369,0.588852,0.6
 17114,9.331533,0.579392,0.6
 17116,9.332677,0.569641,0.6
 17118,9.333801,0.559783,0.6
 17120,9.334907,0.549983,0.6
 17122,9.335993,0.540395,0.6
 17124,9.337060,0.531156,0.6
 17126,9.338109,0.522387,0.6
 17128,9.339141,0.514184,0.6
 17130,9.340158,0.506632,0.6
 17132,9.341161,0.499794,0.6
 17134,9.342152,0.493719,0.6
 17136,9.343131,0.488450,0.6
 17138,9.344102,0.484013,0.6
 17140,9.345065,0.480427,0.6
 17142,9.346022,0.477704,0.6
 17144,9.346974,0.475850,0.6
 17146,9.347924,0.474866,0.6
 17148,9.348874,0.474746,0.6
 17150,9.349825,0.475484,0.6
 17152,9.350778,0.477069,0.6
 17154,9.351735,0.479485,0.6
 17156,9.352698,0.482716,0.6
 17158,9.353669,0.486740,0.6
 17160,9.354650,0.491532,0.6
 17162,9.355640,0.497059,0.6
 17164,9.356644,0.503283,0.6
 17166,9.357660,0.510165,0.6
 17168,9.358692,0.517647,0.6
 17170,9.359739,0.525668,0.6
 17172,9.360804,0.534156,0.6
 17174,9.361885,0.543021,0.6
 17176,9.362985,0.552164,0.6
 17178,9.364103,0.561471,0.6
 17180,9.365241,0.570822,0.6
 17182,9.366396,0.580074,0.6
 17184,9.367570,0.589075,0.6
 17186,9.368761,0.597666,0.6
 17188,9.369968,0.605683,0.6
 17190,9.371191,0.612958,0.6
 17192,9.372426,0.619327,0.6
 17194,9.373672,0.624638,0.6
 17196,9.374928,0.628755,0.6
 17198,9.376189,0.631563,0.6
 17200,9.377455,0.632979,0.6
 17202,9.378721,0.632951,0.6
 17204,9.379985,0.631465,0.6
 17206,9.381244,0.628545,0.6
 17208,9.382495,0.624257,0.6
 17210,9.383736,0.618697,0.6
 17212,9.384963,0.611997,0.6
 17214,9.386176,0.604313,0.6
 17216,9.387372,0.595822,0.6
 17218,9.388550,0.586709,0.6
 17220,9.389709,0.577165,0.6
 17222,9.390848,0.567375,0.6
 17224,9.391969,0.557516,0.6
 17226,9.393068,0.547752,0.6
 17228,9.394149,0.538237,0.6
 17230,9.395212,0.529100,0.6
 17232,9.396257,0.520455,0.6
 17234,9.397285,0.512397,0.6
 17236,9.398299,0.505004,0.6
 17238,9.399300,0.498337,0.6
 17240,9.400287,0.492444,0.6
 17242,9.401264,0.487366,0.6
 17244,9.402233,0.483124,0.6
 17246,9.403194,0.479735,0.6
 17248,9.404150,0.477212,0.6
 17250,9.405102,0.475558,0.6
 17252,9.406052,0.474773,0.6
 17254,9.407001,0.474851,0.6
 17256,9.407952,0.475784,0.6
 17258,9.408907,0.477561,0.6
 17260,9.409865,0.480167,0.6
 17262,9.410830,0.483584,0.6
 17264,9.411803,0.487787,0.6
 17266,9.412786,0.492750,0.6
 17268,9.413781,0.498444,0.6
 17270,9.414787,0.504829,0.6
 17272,9.415808,0.511856,0.6
 17274,9.416843,0.519472,0.6
 17276,9.417894,0.527611,0.6
 17278,9.418962,0.536194,0.6
 17280,9.420049,0.545132,0.6
 17282,9.421152,0.554326,0.6
 17284,9.422275,0.563655,0.6
 17286,9.423416,0.572992,0.6
 17288,9.424576,0.582201,0.6
 17290,9.425754,0.591120,0.6
 17292,9.426949,0.599592,0.6
 17294,9.428160,0.607451,0.6
 17296,9.429385,0.614531,0.6
 17298,9.430624,0.620669,0.6
 17300,9.431873,0.625714,0.6
 17302,9.433130,0.629537,0.6
 17304,9.434394,0.632029,0.6
 17306,9.435659,0.633112,0.6
 17308,9.436925,0.632745,0.6
 17310,9.438189,0.630922,0.6
 17312,9.439445,0.627675,0.6
 17314,9.440694,0.623080,0.6
 17316,9.441931,0.617246,0.6
 17318,9.443155,0.610306,0.6
 17320,9.444365,0.602420,0.6
 17322,9.445557,0.593771,0.6
 17324,9.446731,0.584539,0.6
 17326,9.447886,0.574916,0.6
 17328,9.449021,0.565090,0.6
 17330,9.450136,0.555238,0.6
 17332,9.451232,0.545517,0.6
 17334,9.452309,0.536079,0.6
 17336,9.453367,0.527047,0.6
 17338,9.454409,0.518530,0.6
 17340,9.455433,0.510619,0.6
 17342,9.456444,0.503391,0.6
 17344,9.457440,0.496901,0.6
 17346,9.458426,0.491197,0.6
 17348,9.459400,0.486312,0.6
 17350,9.460367,0.482268,0.6
 17352,9.461327,0.479081,0.6
 17354,9.462281,0.476760,0.6
 17356,9.463232,0.475309,0.6
 17358,9.464182,0.474725,0.6
 17360,9.465132,0.475003,0.6
 17362,9.466084,0.476134,0.6
 17364,9.467038,0.478105,0.6
 17366,9.467999,0.480899,0.6
 17368,9.468966,0.484500,0.6
 17370,9.469941,0.488884,0.6
 17372,9.470926,0.494021,0.6
 17374,9.471923,0.499879,0.6
 17376,9.472933,0.506417,0.6
 17378,9.473957,0.513586,0.6
 17380,9.474997,0.521329,0.6
 17382,9.476051,0.529581,0.6
 17384,9.477123,0.538256,0.6
 17386,9.478213,0.547265,0.6
 17388,9.479322,0.556500,0.6
 17390,9.480449,0.565847,0.6
 17392,9.481594,0.575167,0.6
 17394,9.482759,0.584321,0.6
 17396,9.483940,0.593150,0.6
 17398,9.485139,0.601494,0.6
 17400,9.486354,0.609186,0.6
 17402,9.487583,0.616061,0.6
 17404,9.488824,0.621958,0.6
 17406,9.490075,0.626730,0.6
 17408,9.491334,0.630251,0.6
 17410,9.492598,0.632421,0.6
 17412,9.493864,0.633168,0.6
 17414,9.495130,0.632460,0.6
 17416,9.496391,0.630301,0.6
 17418,9.497646,0.626735,0.6
 17420,9.498893,0.621839,0.6
 17422,9.500128,0.615732,0.6
 17424,9.501348,0.608554,0.6
 17426,9.502554,0.600473,0.6
 17428,9.503741,0.591669,0.6
 17430,9.504911,0.582334,0.6
 17432,9.506062,0.572648,0.6
 17434,9.507192,0.562803,0.6
 17436,9.508303,0.552969,0.6
 17438,9.509395,0.543301,0.6
 17440,9.510468,0.533944,0.6
 17442,9.511522,0.525018,0.6
 17444,9.512560,0.516633,0.6
 17446,9.513582,0.508874,0.6
 17448,9.514589,0.501811,0.6
 17450,9.515584,0.495498,0.6
 17452,9.516567,0.489981,0.6
 17454,9.517540,0.485291,0.6
 17456,9.518505,0.481447,0.6
 17458,9.519464,0.478464,0.6
 17460,9.520416,0.476349,0.6
 17462,9.521367,0.475103,0.6
 17464,9.522317,0.474724,0.6
 17466,9.523267,0.475206,0.6
 17468,9.524220,0.476537,0.6
 17470,9.525176,0.478706,0.6
 17472,9.526137,0.481694,0.6
 17474,9.527106,0.485485,0.6
 17476,9.528084,0.490049,0.6
 17478,9.529072,0.495362,0.6
 17480,9.530071,0.501383,0.6
 17482,9.531084,0.508076,0.6
 17484,9.532111,0.515387,0.6
 17486,9.533154,0.523256,0.6
 17488,9.534212,0.531609,0.6
 17490,9.535289,0.540369,0.6
 17492,9.536383,0.549441,0.6
 17494,9.537496,0.558713,0.6
 17496,9.538628,0.568064,0.6
 17498,9.539778,0.577359,0.6
 17500,9.540946,0.586454,0.6
 17502,9.542132,0.595187,0.6
 17504,9.543335,0.603392,0.6
 17506,9.544554,0.610906,0.6
 17508,9.545786,0.617564,0.6
 17510,9.547029,0.623207,0.6
 17512,9.548283,0.627693,0.6
 17514,9.549543,0.630902,0.6
 17516,9.550808,0.632739,0.6
 17518,9.552074,0.633143,0.6
 17520,9.553340,0.632088,0.6
 17522,9.554601,0.629588,0.6
 17524,9.555854,0.625697,0.6
 17526,9.557098,0.620501,0.6
 17528,9.558330,0.614122,0.6
 17530,9.559546,0.606713,0.6
 17532,9.560748,0.598446,0.6
 17534,9.561932,0.589498,0.6
 17536,9.563096,0.580061,0.6
 17538,9.564241,0.570325,0.6
 17540,9.565368,0.560468,0.6
 17542,9.566474,0.550657,0.6
 17544,9.567560,0.541052,0.6
 17546,9.568628,0.531790,0.6
 17548,9.569678,0.522988,0.6
 17550,9.570712,0.514747,0.6
 17552,9.571731,0.507149,0.6
 17554,9.572735,0.500259,0.6
 17556,9.573726,0.494134,0.6
 17558,9.574706,0.488811,0.6
 17560,9.575677,0.484319,0.6
 17562,9.576640,0.480678,0.6
 17564,9.577597,0.477899,0.6
 17566,9.578549,0.475989,0.6
 17568,9.579499,0.474947,0.6
 17570,9.580449,0.474771,0.6
 17572,9.581400,0.475452,0.6
 17574,9.582353,0.476982,0.6
 17576,9.583310,0.479343,0.6
 17578,9.584273,0.482523,0.6
 17580,9.585244,0.486498,0.6
 17582,9.586225,0.491242,0.6
 17584,9.587215,0.496726,0.6
 17586,9.588218,0.502910,0.6
 17588,9.589234,0.509751,0.6
 17590,9.590264,0.517199,0.6
 17592,9.591311,0.525187,0.6
 17594,9.592374,0.533646,0.6
 17596,9.593454,0.542489,0.6
 17598,9.594553,0.551622,0.6
 17600,9.595670,0.560925,0.6
 17602,9.596806,0.570274,0.6
 17604,9.597960,0.579535,0.6
 17606,9.599133,0.588556,0.6
 17608,9.600323,0.597178,0.6
 17610,9.601529,0.605236,0.6
 17612,9.602751,0.612563,0.6
 17614,9.603986,0.618995,0.6
 17616,9.605232,0.624378,0.6
 17618,9.606487,0.628575,0.6
 17620,9.607749,0.631470,0.6
 17622,9.609015,0.632975,0.6
 17624,9.610281,0.633038,0.6
 17626,9.611545,0.631642,0.6
 17628,9.612803,0.628812,0.6
 17630,9.614055,0.624606,0.6
 17632,9.615295,0.619124,0.6
 17634,9.616524,0.612494,0.6
 17636,9.617737,0.604871,0.6
 17638,9.618934,0.596430,0.6
 17640,9.620113,0.587354,0.6
 17642,9.621274,0.577831,0.6
 17644,9.622416,0.568048,0.6
 17646,9.623536,0.558184,0.6
 17648,9.624638,0.548409,0.6
 17650,9.625720,0.538873,0.6
 17652,9.626783,0.529707,0.6
 17654,9.627830,0.521028,0.6
 17656,9.628860,0.512931,0.6
 17658,9.629874,0.505492,0.6
 17660,9.630875,0.498779,0.6
 17662,9.631864,0.492837,0.6
 17664,9.632841,0.487706,0.6
 17666,9.633810,0.483410,0.6
 17668,9.634771,0.479968,0.6
 17670,9.635728,0.477391,0.6
 17672,9.636681,0.475681,0.6
 17674,9.637630,0.474841,0.6
 17676,9.638580,0.474865,0.6
 17678,9.639531,0.475745,0.6
 17680,9.640486,0.477469,0.6
 17682,9.641444,0.480026,0.6
 17684,9.642409,0.483392,0.6
 17686,9.643382,0.487550,0.6
 17688,9.644364,0.492471,0.6
 17690,9.645357,0.498117,0.6
 17692,9.646363,0.504459,0.6
 17694,9.647383,0.511448,0.6
 17696,9.648417,0.519029,0.6
 17698,9.649467,0.527135,0.6
 17700,9.650534,0.535690,0.6
 17702,9.651618,0.544609,0.6
 17704,9.652721,0.553788,0.6
 17706,9.653843,0.563116,0.6
 17708,9.654983,0.572460,0.6
 17710,9.656141,0.581680,0.6
 17712,9.657318,0.590621,0.6
 17714,9.658512,0.599127,0.6
 17716,9.659722,0.607028,0.6
 17718,9.660947,0.614160,0.6
 17720,9.662184,0.620360,0.6
 17722,9.663432,0.625477,0.6
 17724,9.664689,0.629380,0.6
 17726,9.665952,0.631958,0.6
 17728,9.667217,0.633131,0.6
 17730,9.668484,0.632856,0.6
 17732,9.669747,0.631124,0.6
 17734,9.671004,0.627966,0.6
 17736,9.672254,0.623455,0.6
 17738,9.673492,0.617692,0.6
 17740,9.674717,0.610813,0.6
 17742,9.675926,0.602984,0.6
 17744,9.677119,0.594376,0.6
 17746,9.678294,0.585181,0.6
 17748,9.679451,0.575580,0.6
 17750,9.680587,0.565762,0.6
 17752,9.681704,0.555906,0.6
 17754,9.682801,0.546174,0.6
 17756,9.683880,0.536711,0.6
 17758,9.684939,0.527646,0.6
 17760,9.685982,0.519091,0.6
 17762,9.687008,0.511140,0.6
 17764,9.688019,0.503866,0.6
 17766,9.689016,0.497328,0.6
 17768,9.690001,0.491574,0.6
 17770,9.690977,0.486637,0.6
 17772,9.691944,0.482541,0.6
 17774,9.692904,0.479300,0.6
 17776,9.693859,0.476925,0.6
 17778,9.694811,0.475419,0.6
 17780,9.695761,0.474780,0.6
 17782,9.696711,0.475005,0.6
 17784,9.697662,0.476082,0.6
 17786,9.698617,0.478001,0.6
 17788,9.699577,0.480747,0.6
 17790,9.700544,0.484298,0.6
 17792,9.701519,0.488637,0.6
 17794,9.702504,0.493731,0.6
 17796,9.703501,0.499547,0.6
 17798,9.704510,0.506043,0.6
 17800,9.705532,0.513178,0.6
 17802,9.706570,0.520886,0.6
 17804,9.707623,0.529104,0.6
 17806,9.708694,0.537753,0.6
 17808,9.709784,0.546745,0.6
 17810,9.710891,0.555968,0.6
 17812,9.712017,0.565311,0.6
 17814,9.713162,0.574640,0.6
 17816,9.714325,0.583811,0.6
 17818,9.715506,0.592668,0.6
 17820,9.716703,0.601047,0.6
 17822,9.717916,0.608782,0.6
 17824,9.719145,0.615709,0.6
 17826,9.720386,0.621670,0.6
 17828,9.721637,0.626515,0.6
 17830,9.722896,0.630117,0.6
 17832,9.724159,0.632371,0.6
 17834,9.725426,0.633207,0.6
 17836,9.726691,0.632588,0.6
 17838,9.727953,0.630516,0.6
 17840,9.729208,0.627033,0.6
 17842,9.730454,0.622218,0.6
 17844,9.731689,0.616185,0.6
 17846,9.732912,0.609070,0.6
 17848,9.734118,0.601038,0.6
 17850,9.735308,0.592271,0.6
 17852,9.736478,0.582960,0.6
 17854,9.737629,0.573293,0.6
 17856,9.738761,0.563452,0.6
 17858,9.739874,0.553612,0.6
 17860,9.740966,0.543929,0.6
 17862,9.742040,0.534552,0.6
 17864,9.743095,0.525598,0.6
 17866,9.744134,0.517179,0.6
 17868,9.745156,0.509380,0.6
 17870,9.746164,0.502273,0.6
 17872,9.747159,0.495915,0.6
 17874,9.748142,0.490349,0.6
 17876,9.749116,0.485606,0.6
 17878,9.750081,0.481709,0.6
 17880,9.751040,0.478672,0.6
 17882,9.751994,0.476502,0.6
 17884,9.752945,0.475201,0.6
 17886,9.753895,0.474767,0.6
 17888,9.754845,0.475194,0.6
 17890,9.755797,0.476471,0.6
 17892,9.756754,0.478587,0.6
 17894,9.757715,0.481527,0.6
 17896,9.758684,0.485267,0.6
 17898,9.759662,0.489785,0.6
 17900,9.760649,0.495053,0.6
 17902,9.761647,0.501036,0.6
 17904,9.762659,0.507687,0.6
 17906,9.763685,0.514960,0.6
 17908,9.764727,0.522796,0.6
 17910,9.765784,0.531121,0.6
 17912,9.766859,0.539859,0.6
 17914,9.767953,0.548913,0.6
 17916,9.769064,0.558177,0.6
 17918,9.770194,0.567526,0.6
 17920,9.771343,0.576829,0.6
 17922,9.772511,0.585941,0.6
 17924,9.773696,0.594699,0.6
 17926,9.774898,0.602943,0.6
 17928,9.776114,0.610505,0.6
 17930,9.777346,0.617218,0.6
 17932,9.778588,0.622929,0.6
 17934,9.779841,0.627491,0.6
 17936,9.781101,0.630783,0.6
 17938,9.782366,0.632709,0.6
 17940,9.783632,0.633205,0.6
 17942,9.784898,0.632243,0.6
 17944,9.786159,0.629833,0.6
 17946,9.787413,0.626026,0.6
 17948,9.788657,0.620910,0.6
 17950,9.789889,0.614605,0.6
 17952,9.791108,0.607259,0.6
 17954,9.792311,0.599037,0.6
 17956,9.793496,0.590122,0.6
 17958,9.794662,0.580706,0.6
 17960,9.795810,0.570978,0.6
 17962,9.796937,0.561121,0.6
 17964,9.798044,0.551302,0.6
 17966,9.799132,0.541678,0.6
 17968,9.800201,0.532393,0.6
 17970,9.801253,0.523557,0.6
 17972,9.802288,0.515275,0.6
 17974,9.803307,0.507634,0.6
 17976,9.804312,0.500702,0.6
 17978,9.805305,0.494529,0.6
 17980,9.806286,0.489154,0.6
 17982,9.807257,0.484610,0.6
 17984,9.808220,0.480917,0.6
 17986,9.809177,0.478086,0.6
 17988,9.810130,0.476123,0.6
 17990,9.811081,0.475030,0.6
 17992,9.812031,0.474801,0.6
 17994,9.812982,0.475432,0.6
 17996,9.813934,0.476911,0.6
 17998,9.814892,0.479224,0.6
 18000,9.815855,0.482356,0.6
 18002,9.816826,0.486285,0.6
 18004,9.817805,0.490986,0.6
 18006,9.818796,0.496428,0.6
 18008,9.819798,0.502576,0.6
 18010,9.820813,0.509382,0.6
 18012,9.821843,0.516798,0.6
 18014,9.822888,0.524762,0.6
 18016,9.823951,0.533198,0.6
 18018,9.825030,0.542023,0.6
 18020,9.826128,0.551140,0.6
 18022,9.827245,0.560436,0.6
 18024,9.828380,0.569791,0.6
 18026,9.829533,0.579064,0.6
 18028,9.830705,0.588102,0.6
 18030,9.831894,0.596750,0.6
 18032,9.833099,0.604846,0.6
 18034,9.834320,0.612218,0.6
 18036,9.835554,0.618704,0.6
 18038,9.836800,0.624151,0.6
 18040,9.838055,0.628417,0.6
 18042,9.839316,0.631387,0.6
 18044,9.840582,0.632972,0.6
 18046,9.841848,0.633116,0.6
 18048,9.843112,0.631802,0.6
 18050,9.844372,0.629050,0.6
 18052,9.845624,0.624919,0.6
 18054,9.846867,0.619502,0.6
 18056,9.848096,0.612928,0.6
 18058,9.849311,0.605350,0.6
 18060,9.850509,0.596943,0.6
 18062,9.851688,0.587893,0.6
 18064,9.852850,0.578389,0.6
 18066,9.853992,0.568619,0.6
 18068,9.855114,0.558759,0.6
 18070,9.856217,0.548977,0.6
 18072,9.857302,0.539421,0.6
 18074,9.858367,0.530230,0.6
 18076,9.859414,0.521518,0.6
 18078,9.860445,0.513383,0.6
 18080,9.861460,0.505906,0.6
 18082,9.862461,0.499152,0.6
 18084,9.863450,0.493170,0.6
 18086,9.864429,0.487996,0.6
 18088,9.865397,0.483657,0.6
 18090,9.866359,0.480170,0.6
 18092,9.867315,0.477548,0.6
 18094,9.868268,0.475793,0.6
 18096,9.869218,0.474907,0.6
 18098,9.870168,0.474885,0.6
 18100,9.871119,0.475720,0.6
 18102,9.872073,0.477401,0.6
 18104,9.873032,0.479914,0.6
 18106,9.873997,0.483239,0.6
 18108,9.874969,0.487356,0.6
 18110,9.875951,0.492237,0.6
 18112,9.876944,0.497849,0.6
 18114,9.877949,0.504156,0.6
 18116,9.878967,0.511113,0.6
 18118,9.880001,0.518664,0.6
 18120,9.881050,0.526747,0.6
 18122,9.882116,0.535282,0.6
 18124,9.883201,0.544186,0.6
 18126,9.884302,0.553355,0.6
 18128,9.885423,0.562677,0.6
 18130,9.886562,0.572022,0.6
 18132,9.887720,0.581254,0.6
 18134,9.888896,0.590215,0.6
 18136,9.890089,0.598748,0.6
 18138,9.891298,0.606687,0.6
 18140,9.892523,0.613861,0.6
 18142,9.893760,0.620115,0.6
 18144,9.895008,0.625291,0.6
 18146,9.896265,0.629258,0.6
 18148,9.897528,0.631905,0.6
 18150,9.898793,0.633150,0.6
 18152,9.900060,0.632947,0.6
 18154,9.901323,0.631285,0.6
 18156,9.902582,0.628195,0.6
 18158,9.903832,0.623744,0.6
 18160,9.905071,0.618039,0.6
 18162,9.906298,0.611210,0.6
 18164,9.907509,0.603418,0.6
 18166,9.908703,0.594840,0.6
 18168,9.909879,0.585663,0.6
 18170,9.911036,0.576075,0.6
 18172,9.912173,0.566266,0.6
 18174,9.913291,0.556406,0.6
 18176,9.914389,0.546665,0.6
 18178,9.915467,0.537187,0.6
 18180,9.916528,0.528104,0.6
 18182,9.917571,0.519527,0.6
 18184,9.918597,0.511547,0.6
 18186,9.919609,0.504241,0.6
 18188,9.920608,0.497667,0.6
 18190,9.921595,0.491873,0.6
 18192,9.922571,0.486894,0.6
 18194,9.923538,0.482756,0.6
 18196,9.924499,0.479475,0.6
 18198,9.925453,0.477059,0.6
 18200,9.926405,0.475513,0.6
 18202,9.927355,0.474834,0.6
 18204,9.928305,0.475019,0.6
 18206,9.929256,0.476058,0.6
 18208,9.930211,0.477938,0.6
 18210,9.931170,0.480646,0.6
 18212,9.932137,0.484160,0.6
 18214,9.933112,0.488463,0.6
 18216,9.934096,0.493523,0.6
 18218,9.935092,0.499303,0.6
 18220,9.936100,0.505770,0.6
 18222,9.937122,0.512874,0.6
 18224,9.938160,0.520557,0.6
 18226,9.939213,0.528756,0.6
 18228,9.940283,0.537388,0.6
 18230,9.941371,0.546365,0.6
 18232,9.942478,0.555580,0.6
 18234,9.943603,0.564924,0.6
 18236,9.944746,0.574254,0.6
 18238,9.945909,0.583434,0.6
 18240,9.947088,0.592306,0.6
 18242,9.948286,0.600712,0.6
 18244,9.949499,0.608485,0.6
 18246,9.950727,0.615456,0.6
 18248,9.951967,0.621464,0.6
 18250,9.953218,0.626364,0.6
 18252,9.954476,0.630025,0.6
 18254,9.955740,0.632343,0.6
 18256,9.957006,0.633244,0.6
 18258,9.958272,0.632691,0.6
 18260,9.959535,0.630684,0.6
 18262,9.960792,0.627263,0.6
 18264,9.962039,0.622503,0.6
 18266,9.963275,0.616515,0.6
 18268,9.964498,0.609444,0.6
 18270,9.965705,0.601448,0.6
 18272,9.966894,0.592708,0.6
 18274,9.968066,0.583415,0.6
 18276,9.969219,0.573760,0.6
 18278,9.970351,0.563920,0.6
 18280,9.971464,0.554074,0.6
 18282,9.972558,0.544384,0.6
 18284,9.973633,0.534987,0.6
 18286,9.974689,0.526012,0.6
 18288,9.975729,0.517566,0.6
 18290,9.976752,0.509737,0.6
 18292,9.977761,0.502598,0.6
 18294,9.978757,0.496207,0.6
 18296,9.979740,0.490606,0.6
 18298,9.980714,0.485830,0.6
 18300,9.981679,0.481897,0.6
 18302,9.982638,0.478825,0.6
 18304,9.983593,0.476619,0.6
 18306,9.984544,0.475282,0.6
 18308,9.985494,0.474812,0.6
 18310,9.986444,0.475203,0.6
 18312,9.987396,0.476446,0.6
 18314,9.988353,0.478528,0.6
 18316,9.989314,0.481434,0.6
 18318,9.990283,0.485144,0.6
 18320,9.991260,0.489632,0.6
 18322,9.992247,0.494868,0.6
 18324,9.993245,0.500822,0.6
 18326,9.994257,0.507451,0.6
 18328,9.995283,0.514700,0.6
 18330,9.996325,0.522521,0.6
 18332,9.997382,0.530834,0.6
 18334,9.998457,0.539560,0.6
 18336,9.999549,0.548609,0.6
 18338,10.000660,0.557867,0.6
 18340,10.001790,0.567217,0.6
 18342,10.002939,0.576528,0.6
 18344,10.004106,0.585652,0.6
 18346,10.005290,0.594427,0.6
 18348,10.006492,0.602693,0.6
 18350,10.007709,0.610284,0.6
 18352,10.008940,0.617033,0.6
 18354,10.010182,0.622784,0.6
 18356,10.011436,0.627391,0.6
 18358,10.012695,0.630732,0.6
 18360,10.013960,0.632708,0.6
 18362,10.015226,0.633255,0.6
 18364,10.016492,0.632344,0.6
 18366,10.017754,0.629984,0.6
 18368,10.019009,0.626224,0.6
 18370,10.020253,0.621150,0.6
 18372,10.021486,0.614884,0.6
 18374,10.022705,0.607568,0.6
 18376,10.023908,0.599375,0.6
 18378,10.025093,0.590483,0.6
 18380,10.026259,0.581085,0.6
 18382,10.027407,0.571369,0.6
 18384,10.028535,0.561517,0.6
 18386,10.029643,0.551694,0.6
 18388,10.030731,0.542062,0.6
 18390,10.031801,0.532763,0.6
 18392,10.032853,0.523910,0.6
 18394,10.033889,0.515613,0.6
 18396,10.034909,0.507945,0.6
 18398,10.035914,0.500983,0.6
 18400,10.036907,0.494780,0.6
 18402,10.037889,0.489377,0.6
 18404,10.038860,0.484804,0.6
 18406,10.039824,0.481079,0.6
 18408,10.040781,0.478217,0.6
 18410,10.041734,0.476223,0.6
 18412,10.042685,0.475098,0.6
 18414,10.043634,0.474839,0.6
 18416,10.044585,0.475438,0.6
 18418,10.045538,0.476887,0.6
 18420,10.046494,0.479171,0.6
 18422,10.047458,0.482271,0.6
 18424,10.048429,0.486171,0.6
 18426,10.049408,0.490845,0.6
 18428,10.050397,0.496261,0.6
 18430,10.051398,0.502381,0.6
 18432,10.052413,0.509164,0.6
 18434,10.053443,0.516558,0.6
 18436,10.054488,0.524503,0.6
 18438,10.055550,0.532921,0.6
 18440,10.056628,0.541732,0.6
 18442,10.057726,0.550838,0.6
 18444,10.058841,0.560132,0.6
 18446,10.059975,0.569489,0.6
 18448,10.061128,0.578765,0.6
 18450,10.062299,0.587816,0.6
 18452,10.063487,0.596483,0.6
 18454,10.064692,0.604601,0.6
 18456,10.065913,0.612003,0.6
 18458,10.067147,0.618526,0.6
 18460,10.068393,0.624014,0.6
 18462,10.069648,0.628327,0.6
 18464,10.070910,0.631346,0.6
 18466,10.072175,0.632983,0.6
 18468,10.073442,0.633179,0.6
 18470,10.074706,0.631917,0.6
 18472,10.075966,0.629216,0.6
 18474,10.077218,0.625131,0.6
 18476,10.078461,0.619759,0.6
 18478,10.079691,0.613223,0.6
 18480,10.080906,0.605678,0.6
 18482,10.082105,0.597299,0.6
 18484,10.083286,0.588268,0.6
 18486,10.084449,0.578773,0.6
 18488,10.085592,0.569003,0.6
 18490,10.086715,0.559139,0.6
 18492,10.087818,0.549350,0.6
 18494,10.088902,0.539786,0.6
 18496,10.089968,0.530580,0.6
 18498,10.091016,0.521853,0.6
 18500,10.092048,0.513699,0.6
 18502,10.093064,0.506198,0.6
 18504,10.094067,0.499417,0.6
 18506,10.095056,0.493404,0.6
 18508,10.096035,0.488201,0.6
 18510,10.097005,0.483831,0.6
 18512,10.097967,0.480315,0.6
 18514,10.098924,0.477663,0.6
 18516,10.099876,0.475880,0.6
 18518,10.100826,0.474967,0.6
 18520,10.101776,0.474918,0.6
 18522,10.102727,0.475726,0.6
 18524,10.103682,0.477380,0.6
 18526,10.104640,0.479867,0.6
 18528,10.105605,0.483166,0.6
 18530,10.106578,0.487262,0.6
 18532,10.107559,0.492121,0.6
 18534,10.108552,0.497712,0.6
 18536,10.109556,0.504001,0.6
 18538,10.110575,0.510938,0.6
 18540,10.111609,0.518474,0.6
 18542,10.112658,0.526544,0.6
 18544,10.113724,0.535070,0.6
 18546,10.114807,0.543969,0.6
 18548,10.115909,0.553133,0.6
 18550,10.117029,0.562455,0.6
 18552,10.118169,0.571804,0.6
 18554,10.119326,0.581041,0.6
 18556,10.120502,0.590013,0.6
 18558,10.121695,0.598561,0.6
 18560,10.122904,0.606520,0.6
 18562,10.124128,0.613721,0.6
 18564,10.125365,0.620002,0.6
 18566,10.126614,0.625211,0.6
 18568,10.127871,0.629212,0.6
 18570,10.129133,0.631895,0.6
 18572,10.130399,0.633178,0.6
 18574,10.131665,0.633014,0.6
 18576,10.132929,0.631390,0.6
 18578,10.134188,0.628337,0.6
 18580,10.135438,0.623922,0.6
 18582,10.136677,0.618246,0.6
 18584,10.137903,0.611449,0.6
 18586,10.139114,0.603683,0.6
 18588,10.140309,0.595121,0.6
 18590,10.141485,0.585959,0.6
 18592,10.142642,0.576382,0.6
 18594,10.143780,0.566579,0.6
 18596,10.144898,0.556722,0.6
 18598,10.145998,0.546975,0.6
 18600,10.147079,0.537483,0.6
 18602,10.148140,0.528381,0.6
 18604,10.149183,0.519783,0.6
 18606,10.150211,0.511782,0.6
 18608,10.151224,0.504454,0.6
 18610,10.152223,0.497859,0.6
 18612,10.153210,0.492046,0.6
 18614,10.154186,0.487046,0.6
 18616,10.155153,0.482888,0.6
 18618,10.156115,0.479587,0.6
 18620,10.157069,0.477150,0.6
 18622,10.158021,0.475583,0.6
 18624,10.158971,0.474884,0.6
 18626,10.159921,0.475048,0.6
 18628,10.160872,0.476068,0.6
 18630,10.161827,0.477929,0.6
 18632,10.162786,0.480618,0.6
 18634,10.163754,0.484115,0.6
 18636,10.164728,0.488400,0.6
 18638,10.165712,0.493442,0.6
 18640,10.166707,0.499210,0.6
 18642,10.167715,0.505659,0.6
 18644,10.168737,0.512751,0.6
 18646,10.169775,0.520425,0.6
 18648,10.170828,0.528616,0.6
 18650,10.171898,0.537241,0.6
 18652,10.172986,0.546212,0.6
 18654,10.174092,0.555430,0.6
 18656,10.175217,0.564766,0.6
 18658,10.176360,0.574099,0.6
 18660,10.177523,0.583284,0.6
 18662,10.178702,0.592169,0.6
 18664,10.179899,0.600586,0.6
 18666,10.181112,0.608373,0.6
 18668,10.182340,0.615362,0.6
 18670,10.183580,0.621394,0.6
 18672,10.184831,0.626319,0.6
 18674,10.186090,0.630007,0.6
 18676,10.187353,0.632353,0.6
 18678,10.188620,0.633284,0.6
 18680,10.189885,0.632760,0.6
 18682,10.191148,0.630781,0.6
 18684,10.192405,0.627387,0.6
 18686,10.193653,0.622651,0.6
 18688,10.194890,0.616686,0.6
 18690,10.196113,0.609629,0.6
 18692,10.197320,0.601649,0.6
 18694,10.198510,0.592925,0.6
 18696,10.199682,0.583643,0.6
 18698,10.200835,0.573988,0.6
 18700,10.201969,0.564152,0.6
 18702,10.203082,0.554300,0.6
 18704,10.204176,0.544605,0.6
 18706,10.205251,0.535203,0.6
 18708,10.206307,0.526222,0.6
 18710,10.207347,0.517765,0.6
 18712,10.208371,0.509924,0.6
 18714,10.209380,0.502771,0.6
 18716,10.210376,0.496365,0.6
 18718,10.211360,0.490751,0.6
 18720,10.212335,0.485958,0.6
 18722,10.213300,0.482008,0.6
 18724,10.214259,0.478918,0.6
 18726,10.215214,0.476696,0.6
 18728,10.216165,0.475342,0.6
 18730,10.217114,0.474856,0.6
 18732,10.218064,0.475232,0.6
 18734,10.219017,0.476459,0.6
 18736,10.219974,0.478526,0.6
 18738,10.220935,0.481418,0.6
 18740,10.221904,0.485113,0.6
 18742,10.222880,0.489591,0.6
 18744,10.223867,0.494817,0.6
 18746,10.224866,0.500757,0.6
 18748,10.225877,0.507373,0.6
 18750,10.226903,0.514612,0.6
 18752,10.227944,0.522423,0.6
 18754,10.229002,0.530728,0.6
 18756,10.230077,0.539451,0.6
 18758,10.231169,0.548496,0.6
 18760,10.232280,0.557753,0.6
 18762,10.233410,0.567107,0.6
 18764,10.234558,0.576421,0.6
 18766,10.235724,0.585547,0.6
 18768,10.236909,0.594331,0.6
 18770,10.238111,0.602607,0.6
 18772,10.239327,0.610213,0.6
 18774,10.240559,0.616978,0.6
 18776,10.241801,0.622746,0.6
 18778,10.243054,0.627373,0.6
 18780,10.244314,0.630734,0.6
 18782,10.245579,0.632731,0.6
 18784,10.246845,0.633301,0.6
 18786,10.248111,0.632412,0.6
 18788,10.249372,0.630074,0.6
 18790,10.250628,0.626335,0.6
 18792,10.251872,0.621282,0.6
 18794,10.253105,0.615033,0.6
 18796,10.254324,0.607734,0.6
 18798,10.255527,0.599553,0.6
 18800,10.256713,0.590670,0.6
 18802,10.257880,0.581279,0.6
 18804,10.259027,0.571565,0.6
 18806,10.260156,0.561711,0.6
 18808,10.261265,0.551889,0.6
 18810,10.262355,0.542251,0.6
 18812,10.263426,0.532937,0.6
 18814,10.264479,0.524074,0.6
 18816,10.265514,0.515757,0.6
 18818,10.266535,0.508081,0.6
 18820,10.267540,0.501110,0.6
 18822,10.268533,0.494897,0.6
 18824,10.269514,0.489484,0.6
 18826,10.270486,0.484899,0.6
 18828,10.271450,0.481164,0.6
 18830,10.272408,0.478291,0.6
 18832,10.273361,0.476286,0.6
 18834,10.274312,0.475150,0.6
 18836,10.275262,0.474881,0.6
 18838,10.276213,0.475471,0.6
 18840,10.277165,0.476910,0.6
 18842,10.278122,0.479184,0.6
 18844,10.279085,0.482276,0.6
 18846,10.280056,0.486168,0.6
 18848,10.281035,0.490834,0.6
 18850,10.282024,0.496242,0.6
 18852,10.283026,0.502354,0.6
 18854,10.284040,0.509127,0.6
 18856,10.285070,0.516517,0.6
 18858,10.286116,0.524459,0.6
 18860,10.287177,0.532876,0.6
 18862,10.288256,0.541685,0.6
 18864,10.289353,0.550791,0.6
 18866,10.290468,0.560085,0.6
 18868,10.291602,0.569440,0.6
 18870,10.292755,0.578720,0.6
 18872,10.293926,0.587775,0.6
 18874,10.295115,0.596447,0.6
 18876,10.296320,0.604573,0.6
 18878,10.297541,0.611982,0.6
 18880,10.298775,0.618515,0.6
 18882,10.300020,0.624014,0.6
 18884,10.301275,0.628338,0.6
 18886,10.302537,0.631369,0.6
 18888,10.303802,0.633018,0.6
 18890,10.305069,0.633228,0.6
 18892,10.306334,0.631976,0.6
 18894,10.307594,0.629285,0.6
 18896,10.308847,0.625211,0.6
 18898,10.310090,0.619845,0.6
 18900,10.311320,0.613316,0.6
 18902,10.312535,0.605779,0.6
 18904,10.313734,0.597405,0.6
 18906,10.314916,0.588379,0.6
 18908,10.316078,0.578888,0.6
 18910,10.317222,0.569119,0.6
 18912,10.318345,0.559255,0.6
 18914,10.319448,0.549464,0.6
 18916,10.320533,0.539898,0.6
 18918,10.321598,0.530691,0.6
 18920,10.322646,0.521958,0.6
 18922,10.323678,0.513798,0.6
 18924,10.324695,0.506293,0.6
 18926,10.325697,0.499506,0.6
 18928,10.326687,0.493489,0.6
 18930,10.327666,0.488279,0.6
 18932,10.328636,0.483903,0.6
 18934,10.329598,0.480381,0.6
 18936,10.330555,0.477723,0.6
 18938,10.331508,0.475934,0.6
 18940,10.332458,0.475014,0.6
 18942,10.333407,0.474958,0.6
 18944,10.334358,0.475760,0.6
 18946,10.335313,0.477408,0.6
 18948,10.336271,0.479888,0.6
 18950,10.337236,0.483183,0.6
 18952,10.338209,0.487271,0.6
 18954,10.339190,0.492126,0.6
 18956,10.340183,0.497713,0.6
 18958,10.341187,0.503996,0.6
 18960,10.342206,0.510929,0.6
 18962,10.343240,0.518464,0.6
 18964,10.344289,0.526532,0.6
 18966,10.345355,0.535057,0.6
 18968,10.346438,0.543953,0.6
 18970,10.347540,0.553118,0.6
 18972,10.348660,0.562441,0.6
 18974,10.349800,0.571788,0.6
 18976,10.350957,0.581030,0.6
 18978,10.352133,0.590005,0.6
 18980,10.353326,0.598557,0.6
 18982,10.354535,0.606519,0.6
 18984,10.355760,0.613725,0.6
 18986,10.356997,0.620012,0.6
 18988,10.358245,0.625228,0.6
 18990,10.359502,0.629237,0.6
 18992,10.360765,0.631928,0.6
 18994,10.362030,0.633219,0.6
 18996,10.363297,0.633062,0.6
 18998,10.364560,0.631446,0.6
 19000,10.365819,0.628401,0.6
 19002,10.367069,0.623993,0.6
 19004,10.368308,0.618324,0.6
 19006,10.369534,0.611531,0.6
 19008,10.370746,0.603770,0.6
 19010,10.371941,0.595217,0.6
 19012,10.373117,0.586057,0.6
 19014,10.374275,0.576477,0.6
 19016,10.375413,0.566668,0.6
 19018,10.376532,0.556811,0.6
 19020,10.377631,0.547060,0.6
 19022,10.378712,0.537568,0.6
 19024,10.379773,0.528465,0.6
 19026,10.380817,0.519865,0.6
 19028,10.381845,0.511862,0.6
 19030,10.382858,0.504528,0.6
 19032,10.383857,0.497930,0.6
 19034,10.384844,0.492112,0.6
 19036,10.385820,0.487111,0.6
 19038,10.386787,0.482948,0.6
 19040,10.387749,0.479643,0.6
 19042,10.388704,0.477203,0.6
 19044,10.389656,0.475632,0.6
 19046,10.390606,0.474930,0.6
 19048,10.391556,0.475091,0.6
 19050,10.392508,0.476107,0.6
 19052,10.393462,0.477965,0.6
 19054,10.394422,0.480651,0.6
 19056,10.395389,0.484147,0.6
 19058,10.396363,0.488428,0.6
 19060,10.397347,0.493469,0.6
 19062,10.398342,0.499234,0.6
 19064,10.399350,0.505683,0.6
 19066,10.400373,0.512771,0.6
 19068,10.401410,0.520445,0.6
 19070,10.402463,0.528633,0.6
 19072,10.403533,0.537259,0.6
 19074,10.404621,0.546228,0.6
 19076,10.405727,0.555443,0.6
 19078,10.406852,0.564783,0.6
 19080,10.407995,0.574118,0.6
 19082,10.409158,0.583305,0.6
 19084,10.410337,0.592189,0.6
 19086,10.411534,0.600610,0.6
 19088,10.412747,0.608398,0.6
 19090,10.413975,0.615390,0.6
 19092,10.415215,0.621424,0.6
 19094,10.416466,0.626352,0.6
 19096,10.417725,0.630043,0.6
 19098,10.418988,0.632393,0.6
 19100,10.420255,0.633327,0.6
 19102,10.421521,0.632807,0.6
 19104,10.422784,0.630830,0.6
 19106,10.424041,0.627437,0.6
 19108,10.425289,0.622702,0.6
 19110,10.426526,0.616739,0.6
 19112,10.427749,0.609684,0.6
 19114,10.428956,0.601707,0.6
 19116,10.430146,0.592985,0.6
 19118,10.431318,0.583701,0.6
 19120,10.432471,0.574049,0.6
 19122,10.433605,0.564213,0.6
 19124,10.434718,0.554364,0.6
 19126,10.435812,0.544667,0.6
 19128,10.436887,0.535264,0.6
 19130,10.437943,0.526283,0.6
 19132,10.438983,0.517826,0.6
 19134,10.440007,0.509985,0.6
 19136,10.441016,0.502831,0.6
 19138,10.442013,0.496423,0.6
 19140,10.442997,0.490805,0.6
 19142,10.443972,0.486008,0.6
 19144,10.444937,0.482057,0.6
 19146,10.445896,0.478965,0.6
 19148,10.446851,0.476742,0.6
 19150,10.447802,0.475387,0.6
 19152,10.448751,0.474900,0.6
 19154,10.449701,0.475275,0.6
 19156,10.450654,0.476501,0.6
 19158,10.451611,0.478567,0.6
 19160,10.452572,0.481457,0.6
 19162,10.453541,0.485151,0.6
 19164,10.454517,0.489624,0.6
 19166,10.455504,0.494849,0.6
 19168,10.456503,0.500792,0.6
 19170,10.457515,0.507409,0.6
 19172,10.458541,0.514651,0.6
 19174,10.459582,0.522462,0.6
 19176,10.460640,0.530768,0.6
 19178,10.461715,0.539492,0.6
 19180,10.462807,0.548537,0.6
 19182,10.463918,0.557795,0.6
 19184,10.465048,0.567147,0.6
 19186,10.466196,0.576461,0.6
 19188,10.467362,0.585587,0.6
 19190,10.468547,0.594370,0.6
 19192,10.469748,0.602649,0.6
 19194,10.470965,0.610253,0.6
 19196,10.472197,0.617019,0.6
 19198,10.473439,0.622788,0.6
 19200,10.474692,0.627416,0.6
 19202,10.475952,0.630777,0.6
 19204,10.477218,0.632775,0.6
 19206,10.478484,0.633344,0.6
 19208,10.479750,0.632455,0.6
 19210,10.481011,0.630116,0.6
 19212,10.482266,0.626377,0.6
 19214,10.483512,0.621322,0.6
 19216,10.484745,0.615070,0.6
 19218,10.485964,0.607768,0.6
 19220,10.487167,0.599585,0.6
 19222,10.488353,0.590701,0.6
 19224,10.489521,0.581309,0.6
 19226,10.490668,0.571590,0.6
 19228,10.491796,0.561736,0.6
 19230,10.492906,0.551909,0.6
 19232,10.493996,0.542272,0.6
 19234,10.495067,0.532961,0.6
 19236,10.496119,0.524098,0.6
 19238,10.497155,0.515785,0.6
 19240,10.498176,0.508110,0.6
 19242,10.499181,0.501138,0.6
 19244,10.500174,0.494926,0.6
 19246,10.501155,0.489515,0.6
 19248,10.502127,0.484932,0.6
 19250,10.503091,0.481200,0.6
 19252,10.504049,0.478328,0.6
 19254,10.505002,0.476325,0.6
 19256,10.505953,0.475192,0.6
 19258,10.506903,0.474925,0.6
 19260,10.507854,0.475517,0.6
 19262,10.508806,0.476959,0.6
 19264,10.509764,0.479235,0.6
 19266,10.510727,0.482331,0.6
 19268,10.511698,0.486226,0.6
 19270,10.512677,0.490897,0.6
 19272,10.513666,0.496307,0.6
 19274,10.514668,0.502423,0.6
 19276,10.515683,0.509203,0.6
 19278,10.516713,0.516595,0.6
 19280,10.517758,0.524537,0.6
 19282,10.518820,0.532956,0.6
 19284,10.519898,0.541767,0.6
 19286,10.520996,0.550874,0.6
 19288,10.522111,0.560170,0.6
 19290,10.523245,0.569522,0.6
 19292,10.524398,0.578800,0.6
 19294,10.525569,0.587854,0.6
 19296,10.526758,0.596524,0.6
 19298,10.527964,0.604649,0.6
 19300,10.529184,0.612057,0.6
 19302,10.530418,0.618586,0.6
 19304,10.531664,0.624080,0.6
 19306,10.532919,0.628398,0.6
 19308,10.534181,0.631424,0.6
 19310,10.535446,0.633066,0.6
 19312,10.536713,0.633269,0.6
 19314,10.537978,0.632012,0.6
 19316,10.539238,0.629313,0.6
 19318,10.540491,0.625233,0.6
 19320,10.541734,0.619861,0.6
 19322,10.542964,0.613330,0.6
 19324,10.544179,0.605789,0.6
 19326,10.545378,0.597411,0.6
 19328,10.546559,0.588380,0.6
 19330,10.547722,0.578888,0.6
 19332,10.548865,0.569120,0.6
 19334,10.549989,0.559253,0.6
 19336,10.551092,0.549461,0.6
 19338,10.552176,0.539896,0.6
 19340,10.553242,0.530690,0.6
 19342,10.554290,0.521960,0.6
 19344,10.555322,0.513805,0.6
 19346,10.556338,0.506302,0.6
 19348,10.557341,0.499518,0.6
 19350,10.558331,0.493503,0.6
 19352,10.559310,0.488296,0.6
 19354,10.560280,0.483925,0.6
 19356,10.561242,0.480407,0.6
 19358,10.562199,0.477754,0.6
 19360,10.563151,0.475970,0.6
 19362,10.564101,0.475055,0.6
 19364,10.565051,0.475004,0.6
 19366,10.566002,0.475811,0.6
 19368,10.566957,0.477464,0.6
 19370,10.567915,0.479949,0.6
 19372,10.568880,0.483249,0.6
 19374,10.569853,0.487341,0.6
 19376,10.570834,0.492198,0.6
 19378,10.571827,0.497791,0.6
 19380,10.572832,0.504078,0.6
 19382,10.573851,0.511018,0.6
 19384,10.574884,0.518554,0.6
 19386,10.575933,0.526626,0.6
 19388,10.577000,0.535152,0.6
 19390,10.578083,0.544050,0.6
 19392,10.579185,0.553214,0.6
 19394,10.580305,0.562537,0.6
 19396,10.581445,0.571887,0.6
 19398,10.582603,0.581125,0.6
 19400,10.583778,0.590100,0.6
 19402,10.584971,0.598650,0.6
 19404,10.586181,0.606610,0.6
 19406,10.587405,0.613810,0.6
 19408,10.588642,0.620092,0.6
 19410,10.589890,0.625300,0.6
 19412,10.591147,0.629301,0.6
 19414,10.592410,0.631984,0.6
 19416,10.593677,0.633266,0.6
 19418,10.594943,0.633099,0.6
 19420,10.596207,0.631475,0.6
 19422,10.597466,0.628420,0.6
 19424,10.598716,0.624002,0.6
 19426,10.599955,0.618325,0.6
 19428,10.601181,0.611525,0.6
 19430,10.602392,0.603759,0.6
 19432,10.603587,0.595200,0.6
 19434,10.604764,0.586035,0.6
 19436,10.605922,0.576451,0.6
 19438,10.607059,0.566645,0.6
 19440,10.608178,0.556784,0.6
 19442,10.609278,0.547035,0.6
 19444,10.610358,0.537544,0.6
 19446,10.611420,0.528442,0.6
 19448,10.612464,0.519844,0.6
 19450,10.613492,0.511843,0.6
 19452,10.614505,0.504515,0.6
 19454,10.615503,0.497921,0.6
 19456,10.616490,0.492110,0.6
 19458,10.617467,0.487115,0.6
 19460,10.618434,0.482960,0.6
 19462,10.619395,0.479662,0.6
 19464,10.620351,0.477229,0.6
 19466,10.621303,0.475666,0.6
 19468,10.622252,0.474971,0.6
 19470,10.623202,0.475140,0.6
 19472,10.624154,0.476163,0.6
 19474,10.625109,0.478029,0.6
 19476,10.626069,0.480722,0.6
 19478,10.627036,0.484225,0.6
 19480,10.628011,0.488516,0.6
 19482,10.628996,0.493563,0.6
 19484,10.629992,0.499338,0.6
 19486,10.631000,0.505796,0.6
 19488,10.632022,0.512894,0.6
 19490,10.633060,0.520574,0.6
 19492,10.634112,0.528769,0.6
 19494,10.635183,0.537396,0.6
 19496,10.636271,0.546372,0.6
 19498,10.637379,0.555593,0.6
 19500,10.638503,0.564934,0.6
 19502,10.639647,0.574268,0.6
 19504,10.640809,0.583452,0.6
 19506,10.641990,0.592335,0.6
 19508,10.643188,0.600751,0.6
 19510,10.644401,0.608532,0.6
 19512,10.645628,0.615514,0.6
 19514,10.646869,0.621535,0.6
 19516,10.648119,0.626448,0.6
 19518,10.649378,0.630123,0.6
 19520,10.650641,0.632456,0.6
 19522,10.651908,0.633373,0.6
 19524,10.653174,0.632835,0.6
 19526,10.654437,0.630842,0.6
 19528,10.655694,0.627434,0.6
 19530,10.656942,0.622684,0.6
 19532,10.658179,0.616707,0.6
 19534,10.659402,0.609639,0.6
 19536,10.660609,0.601649,0.6
 19538,10.661799,0.592916,0.6
 19540,10.662971,0.583626,0.6
 19542,10.664124,0.573969,0.6
 19544,10.665258,0.564129,0.6
 19546,10.666371,0.554280,0.6
 19548,10.667465,0.544585,0.6
 19550,10.668540,0.535186,0.6
 19552,10.669597,0.526206,0.6
 19554,10.670636,0.517755,0.6
 19556,10.671660,0.509921,0.6
 19558,10.672669,0.502777,0.6
 19560,10.673665,0.496378,0.6
 19562,10.674649,0.490772,0.6
 19564,10.675624,0.485988,0.6
 19566,10.676589,0.482049,0.6
 19568,10.677548,0.478970,0.6
 19570,10.678503,0.476759,0.6
 19572,10.679455,0.475418,0.6
 19574,10.680405,0.474944,0.6
 19576,10.681355,0.475332,0.6
 19578,10.682307,0.476571,0.6
 19580,10.683264,0.478650,0.6
 19582,10.684225,0.481553,0.6
 19584,10.685194,0.485258,0.6
 19586,10.686172,0.489747,0.6
 19588,10.687159,0.494984,0.6
 19590,10.688157,0.500936,0.6
 19592,10.689169,0.507562,0.6
 19594,10.690195,0.514813,0.6
 19596,10.691236,0.522633,0.6
 19598,10.692294,0.530947,0.6
 19600,10.693369,0.539671,0.6
 19602,10.694462,0.548721,0.6
 19604,10.695573,0.557983,0.6
 19606,10.696703,0.567334,0.6
 19608,10.697852,0.576647,0.6
 19610,10.699018,0.585771,0.6
 19612,10.700203,0.594546,0.6
 19614,10.701405,0.602814,0.6
 19616,10.702621,0.610405,0.6
 19618,10.703853,0.617156,0.6
 19620,10.705095,0.622909,0.6
 19622,10.706348,0.627518,0.6
 19624,10.707609,0.630860,0.6
 19626,10.708875,0.632837,0.6
 19628,10.710141,0.633384,0.6
 19630,10.711407,0.632474,0.6
 19632,10.712668,0.630115,0.6
 19634,10.713923,0.626355,0.6
 19636,10.715168,0.621279,0.6
 19638,10.716401,0.615013,0.6
 19640,10.717620,0.607697,0.6
 19642,10.718823,0.599502,0.6
 19644,10.720009,0.590607,0.6
 19646,10.721175,0.581206,0.6
 19648,10.722322,0.571489,0.6
 19650,10.723451,0.561638,0.6
 19652,10.724560,0.551816,0.6
 19654,10.725650,0.542179,0.6
 19656,10.726721,0.532870,0.6
 19658,10.727773,0.524011,0.6
 19660,10.728808,0.515711,0.6
 19662,10.729829,0.508044,0.6
 19664,10.730834,0.501084,0.6
 19666,10.731827,0.494884,0.6
 19668,10.732808,0.489484,0.6
 19670,10.733780,0.484914,0.6
 19672,10.734744,0.481193,0.6
 19674,10.735703,0.478335,0.6
 19676,10.736655,0.476345,0.6
 19678,10.737606,0.475225,0.6
 19680,10.738556,0.474972,0.6
 19682,10.739507,0.475577,0.6
 19684,10.740459,0.477032,0.6
 19686,10.741417,0.479322,0.6
 19688,10.742380,0.482431,0.6
 19690,10.743351,0.486339,0.6
 19692,10.744330,0.491018,0.6
 19694,10.745321,0.496442,0.6
 19696,10.746324,0.502572,0.6
 19698,10.747338,0.509364,0.6
 19700,10.748368,0.516764,0.6
 19702,10.749413,0.524713,0.6
 19704,10.750476,0.533139,0.6
 19706,10.751555,0.541960,0.6
 19708,10.752653,0.551073,0.6
 19710,10.753770,0.560370,0.6
 19712,10.754904,0.569729,0.6
 19714,10.756057,0.579003,0.6
 19716,10.757229,0.588054,0.6
 19718,10.758418,0.596719,0.6
 19720,10.759624,0.604832,0.6
 19722,10.760844,0.612226,0.6
 19724,10.762079,0.618738,0.6
 19726,10.763326,0.624212,0.6
 19728,10.764581,0.628508,0.6
 19730,10.765842,0.631510,0.6
 19732,10.767108,0.633126,0.6
 19734,10.768374,0.633302,0.6
 19736,10.769640,0.632019,0.6
 19738,10.770900,0.629295,0.6
 19740,10.772153,0.625189,0.6
 19742,10.773396,0.619794,0.6
 19744,10.774626,0.613240,0.6
 19746,10.775841,0.605679,0.6
 19748,10.777040,0.597285,0.6
 19750,10.778221,0.588241,0.6
 19752,10.779384,0.578739,0.6
 19754,10.780527,0.568965,0.6
 19756,10.781650,0.559097,0.6
 19758,10.782753,0.549307,0.6
 19760,10.783837,0.539745,0.6
 19762,10.784903,0.530544,0.6
 19764,10.785951,0.521826,0.6
 19766,10.786983,0.513682,0.6
 19768,10.787999,0.506192,0.6
 19770,10.789001,0.499422,0.6
 19772,10.789990,0.493423,0.6
 19774,10.790970,0.488234,0.6
 19776,10.791940,0.483880,0.6
 19778,10.792902,0.480382,0.6
 19780,10.793859,0.477748,0.6
 19782,10.794811,0.475984,0.6
 19784,10.795762,0.475088,0.6
 19786,10.796712,0.475058,0.6
 19788,10.797663,0.475884,0.6
 19790,10.798617,0.477557,0.6
 19792,10.799576,0.480062,0.6
 19794,10.800541,0.483381,0.6
 19796,10.801514,0.487491,0.6
 19798,10.802496,0.492367,0.6
 19800,10.803489,0.497976,0.6
 19802,10.804494,0.504279,0.6
 19804,10.805512,0.511232,0.6
 19806,10.806546,0.518780,0.6
 19808,10.807595,0.526861,0.6
 19810,10.808661,0.535394,0.6
 19812,10.809746,0.544296,0.6
 19814,10.810848,0.553468,0.6
 19816,10.811969,0.562793,0.6
 19818,10.813108,0.572141,0.6
 19820,10.814267,0.581376,0.6
 19822,10.815443,0.590343,0.6
 19824,10.816637,0.598882,0.6
 19826,10.817846,0.606826,0.6
 19828,10.819071,0.614008,0.6
 19830,10.820308,0.620265,0.6
 19832,10.821556,0.625447,0.6
 19834,10.822813,0.629419,0.6
 19836,10.824077,0.632071,0.6
 19838,10.825343,0.633321,0.6
 19840,10.826610,0.633122,0.6
 19842,10.827873,0.631465,0.6
 19844,10.829132,0.628379,0.6
 19846,10.830382,0.623931,0.6
 19848,10.831621,0.618229,0.6
 19850,10.832848,0.611404,0.6
 19852,10.834059,0.603615,0.6
 19854,10.835254,0.595037,0.6
 19856,10.836430,0.585857,0.6
 19858,10.837586,0.576267,0.6
 19860,10.838724,0.566456,0.6
 19862,10.839843,0.556596,0.6
 19864,10.840940,0.546852,0.6
 19866,10.842019,0.537373,0.6
 19868,10.843081,0.528288,0.6
 19870,10.844124,0.519707,0.6
 19872,10.845152,0.511722,0.6
 19874,10.846165,0.504409,0.6
 19876,10.847163,0.497833,0.6
 19878,10.848150,0.492037,0.6
 19880,10.849127,0.487059,0.6
 19882,10.850094,0.482922,0.6
 19884,10.851055,0.479642,0.6
 19886,10.852011,0.477228,0.6
 19888,10.852962,0.475685,0.6
 19890,10.853912,0.475010,0.6
 19892,10.854862,0.475197,0.6
 19894,10.855814,0.476240,0.6
 19896,10.856769,0.478126,0.6
 19898,10.857729,0.480838,0.6
 19900,10.858696,0.484359,0.6
 19902,10.859671,0.488663,0.6
 19904,10.860656,0.493726,0.6
 19906,10.861652,0.499516,0.6
 19908,10.862661,0.505992,0.6
 19910,10.863684,0.513106,0.6
 19912,10.864721,0.520798,0.6
 19914,10.865775,0.529002,0.6
 19916,10.866846,0.537641,0.6
 19918,10.867934,0.546622,0.6
 19920,10.869041,0.555842,0.6
 19922,10.870168,0.565187,0.6
 19924,10.871312,0.574525,0.6
 19926,10.872475,0.583706,0.6
 19928,10.873655,0.592579,0.6
 19930,10.874853,0.600981,0.6
 19932,10.876066,0.608746,0.6
 19934,10.877295,0.615707,0.6
 19936,10.878535,0.621705,0.6
 19938,10.879786,0.626591,0.6
 19940,10.881045,0.630237,0.6
 19942,10.882309,0.632538,0.6
 19944,10.883575,0.633420,0.6
 19946,10.884842,0.632849,0.6
 19948,10.886105,0.630822,0.6
 19950,10.887362,0.627380,0.6
 19952,10.888610,0.622602,0.6
 19954,10.889847,0.616595,0.6
 19956,10.891069,0.609503,0.6
 19958,10.892277,0.601490,0.6
 19960,10.893467,0.592742,0.6
 19962,10.894639,0.583437,0.6
 19964,10.895792,0.573769,0.6
 19966,10.896924,0.563923,0.6
 19968,10.898037,0.554078,0.6
 19970,10.899131,0.544388,0.6
 19972,10.900206,0.534996,0.6
 19974,10.901262,0.526027,0.6
 19976,10.902302,0.517591,0.6
 19978,10.903326,0.509771,0.6
 19980,10.904335,0.502642,0.6
 19982,10.905331,0.496262,0.6
 19984,10.906315,0.490675,0.6
 19986,10.907290,0.485912,0.6
 19988,10.908255,0.481996,0.6
 19990,10.909214,0.478941,0.6
 19992,10.910169,0.476753,0.6
 19994,10.911120,0.475436,0.6
 19996,10.912070,0.474987,0.6
 19998,10.913020,0.475400,0.6
